Accession,Gene Name,Description,Unique peptides,Average(ADCY7),Average(NC),log2FoldChange,FoldChange,Regulation,p-value,q-value
O15467,CCL16,C-C motif chemokine 16,1,3.564783,9.154398,-5.589615,0.0207662568237495,Down,4.13028944305931e-06,0.027297082929179
Q9BQE4,SELENOS,Selenoprotein S,1,11.6157195,3.479408,8.1363115,281.367424686622,Up,1.23999099569058e-05,0.0409755024525953
Q9H788,SH2D4A,SH2 domain-containing protein 4A,10,14.401155,14.207275,0.19388,1.14383582765739,Up,0.000100463893421002,0.17059238450106
P21796,VDAC1,Non-selective voltage-gated ion channel VDAC1,11,16.22914,16.704745,-0.475605,0.719165141950411,Down,0.000103248530489369,0.17059238450106
Q8N370,SLC43A2,Large neutral amino acids transporter small subunit 4,1,3.564783,11.4370375,-7.8722545,0.00426791009218638,Down,0.000160652931332244,0.195230709263597
O95376,ARIH2,E3 ubiquitin-protein ligase ARIH2,1,3.564783,12.525983,-8.9612,0.00200636527572006,Down,0.000177240771006443,0.195230709263597
Q96SB3,PPP1R9B,Neurabin-2,14,16.92052,16.67625,0.244269999999997,1.18449326871726,Up,0.000219009376899029,0.206776138846526
P30041,PRDX6,Peroxiredoxin-6,14,15.10807,15.883185,-0.775115,0.584342043394537,Down,0.000326382691160198,0.269632900734719
Q6PJ21,SPSB3,SPRY domain-containing SOCS box protein 3,2,3.564783,10.8383755,-7.2735925,0.00646294531539502,Down,0.000400748730816139,0.273151565651342
Q9H1B5,XYLT2,Xylosyltransferase 2,1,12.4773595,3.479408,8.9979515,511.273520946539,Up,0.000413302414361237,0.273151565651342
Q4G176,ACSF3,"Malonate--CoA ligase ACSF3, mitochondrial",11,11.52957,11.787015,-0.257445,0.836568163018761,Down,0.000615180291706511,0.347099087525046
Q13263,TRIM28,Transcription intermediary factor 1-beta,18,18.51459,18.24249,0.272099999999998,1.20756429056401,Up,0.000653518057233916,0.347099087525046
P06733,ENO1,Alpha-enolase,19,17.299485,18.0489,-0.749415,0.594844712842196,Down,0.000719596155711735,0.347099087525046
Q15417,CNN3,Calponin-3,11,15.52647,16.1341,-0.60763,0.656273916648489,Down,0.000812397805782514,0.347099087525046
Q96R72,OR4K3,Olfactory receptor 4K3,1,13.476216,3.479408,9.996808,1021.73687811145,Up,0.000891566659953476,0.347099087525046
Q9NR09,BIRC6,Dual E2 ubiquitin-conjugating enzyme/E3 ubiquitin-protein ligase BIRC6,2,3.564783,12.820111,-9.255328,0.00163632155867581,Down,0.000893528779513468,0.347099087525046
Q13144,EIF2B5,Translation initiation factor eIF2B subunit epsilon,5,11.24148,11.70168,-0.4602,0.726885483950388,Down,0.000907336425073638,0.347099087525046
P09211,GSTP1,Glutathione S-transferase P,10,14.611865,15.168145,-0.55628,0.680053427801676,Down,0.000949848559913225,0.347099087525046
Q8ND82,ZNF280C,Zinc finger protein 280C,5,11.193505,10.773545,0.41996,1.33789046007186,Up,0.0010040256196853,0.347099087525046
P53992,SEC24C,Protein transport protein Sec24C,23,14.085235,14.600715,-0.51548,0.699560142966368,Down,0.00120350512847035,0.347099087525046
O15243,LEPROT,Leptin receptor gene-related protein,1,11.0655645,3.479408,7.5861565,192.158968282246,Up,0.00122065337931905,0.347099087525046
P11766,ADH5,Alcohol dehydrogenase class-3,7,11.880915,12.73846,-0.857545,0.55189089901412,Down,0.00130482692637917,0.347099087525046
P35237,SERPINB6,Serpin B6,11,12.792065,13.653045,-0.86098,0.550578431633829,Down,0.00133809238649939,0.347099087525046
Q9H6X2,ANTXR1,Anthrax toxin receptor 1,10,15.734485,14.93785,0.796634999999998,1.73704484458003,Up,0.0014845765745087,0.347099087525046
O95486,SEC24A,Protein transport protein Sec24A,16,11.38502,12.09873,-0.71371,0.609750102223785,Down,0.00148781126214531,0.347099087525046
A8CG34,POM121C,Nuclear envelope pore membrane protein POM 121C,18,16.428285,16.713475,-0.28519,0.820633525928698,Down,0.00152745111742746,0.347099087525046
Q9Y3B7,MRPL11,Large ribosomal subunit protein uL11m,10,13.7368,13.315365,0.421434999999999,1.33925900817447,Up,0.00166699971521537,0.347099087525046
O96008,TOMM40,Mitochondrial import receptor subunit TOM40 homolog,10,13.50553,14.296785,-0.791255,0.577841209354273,Down,0.00169764012930311,0.347099087525046
P09923,ALPI,Intestinal-type alkaline phosphatase,15,16.575725,17.44486,-0.869135,0.547475003097896,Down,0.00179222357369415,0.347099087525046
P23919,DTYMK,Thymidylate kinase,6,11.934895,12.3466,-0.411705,0.7517344367869,Down,0.00181133379322643,0.347099087525046
Q9P000,COMMD9,COMM domain-containing protein 9,1,10.472059,3.479408,6.992651,127.349633724635,Up,0.00198022096520358,0.347099087525046
P35606,COPB2,Coatomer subunit beta',26,13.307015,13.66598,-0.358965,0.779723758598241,Down,0.00199678724958138,0.347099087525046
P12429,ANXA3,Annexin A3,16,12.39587,13.241955,-0.846085,0.556292283970479,Down,0.00202087336067911,0.347099087525046
Q8NBN7,RDH13,Retinol dehydrogenase 13,8,12.433055,12.10489,0.328164999999998,1.25541556405251,Up,0.00216659765037924,0.347099087525046
P14923,JUP,Junction plakoglobin,30,14.926045,15.16103,-0.234985,0.849693833535998,Down,0.00217850160023388,0.347099087525046
Q9GZR7,DDX24,ATP-dependent RNA helicase DDX24,28,16.9761,16.82911,0.146989999999999,1.10725690953763,Up,0.00229565330878321,0.347099087525046
P0DMU9,CT45A10,Cancer/testis antigen family 45 member A10,7,15.345075,14.802715,0.54236,1.45635291175099,Up,0.00235285747592632,0.347099087525046
P09382,LGALS1,Galectin-1,8,15.68376,16.17705,-0.49329,0.710403207183172,Down,0.00247480648680858,0.347099087525046
P00966,ASS1,Argininosuccinate synthase,15,15.56389,16.29619,-0.7323,0.601943506967141,Down,0.00252858627200472,0.347099087525046
P57081,WDR4,tRNA (guanine-N(7)-)-methyltransferase non-catalytic subunit WDR4,2,3.564783,13.717482,-10.152699,0.000878482398034967,Down,0.00260392727733644,0.347099087525046
P07355,ANXA2,Annexin A2,21,19.63859,19.49775,0.140840000000001,1.10254687992642,Up,0.00262332176945486,0.347099087525046
Q9BZF9,UACA,Uveal autoantigen with coiled-coil domains and ankyrin repeats,34,14.31122,13.937435,0.373785,1.29574785009069,Up,0.00267261245152205,0.347099087525046
Q6NZY4,ZCCHC8,Zinc finger CCHC domain-containing protein 8,21,15.988195,15.818915,0.169280000000001,1.12449714636892,Up,0.00274598287606946,0.347099087525046
P25705,ATP5F1A,"ATP synthase subunit alpha, mitochondrial",21,15.287915,15.38519,-0.097275,0.934796993995082,Down,0.00286716725825861,0.347099087525046
Q8N183,NDUFAF2,NADH dehydrogenase [ubiquinone] 1 alpha subcomplex assembly factor 2,9,13.927805,13.49726,0.430544999999999,1.347742611,Up,0.00287500868886157,0.347099087525046
Q96T37,RBM15,RNA-binding protein 15,38,15.61614,15.329465,0.286675000000002,1.21982568572931,Up,0.00290004927531576,0.347099087525046
Q15008,PSMD6,26S proteasome non-ATPase regulatory subunit 6,18,13.6124,13.190525,0.421874999999998,1.3396675240533,Up,0.00291439140910125,0.347099087525046
O95782,AP2A1,AP-2 complex subunit alpha-1,36,16.378615,16.554675,-0.17606,0.885116952834855,Down,0.002965161362859,0.347099087525046
P29992,GNA11,Guanine nucleotide-binding protein subunit alpha-11,7,11.603755,11.88088,-0.277125,0.825233904345757,Down,0.0029653452818061,0.347099087525046
Q9H3U1,UNC45A,Protein unc-45 homolog A,26,14.93461,15.07915,-0.14454,0.90466778282455,Down,0.00297124629346087,0.347099087525046
Q14865,ARID5B,AT-rich interactive domain-containing protein 5B,27,12.603575,13.40639,-0.802815,0.573229594659749,Down,0.00297326585884277,0.347099087525046
Q9UJS0,SLC25A13,"Electrogenic aspartate/glutamate antiporter SLC25A13, mitochondrial",20,13.823845,14.09119,-0.267345,0.830847152555737,Down,0.00303025185987923,0.347099087525046
O95470,SGPL1,Sphingosine-1-phosphate lyase 1,17,15.07071,14.842985,0.227725000000001,1.17098695171037,Up,0.0030586587988337,0.347099087525046
Q9Y3D5,MRPS18C,Small ribosomal subunit protein bS18m,1,12.443705,11.87305,0.570655000000002,1.48519771428141,Up,0.00306179805869798,0.347099087525046
P12956,XRCC6,X-ray repair cross-complementing protein 6,35,18.28815,18.187095,0.101055000000002,1.07255750525013,Up,0.0031292855353956,0.347099087525046
Q5T8P6,RBM26,RNA-binding protein 26,28,15.612975,15.35712,0.255854999999999,1.19404317213311,Up,0.00316424214484056,0.347099087525046
Q9UJT1,TUBD1,Tubulin delta chain,1,3.564783,10.796839,-7.232056,0.00665172389185245,Down,0.00323846022793789,0.347099087525046
P53618,COPB1,Coatomer subunit beta,34,13.08703,13.6096,-0.52257,0.696130649026543,Down,0.0032862620943017,0.347099087525046
Q96JJ3,ELMO2,Engulfment and cell motility protein 2,10,13.217515,13.717685,-0.50017,0.707023464153281,Down,0.00330516509451861,0.347099087525046
Q12996,CSTF3,Cleavage stimulation factor subunit 3,29,17.533435,17.33914,0.194295,1.14416490631613,Up,0.00332397992865369,0.347099087525046
Q96BR5,COA7,Cytochrome c oxidase assembly factor 7,2,11.330895,11.58733,-0.256435,0.837154031584048,Down,0.00333236402939618,0.347099087525046
Q8N0X4,CLYBL,"Citramalyl-CoA lyase, mitochondrial",7,13.28561,13.79698,-0.51137,0.701555915788626,Down,0.00335891832696414,0.347099087525046
P31150,GDI1,Rab GDP dissociation inhibitor alpha,5,12.2235,12.65454,-0.43104,0.741726901599043,Down,0.00337187661631182,0.347099087525046
Q15796,SMAD2,Mothers against decapentaplegic homolog 2,3,13.787295,13.08144,0.705855,1.63111104143655,Up,0.00341727529161222,0.347099087525046
Q08426,EHHADH,Peroxisomal bifunctional enzyme,32,14.28292,14.66423,-0.38131,0.76774014848092,Down,0.00345227444914368,0.347099087525046
P68036,UBE2L3,Ubiquitin-conjugating enzyme E2 L3,3,12.80265,13.555435,-0.752785,0.593456833118662,Down,0.00351394379712494,0.347099087525046
Q92576,PHF3,PHD finger protein 3,51,14.93176,14.773715,0.158045000000001,1.11577412458818,Up,0.00351878330521684,0.347099087525046
Q14684,RRP1B,Ribosomal RNA processing protein 1 homolog B,24,16.75377,16.491815,0.261955,1.19910251125417,Up,0.0036591916225161,0.35564113872366
A8MQ03,CYSRT1,Cysteine-rich tail protein 1,1,10.71411,11.26864,-0.55453,0.680878838268232,Down,0.0038091592082973,0.35590922719236
P23769,GATA2,Endothelial transcription factor GATA-2,9,12.78335,13.415275,-0.631925,0.64531479171354,Down,0.00389161779950676,0.35590922719236
Q8IVF2,AHNAK2,Protein AHNAK2,53,14.952575,13.940965,1.01161,2.01615981287415,Up,0.00393277017886907,0.35590922719236
Q15020,SART3,Squamous cell carcinoma antigen recognized by T-cells 3,32,15.87353,15.68535,0.188179999999999,1.13932551800342,Up,0.00404659735126752,0.35590922719236
Q9Y512,SAMM50,Sorting and assembly machinery component 50 homolog,15,13.6907,13.780175,-0.089475,0.939864705890605,Down,0.00410427625689034,0.35590922719236
Q9UIG0,BAZ1B,Tyrosine-protein kinase BAZ1B,49,16.42303,15.838565,0.584465000000002,1.49948282734306,Up,0.00410931480795837,0.35590922719236
Q9H6F5,CCDC86,Coiled-coil domain-containing protein 86,10,14.77335,14.29826,0.475090000000002,1.39000493015752,Up,0.00416681775963009,0.35590922719236
Q9NTJ3,SMC4,Structural maintenance of chromosomes protein 4,53,15.56713,15.50222,0.0649099999999976,1.0460196836536,Up,0.00420869690644734,0.35590922719236
Q96FF9,CDCA5,Sororin,6,13.276935,12.405025,0.87191,1.83008416610355,Up,0.00423147007331759,0.35590922719236
P50454,SERPINH1,Serpin H1,17,15.213915,14.792715,0.421199999999999,1.33904087459349,Up,0.00429505282671419,0.35590922719236
P61244,MAX,Protein max,4,14.107245,13.719195,0.38805,1.30862342410095,Up,0.00429703626583925,0.35590922719236
Q5T3I0,GPATCH4,G patch domain-containing protein 4,14,14.66906,14.271715,0.397345,1.31708184579393,Up,0.00436298383101044,0.35590922719236
Q9UN86,G3BP2,Ras GTPase-activating protein-binding protein 2,16,14.514675,14.080535,0.434139999999999,1.3511051902397,Up,0.00446492719167144,0.35590922719236
Q9H3F6,KCTD10,BTB/POZ domain-containing adapter for CUL3-mediated RhoA degradation protein 3,11,16.42963,15.892405,0.537224999999999,1.451178513,Up,0.00464524417164317,0.35590922719236
P14618,PKM,Pyruvate kinase PKM,32,15.319125,15.956525,-0.6374,0.642870475460481,Down,0.00476871102548373,0.35590922719236
P39880,CUX1,Homeobox protein cut-like 1,44,14.334125,14.07009,0.264035,1.20083255951144,Up,0.00486248317598027,0.35590922719236
P08240,SRPRA,Signal recognition particle receptor subunit alpha,27,14.582455,14.18422,0.398235,1.31789460555981,Up,0.00505964331008475,0.35590922719236
P00558,PGK1,Phosphoglycerate kinase 1,19,16.65699,17.171455,-0.514465,0.700052487752105,Down,0.00510041374023909,0.35590922719236
Q6P1K2,PMF1,Polyamine-modulated factor 1,11,13.472675,13.08549,0.387184999999999,1.30783904489961,Up,0.00511989766550424,0.35590922719236
Q96AQ8,MCUR1,Mitochondrial calcium uniporter regulator 1,2,12.522507,3.479408,9.043099,527.526222689547,Up,0.00521862973531057,0.35590922719236
O43290,SART1,U4/U6.U5 tri-snRNP-associated protein 1,36,16.929645,16.54752,0.382125000000002,1.30326006335141,Up,0.00536024664411957,0.35590922719236
Q15382,RHEB,GTP-binding protein Rheb,5,12.08838,12.637845,-0.549465,0.683273462256465,Down,0.00550926055966121,0.35590922719236
Q6I9Y2,THOC7,THO complex subunit 7,12,15.14126,14.96414,0.17712,1.13062460592452,Up,0.00551317464036662,0.35590922719236
Q9ULJ7,ANKRD50,Ankyrin repeat domain-containing protein 50,1,3.564783,12.188076,-8.623293,0.00253588844968389,Down,0.00557552749331551,0.35590922719236
Q13283,G3BP1,Ras GTPase-activating protein-binding protein 1,18,17.450825,17.17735,0.273475000000001,1.20871574138982,Up,0.00564422190474742,0.35590922719236
P60900,PSMA6,Proteasome subunit alpha type-6,10,16.023915,15.70369,0.320225000000002,1.24852525136402,Up,0.0056991538598733,0.35590922719236
P08195,SLC3A2,Amino acid transporter heavy chain SLC3A2,19,16.037135,15.9326,0.104534999999998,1.07514780002018,Up,0.00576136690148583,0.35590922719236
Q9NQW7,XPNPEP1,Xaa-Pro aminopeptidase 1,11,11.269335,12.12857,-0.859235,0.551244782185822,Down,0.00588288500602663,0.35590922719236
Q9Y6K5,OAS3,2'-5'-oligoadenylate synthase 3,30,14.72441,14.914605,-0.190195,0.876487244050209,Down,0.00588496018103357,0.35590922719236
P36507,MAP2K2,Dual specificity mitogen-activated protein kinase kinase 2,10,14.37498,14.82424,-0.44926,0.732418430230808,Down,0.00591624338965598,0.35590922719236
Q07002,CDK18,Cyclin-dependent kinase 18,2,3.564783,14.2132825,-10.6484995,0.000622991672762183,Down,0.0059669982092166,0.35590922719236
Q712K3,UBE2R2,Ubiquitin-conjugating enzyme E2 R2,1,3.564783,10.8443975,-7.2796145,0.00643602435138387,Down,0.00614211553632484,0.35590922719236
O95983,MBD3,Methyl-CpG-binding domain protein 3,11,14.577555,14.36012,0.217435,1.16266462017333,Up,0.00617831563238065,0.35590922719236
P05186,ALPL,"Alkaline phosphatase, tissue-nonspecific isozyme",19,17.144145,17.731485,-0.58734,0.665568933475662,Down,0.00620984309126369,0.35590922719236
Q16526,CRY1,Cryptochrome-1,3,11.658085,10.261545,1.39654,2.63269428175474,Up,0.00625498016547943,0.35590922719236
Q6UXV4,APOOL,MICOS complex subunit MIC27,7,13.970315,13.56216,0.408154999999999,1.32698770159532,Up,0.0062552490549707,0.35590922719236
O75691,UTP20,Small subunit processome component 20 homolog,82,15.842425,15.44128,0.401145,1.32055555855293,Up,0.00638995333395096,0.35590922719236
Q68DI1,ZNF776,Zinc finger protein 776,3,12.53098,11.84656,0.684419999999999,1.60705577441535,Up,0.00644689039171893,0.35590922719236
P49411,TUFM,"Elongation factor Tu, mitochondrial",24,15.481425,15.697935,-0.21651,0.860644892230903,Down,0.00647890290710641,0.35590922719236
Q9UMX5,NENF,Neudesin,2,11.257435,11.67746,-0.420025,0.747411672547913,Down,0.0065396025317293,0.35590922719236
Q09028,RBBP4,Histone-binding protein RBBP4,5,17.946295,17.762545,0.18375,1.13583242297174,Up,0.00657467244168008,0.35590922719236
P18621,RPL17,Large ribosomal subunit protein uL22,6,16.010475,16.13837,-0.127895,0.915165771884497,Down,0.00657495140965117,0.35590922719236
P50416,CPT1A,"Carnitine O-palmitoyltransferase 1, liver isoform",29,15.728115,15.406115,0.321999999999999,1.25006230258521,Up,0.00661559539422367,0.35590922719236
Q9P0J1,PDP1,"[Pyruvate dehydrogenase [acetyl-transferring]]-phosphatase 1, mitochondrial",1,11.266965,10.63607,0.630894999999999,1.54852534922719,Up,0.00666293829158235,0.35590922719236
Q9UNX4,WDR3,WD repeat-containing protein 3,29,14.88996,14.650585,0.239375000000001,1.18048114615263,Up,0.00666438833064099,0.35590922719236
Q8IWI9,MGA,MAX gene-associated protein,44,15.28702,15.068815,0.218204999999999,1.16328532703308,Up,0.00674713322138159,0.35590922719236
P24752,ACAT1,"Acetyl-CoA acetyltransferase, mitochondrial",18,16.8778,17.017535,-0.139735,0.907685867378973,Down,0.00674780046002433,0.35590922719236
Q13033,STRN3,Striatin-3,16,13.71059,14.143875,-0.433285,0.740573586508199,Down,0.00675340880540023,0.35590922719236
P42224,STAT1,Signal transducer and activator of transcription 1-alpha/beta,16,12.94044,13.15683,-0.21639,0.860716481637844,Down,0.00679971392412463,0.35590922719236
O43865,AHCYL1,S-adenosylhomocysteine hydrolase-like protein 1,11,13.37281,13.897395,-0.524585,0.69515904788975,Down,0.00683047526419516,0.35590922719236
O60343,TBC1D4,TBC1 domain family member 4,14,10.788175,11.147875,-0.3597,0.779326619226982,Down,0.00684125536935025,0.35590922719236
Q96SI9,STRBP,Spermatid perinuclear RNA-binding protein,37,17.9322,17.664175,0.268025000000002,1.20415824752298,Up,0.00691054583830154,0.35590922719236
Q9H0L4,CSTF2T,Cleavage stimulation factor subunit 2 tau variant,22,17.23629,17.051215,0.185075000000001,1.13687607338318,Up,0.00692147418233095,0.35590922719236
Q14192,FHL2,Four and a half LIM domains protein 2,12,14.79253,14.723855,0.0686749999999989,1.0487530453916,Up,0.00696218861728057,0.35590922719236
Q8WVM8,SCFD1,Sec1 family domain-containing protein 1,13,12.6281,12.7599,-0.1318,0.912692005751846,Down,0.00700740502189749,0.35590922719236
P12004,PCNA,Proliferating cell nuclear antigen,11,15.054805,15.501185,-0.44638,0.73388199102888,Down,0.00704340365552271,0.35590922719236
Q16513,PKN2,Serine/threonine-protein kinase N2,33,15.659545,15.58546,0.0740849999999984,1.05269317494341,Up,0.00708095016015105,0.35590922719236
P50995,ANXA11,Annexin A11,12,14.15096,14.93479,-0.78383,0.580822803197665,Down,0.00708933565485366,0.35590922719236
Q14151,SAFB2,Scaffold attachment factor B2,28,17.565085,17.24025,0.324835,1.25252118048052,Up,0.00711051811656826,0.35590922719236
Q9UK22,FBXO2,F-box only protein 2,5,10.66873,11.862375,-1.193645,0.437196876803125,Down,0.00716899161346596,0.35590922719236
Q53H47,SETMAR,Histone-lysine N-methyltransferase SETMAR,14,13.55565,13.712225,-0.156575,0.89715241066977,Down,0.00724554312378837,0.35590922719236
P18669,PGAM1,Phosphoglycerate mutase 1,11,14.55792,15.43538,-0.87746,0.544324923244533,Down,0.00727153023797305,0.35590922719236
Q96D46,NMD3,60S ribosomal export protein NMD3,15,15.725365,15.642205,0.0831599999999995,1.05933581227046,Up,0.00728019485572763,0.35590922719236
P04350,TUBB4A,Tubulin beta-4A chain,1,14.43824,15.14824,-0.71,0.611320138846034,Down,0.00738121693948301,0.35590922719236
Q9Y6Q3,ZFP37,Zinc finger protein 37 homolog,2,13.579969,3.479408,10.100561,1097.92287606412,Up,0.00755389893149063,0.35590922719236
O43252,PAPSS1,Bifunctional 3'-phosphoadenosine 5'-phosphosulfate synthase 1,12,12.233425,13.103975,-0.87055,0.546938301072392,Down,0.00757626598092101,0.35590922719236
O43148,RNMT,mRNA cap guanine-N(7) methyltransferase,16,14.940815,14.513225,0.42759,1.34498492247557,Up,0.00758894822311794,0.35590922719236
P26640,VARS1,Valine--tRNA ligase,42,14.789195,14.555345,0.23385,1.1759689759975,Up,0.00763385786226244,0.35590922719236
Q9P258,RCC2,Protein RCC2,24,17.561865,17.82889,-0.267025,0.831031460791022,Down,0.00768041739363053,0.35590922719236
Q9NRF9,POLE3,DNA polymerase epsilon subunit 3,3,15.66868,15.188145,0.480535000000001,1.39526098027557,Up,0.00774222921433915,0.35590922719236
Q86V21,AACS,Acetoacetyl-CoA synthetase,2,3.564783,10.5003285,-6.9355455,0.00816944904309204,Down,0.00776658877629928,0.35590922719236
Q15397,PUM3,Pumilio homolog 3,19,13.026915,13.351345,-0.32443,0.798613851488896,Down,0.00779302660698382,0.35590922719236
Q5TA45,INTS11,Integrator complex subunit 11,16,15.070815,15.014565,0.0562499999999986,1.0397595961732,Up,0.00781822874472249,0.35590922719236
P08779,KRT16,"Keratin, type I cytoskeletal 16",3,10.41631,11.68145,-1.26514,0.416058990780413,Down,0.00782278191276263,0.35590922719236
P85037,FOXK1,Forkhead box protein K1,16,14.82668,14.55338,0.273299999999999,1.20856913214796,Up,0.00786858994340594,0.35590922719236
Q9P206,NHSL3,NHS-like protein 3,6,11.57376,11.7411,-0.16734,0.890483015706692,Down,0.00787584730093213,0.35590922719236
Q9Y483,MTF2,Metal-response element-binding transcription factor 2,16,14.866735,14.59721,0.269525,1.20541088694908,Up,0.00811506599087457,0.35590922719236
P54289,CACNA2D1,Voltage-dependent calcium channel subunit alpha-2/delta-1,14,13.186485,13.68354,-0.497055,0.708551685556036,Down,0.00834219917489884,0.35590922719236
Q12830,BPTF,Nucleosome-remodeling factor subunit BPTF,70,15.38387,15.22044,0.16343,1.11994664269236,Up,0.00844272378063633,0.35590922719236
P00491,PNP,Purine nucleoside phosphorylase,9,13.361845,14.07127,-0.709425,0.611563834934149,Down,0.00845564297861769,0.35590922719236
P04406,GAPDH,Glyceraldehyde-3-phosphate dehydrogenase,17,19.05062,19.365345,-0.314725,0.804004231785898,Down,0.008504280768952,0.35590922719236
Q9H0S4,DDX47,Probable ATP-dependent RNA helicase DDX47,14,17.038495,16.65492,0.383575000000004,1.30457058082342,Up,0.00851042307501349,0.35590922719236
Q96FJ0,STAMBPL1,AMSH-like protease,7,12.580605,12.240865,0.339740000000001,1.26552850206432,Up,0.00860457389200825,0.35590922719236
Q13489,BIRC3,Baculoviral IAP repeat-containing protein 3,1,3.564783,11.5277465,-7.9629635,0.00400782852648963,Down,0.00868725876553809,0.35590922719236
O43464,HTRA2,"Serine protease HTRA2, mitochondrial",7,13.19081,13.449675,-0.258865,0.835745160007148,Down,0.00870670632877665,0.35590922719236
Q96ME1,FBXL18,F-box/LRR-repeat protein 18,12,12.992785,13.390185,-0.3974,0.759225313768542,Down,0.00876902375605122,0.35590922719236
Q9H8V3,ECT2,Protein ECT2,26,14.68304,14.13953,0.543509999999999,1.45751426150851,Up,0.00883689501200626,0.35590922719236
Q9ULR3,PPM1H,Protein phosphatase 1H,8,11.646335,12.08354,-0.437205,0.738564077945041,Down,0.0090098984208034,0.35590922719236
Q6P161,MRPL54,Large ribosomal subunit protein mL54,1,13.69742,13.132985,0.564435,1.47880825287903,Up,0.00905700536113032,0.35590922719236
Q7L576,CYFIP1,Cytoplasmic FMR1-interacting protein 1,38,14.98564,15.3296,-0.34396,0.787875730300163,Down,0.00907117799535687,0.35590922719236
O94763,URI1,Unconventional prefoldin RPB5 interactor 1,3,11.96033,11.34885,0.61148,1.52782573729675,Up,0.00916004439752158,0.35590922719236
P22314,UBA1,Ubiquitin-like modifier-activating enzyme 1,25,13.2545,14.117005,-0.862505,0.549996750492321,Down,0.00916330487229587,0.35590922719236
Q9BRA2,TXNDC17,Thioredoxin domain-containing protein 17,4,11.769935,12.483575,-0.71364,0.609779688201033,Down,0.00923097994562484,0.35590922719236
P33316,DUT,"Deoxyuridine 5'-triphosphate nucleotidohydrolase, mitochondrial",5,13.29967,13.96357,-0.6639,0.631169763894085,Down,0.00932957166278241,0.35590922719236
Q9H9L3,ISG20L2,Interferon-stimulated 20 kDa exonuclease-like 2,9,13.31462,12.794065,0.520555,1.43450699196671,Up,0.0093329447503129,0.35590922719236
Q6UB35,MTHFD1L,"Monofunctional C1-tetrahydrofolate synthase, mitochondrial",26,15.361955,15.03741,0.324544999999999,1.25226943314137,Up,0.00934118781129451,0.35590922719236
Q68CP9,ARID2,AT-rich interactive domain-containing protein 2,32,15.835415,15.48253,0.352884999999999,1.27711195408463,Up,0.00938568549291035,0.35590922719236
P46778,RPL21,Large ribosomal subunit protein eL21,6,16.09939,16.20999,-0.1106,0.926202784870445,Down,0.00951313320078854,0.35590922719236
Q8NEU8,APPL2,DCC-interacting protein 13-beta,10,14.617755,14.292465,0.325289999999999,1.25291626537237,Up,0.00957358691003196,0.35590922719236
Q00839,HNRNPU,Heterogeneous nuclear ribonucleoprotein U,27,19.87051,19.37011,0.500399999999999,1.41460571999256,Up,0.00960964096082586,0.35590922719236
P60174,TPI1,Triosephosphate isomerase,13,14.752645,15.61413,-0.861485,0.550385741257181,Down,0.00965964023514577,0.35590922719236
P20585,MSH3,DNA mismatch repair protein Msh3,31,14.87116,15.015085,-0.143925,0.905053511806699,Down,0.00969380122991709,0.35590922719236
P98179,RBM3,RNA-binding protein 3,5,17.662025,17.114515,0.547509999999999,1.46156095643049,Up,0.00977178011396785,0.35590922719236
P40763,STAT3,Signal transducer and activator of transcription 3,22,13.48237,13.75574,-0.27337,0.827384594125172,Down,0.00977651543743146,0.35590922719236
P18754,RCC1,Regulator of chromosome condensation,20,19.312015,19.023455,0.288560000000004,1.22142053021549,Up,0.00993924446682002,0.35590922719236
P17275,JUNB,Transcription factor JunB,7,14.30577,13.46418,0.84159,1.79202405083479,Up,0.0100267053472191,0.35590922719236
P33991,MCM4,DNA replication licensing factor MCM4,39,16.71034,16.919205,-0.208865,0.865217649425602,Down,0.0100763481844245,0.35590922719236
Q86VM9,ZC3H18,Zinc finger CCCH domain-containing protein 18,18,14.897345,15.015075,-0.11773,0.921636654118579,Down,0.0100863372516996,0.35590922719236
O14686,KMT2D,Histone-lysine N-methyltransferase 2D,71,19.07236,18.914375,0.157985,1.11572772181179,Up,0.0101005764446747,0.35590922719236
Q12979,ABR,Active breakpoint cluster region-related protein,3,3.564783,10.145477,-6.580694,0.0104475320886518,Down,0.0101238219457472,0.35590922719236
Q9HAV4,XPO5,Exportin-5,39,13.522055,14.126395,-0.60434,0.657772227038641,Down,0.0101428635097787,0.35590922719236
P51659,HSD17B4,Peroxisomal multifunctional enzyme type 2,30,15.74217,15.497765,0.244404999999999,1.18460411270619,Up,0.0101776948033052,0.35590922719236
Q9ULW0,TPX2,Targeting protein for Xklp2,38,16.0085,15.253465,0.755035000000001,1.68767253495447,Up,0.0102089827524658,0.35590922719236
P61599,NAA20,N-alpha-acetyltransferase 20,6,12.75557,13.004645,-0.249075,0.841435738237631,Down,0.0102531876525887,0.35590922719236
Q86TS9,MRPL52,Large ribosomal subunit protein mL52,1,10.131761,9.5440465,0.587714500000001,1.50286404158081,Up,0.0103611978031647,0.35590922719236
Q9UBT7,CTNNAL1,Alpha-catulin,18,12.318255,11.922585,0.395670000000001,1.31555357276818,Up,0.0103769543616663,0.35590922719236
P24534,EEF1B2,Elongation factor 1-beta,4,17.71886,17.44676,0.272099999999998,1.20756429056401,Up,0.010377365992527,0.35590922719236
P06744,GPI,Glucose-6-phosphate isomerase,20,14.227935,15.08292,-0.854985,0.552871074945653,Down,0.0103882406879101,0.35590922719236
P49406,MRPL19,Large ribosomal subunit protein bL19m,15,14.651585,14.346615,0.304970000000001,1.23539294758568,Up,0.0104290190427256,0.35590922719236
Q9UPQ0,LIMCH1,LIM and calponin homology domains-containing protein 1,40,14.287905,13.904835,0.383070000000002,1.30411400972993,Up,0.0104815260691325,0.35590922719236
Q7Z7H5,TMED4,Transmembrane emp24 domain-containing protein 4,1,11.709145,12.354,-0.644855,0.639557066949348,Down,0.0105356257340964,0.35590922719236
P50225,SULT1A1,Sulfotransferase 1A1,1,3.564783,10.368701,-6.803918,0.00894986725668149,Down,0.0106168863315924,0.35590922719236
Q9H4I3,TRABD,TraB domain-containing protein,4,11.25762,11.11988,0.137739999999999,1.10018031890849,Up,0.0106330959020499,0.35590922719236
Q9HCD5,NCOA5,Nuclear receptor coactivator 5,21,15.41692,15.037815,0.379105000000003,1.30053479661699,Up,0.0107528254296778,0.35590922719236
P14324,FDPS,Farnesyl pyrophosphate synthase,9,13.64805,14.461215,-0.813165,0.569131919604482,Down,0.0107841925750716,0.35590922719236
P56182,RRP1,Ribosomal RNA processing protein 1 homolog A,15,16.237025,15.7517,0.485325000000003,1.39990118978478,Up,0.0107976980714948,0.35590922719236
Q15631,TSN,Translin,8,15.55225,15.882155,-0.329905,0.795588870747436,Down,0.0110338408820051,0.35590922719236
Q9UPR0,PLCL2,Inactive phospholipase C-like protein 2,11,13.55666,13.894335,-0.337675,0.791315543002885,Down,0.0110428888101656,0.35590922719236
P55786,NPEPPS,Puromycin-sensitive aminopeptidase,15,11.38709,12.113965,-0.726875,0.604211270344419,Down,0.0110476619098346,0.35590922719236
Q9NVF7,FBXO28,F-box only protein 28,13,13.551705,13.01973,0.531975000000001,1.44590723866551,Up,0.0111333286387109,0.35590922719236
Q969U7,PSMG2,Proteasome assembly chaperone 2,8,17.15307,17.45958,-0.30651,0.808595455245774,Down,0.0111987803439131,0.35590922719236
Q13642,FHL1,Four and a half LIM domains protein 1,8,12.148015,12.792305,-0.64429,0.639807584556457,Down,0.0112061521305081,0.35590922719236
Q9NXE8,CWC25,Pre-mRNA-splicing factor CWC25 homolog,10,13.105085,12.638215,0.46687,1.38210766039365,Up,0.0113136915926752,0.35590922719236
Q8TBZ3,WDR20,WD repeat-containing protein 20,4,12.120715,12.22641,-0.105695,0.929357128772398,Down,0.0113553104642594,0.35590922719236
Q03169,TNFAIP2,Tumor necrosis factor alpha-induced protein 2,17,16.11977,16.31325,-0.19348,0.874493763113375,Down,0.0113969976029499,0.35590922719236
Q96I25,RBM17,Splicing factor 45,18,14.869325,14.61231,0.257014999999999,1.19500362949314,Up,0.0115098168795168,0.35590922719236
Q9UDW1,UQCR10,Cytochrome b-c1 complex subunit 9,2,14.55563,15.12205,-0.56642,0.675290421875133,Down,0.0115320753704879,0.35590922719236
P05187,ALPP,"Alkaline phosphatase, placental type",13,17.290425,18.085665,-0.79524,0.576247303618915,Down,0.0116031053127392,0.35590922719236
Q49A26,GLYR1,Cytokine-like nuclear factor N-PAC,22,16.571035,16.345375,0.225660000000005,1.16931205975587,Up,0.0116283748921852,0.35590922719236
P63241,EIF5A,Eukaryotic translation initiation factor 5A-1,11,16.56323,17.167995,-0.604765,0.657578484067212,Down,0.0116304091141526,0.35590922719236
P06748,NPM1,Nucleophosmin,9,20.71845,20.333395,0.385054999999994,1.3059095714545,Up,0.0117717543829323,0.35590922719236
Q9NRN7,AASDHPPT,L-aminoadipate-semialdehyde dehydrogenase-phosphopantetheinyl transferase,3,10.18492,10.74441,-0.55949,0.678541989359627,Down,0.0119076394267404,0.35590922719236
Q9Y6Y0,IVNS1ABP,Influenza virus NS1A-binding protein,2,3.564783,11.2582095,-7.6934265,0.00483112032281772,Down,0.0119186646870145,0.35590922719236
Q9ULD2,MTUS1,Microtubule-associated tumor suppressor 1,9,12.8075,13.54752,-0.74002,0.598731052077119,Down,0.0119218999079491,0.35590922719236
Q01082,SPTBN1,"Spectrin beta chain, non-erythrocytic 1",129,17.152175,16.84552,0.306654999999999,1.23683667142073,Up,0.0119598326541288,0.35590922719236
P46379,BAG6,Large proline-rich protein BAG6,14,13.425655,12.97477,0.450885,1.36687849108232,Up,0.0119687592022673,0.35590922719236
P42704,LRPPRC,"Leucine-rich PPR motif-containing protein, mitochondrial",67,20.49669,20.03215,0.46454,1.37987731253574,Up,0.0120426134830155,0.35590922719236
Q86U86,PBRM1,Protein polybromo-1,47,15.125335,14.92059,0.204744999999999,1.15248262457431,Up,0.0120659854875055,0.35590922719236
Q1ED39,KNOP1,Lysine-rich nucleolar protein 1,23,14.65043,14.27791,0.37252,1.29461219593115,Up,0.0120869444590631,0.35590922719236
Q9ULD4,BRPF3,Bromodomain and PHD finger-containing protein 3,11,13.45087,12.95034,0.500529999999999,1.41473319463142,Up,0.0121456701476332,0.35590922719236
Q96QD5,DEPDC7,DEP domain-containing protein 7,12,12.04744,11.695625,0.351815,1.27616511283996,Up,0.012190929118041,0.35590922719236
Q15054,POLD3,DNA polymerase delta subunit 3,9,13.28526,13.50251,-0.21725,0.860203555778114,Down,0.0121977408328751,0.35590922719236
Q13112,CHAF1B,Chromatin assembly factor 1 subunit B,12,14.40195,14.09513,0.30682,1.23697813563567,Up,0.0123778552071486,0.35590922719236
O00231,PSMD11,26S proteasome non-ATPase regulatory subunit 11,19,14.687445,14.272475,0.41497,1.3332709522129,Up,0.0124202792964987,0.35590922719236
P19367,HK1,Hexokinase-1,36,15.888255,17.210545,-1.32229,0.399899671181062,Down,0.0124673476180328,0.35590922719236
Q13332,PTPRS,Receptor-type tyrosine-protein phosphatase S,17,12.850285,12.62861,0.221675000000001,1.16608665255351,Up,0.01253822721591,0.35590922719236
Q13136,PPFIA1,Liprin-alpha-1,25,14.89668,14.73534,0.161339999999999,1.11832537569978,Up,0.0125560949688541,0.35590922719236
Q14353,GAMT,Guanidinoacetate N-methyltransferase,1,3.564783,10.173184,-6.608401,0.0102488013555323,Down,0.0125794946220116,0.35590922719236
Q9Y5J5,PHLDA3,Pleckstrin homology-like domain family A member 3,3,12.88594,12.058975,0.826965,1.77394957349718,Up,0.0126387845228222,0.35590922719236
Q8WUM4,PDCD6IP,Programmed cell death 6-interacting protein,23,16.377585,16.973575,-0.59599,0.661590305732718,Down,0.0126705815707281,0.35590922719236
O43395,PRPF3,U4/U6 small nuclear ribonucleoprotein Prp3,24,16.6301,16.350735,0.279364999999999,1.2136605759831,Up,0.0126759861387463,0.35590922719236
Q13188,STK3,Serine/threonine-protein kinase 3,13,13.006635,13.14534,-0.138705,0.908334133460297,Down,0.0127053367655867,0.35590922719236
Q49AG3,ZBED5,Zinc finger BED domain-containing protein 5,16,13.8513,13.4404,0.4109,1.32951495003388,Up,0.0127413243831938,0.35590922719236
Q9BRP4,PAAF1,Proteasomal ATPase-associated factor 1,4,9.894274,10.6872005,-0.7929265,0.577172112803266,Down,0.0127571978096731,0.35590922719236
Q14103,HNRNPD,Heterogeneous nuclear ribonucleoprotein D0,13,19.724475,19.367045,0.357430000000001,1.28114165291141,Up,0.0127721353406348,0.35590922719236
Q9Y2D5,PALM2AKAP2,PALM2-AKAP2 fusion protein,21,15.703365,15.30843,0.394934999999998,1.31488351736332,Up,0.0127772745650506,0.35590922719236
Q9UGN5,PARP2,Poly [ADP-ribose] polymerase 2,11,14.00269,13.8218,0.18089,1.13358297810033,Up,0.0128436219621602,0.35590922719236
P29401,TKT,Transketolase,23,16.130225,16.98764,-0.857415,0.551940631665451,Down,0.0128466117349285,0.35590922719236
P11717,IGF2R,Cation-independent mannose-6-phosphate receptor,44,14.67443,14.836705,-0.162275,0.893614809310306,Down,0.0128739757148098,0.35590922719236
Q9Y653,ADGRG1,Adhesion G-protein coupled receptor G1,1,11.089434,3.479408,7.610026,195.364699543983,Up,0.01292615270679,0.35590922719236
P15144,ANPEP,Aminopeptidase N,18,12.192045,11.646985,0.545059999999999,1.45908102445225,Up,0.0129394279107587,0.35590922719236
Q9Y2Q5,LAMTOR2,Ragulator complex protein LAMTOR2,5,11.96603,12.550895,-0.584865,0.66671172308914,Down,0.0129605265003159,0.35590922719236
Q9H7D7,WDR26,WD repeat-containing protein 26,13,13.755525,13.49364,0.261884999999999,1.19904433184888,Up,0.0129783815635283,0.35590922719236
Q9NVR2,INTS10,Integrator complex subunit 10,23,15.348935,15.13664,0.212295000000001,1.15852967629213,Up,0.0130736779924773,0.356905958997771
O14979,HNRNPDL,Heterogeneous nuclear ribonucleoprotein D-like,8,18.978375,18.57498,0.403395,1.32261667894233,Up,0.0131553845096079,0.356905958997771
O75436,VPS26A,Vacuolar protein sorting-associated protein 26A,12,14.121075,14.581205,-0.46013,0.726920753509692,Down,0.0132295850525496,0.356905958997771
Q07157,TJP1,Tight junction protein 1,33,13.339065,13.03642,0.302645,1.23340363222689,Up,0.0132307398932446,0.356905958997771
P45880,VDAC2,Non-selective voltage-gated ion channel VDAC2,12,15.515645,16.123615,-0.60797,0.656119270770805,Down,0.0133692814035395,0.356965078202713
P51784,USP11,Ubiquitin carboxyl-terminal hydrolase 11,11,13.600695,13.352425,0.24827,1.18778193835312,Up,0.0134906309925927,0.356965078202713
P38432,COIL,Coilin,13,15.45171,15.131855,0.319855,1.24820509007037,Up,0.0136128483777413,0.356965078202713
Q15392,DHCR24,Delta(24)-sterol reductase,12,15.12811,14.773725,0.354385000000001,1.2784404844406,Up,0.0136288154505923,0.356965078202713
P13995,MTHFD2,"Bifunctional methylenetetrahydrofolate dehydrogenase/cyclohydrolase, mitochondrial",10,15.896345,15.42275,0.473595,1.38856527660301,Up,0.013653834310337,0.356965078202713
Q96KR1,ZFR,Zinc finger RNA-binding protein,40,17.353515,17.007125,0.34639,1.2713753304438,Up,0.0136667083562211,0.356965078202713
Q96FW1,OTUB1,Ubiquitin thioesterase OTUB1,6,10.84896,11.780895,-0.931935,0.524154852796273,Down,0.0138248351204528,0.356965078202713
P62899,RPL31,Large ribosomal subunit protein eL31,6,17.04557,16.65456,0.391009999999998,1.31131110350009,Up,0.0138533093095314,0.356965078202713
O95104,SCAF4,SR-related and CTD-associated factor 4,6,14.798025,14.55193,0.246095,1.18599259324483,Up,0.0139646043458834,0.356965078202713
P98082,DAB2,Disabled homolog 2,17,15.180165,15.615485,-0.43532,0.739529703493985,Down,0.0139671773346901,0.356965078202713
P78527,PRKDC,DNA-dependent protein kinase catalytic subunit,195,17.86865,18.047515,-0.178865,0.883397711439413,Down,0.0140446110332757,0.356965078202713
Q9NVP1,DDX18,ATP-dependent RNA helicase DDX18,28,17.29863,16.981635,0.316995000000002,1.24573309818007,Up,0.0141040255047416,0.356965078202713
O95081,AGFG2,Arf-GAP domain and FG repeat-containing protein 2,5,12.7944,13.402205,-0.607805,0.656194314953834,Down,0.0141656473924786,0.356965078202713
P51828,ADCY7,Adenylate cyclase type 7,28,14.924179,9.3371095,5.5870695,48.0701533248738,Up,0.014179701023641,0.356965078202713
Q0ZGT2,NEXN,Nexilin,9,11.860625,11.54566,0.314964999999997,1.2439814737536,Up,0.0141860512616679,0.356965078202713
Q8N8S7,ENAH,Protein enabled homolog,14,15.491025,15.158205,0.33282,1.25947283013667,Up,0.0142901401652904,0.356965078202713
P68366,TUBA4A,Tubulin alpha-4A chain,16,17.39697,17.927295,-0.530325,0.692398737859553,Down,0.0143196963167693,0.356965078202713
Q02127,DHODH,"Dihydroorotate dehydrogenase (quinone), mitochondrial",9,14.208355,13.54558,0.662775,1.58312481132605,Up,0.0143790723095257,0.356965078202713
Q92522,H1-10,Histone H1.10,7,16.17342,16.51507,-0.34165,0.789138263768692,Down,0.0143875104116665,0.356965078202713
Q8IWZ8,SUGP1,SURP and G-patch domain-containing protein 1,24,14.22524,13.97444,0.2508,1.18986673431822,Up,0.0144705745789486,0.356965078202713
Q6JQN1,ACAD10,Acyl-CoA dehydrogenase family member 10,3,3.564783,11.5446855,-7.9799025,0.00396104690376246,Down,0.0145735689291537,0.356965078202713
Q99832,CCT7,T-complex protein 1 subunit eta,29,16.330595,16.16744,0.163155,1.1197331838764,Up,0.0146574635465474,0.356965078202713
Q9NXH8,TOR4A,Torsin-4A,5,12.519635,12.631165,-0.11153,0.925605922058487,Down,0.0148166048421185,0.356965078202713
Q96JP5,ZFP91,E3 ubiquitin-protein ligase ZFP91,11,14.40037,14.20428,0.196089999999998,1.1455893613339,Up,0.014890683378996,0.356965078202713
O43189,PHF1,PHD finger protein 1,5,12.299775,12.156315,0.143460000000001,1.10455097456375,Up,0.0149192081808646,0.356965078202713
O14578,CIT,Citron Rho-interacting kinase,55,13.85572,14.05694,-0.20122,0.869814702480933,Down,0.0149801805276714,0.356965078202713
P61204,ARF3,ADP-ribosylation factor 3,4,15.262685,15.618685,-0.356,0.781327880172317,Down,0.0150037204240278,0.356965078202713
P68371,TUBB4B,Tubulin beta-4B chain,6,14.81897,15.481565,-0.662595,0.631740951263625,Down,0.0150712434858359,0.356965078202713
Q93009,USP7,Ubiquitin carboxyl-terminal hydrolase 7,46,16.95529,16.727845,0.227444999999996,1.17075970719789,Up,0.0151725872012753,0.356965078202713
P22670,RFX1,MHC class II regulatory factor RFX1,19,14.65155,14.36209,0.289460000000002,1.22218272971028,Up,0.0152151521122556,0.356965078202713
Q86UP2,KTN1,Kinectin,52,15.056005,14.684875,0.371129999999999,1.29336547067863,Up,0.0152423811847741,0.356965078202713
P00492,HPRT1,Hypoxanthine-guanine phosphoribosyltransferase,8,11.86993,12.775365,-0.905435,0.533871707277479,Down,0.015249694405669,0.356965078202713
Q5R3I4,TTC38,Tetratricopeptide repeat protein 38,4,10.719215,11.666375,-0.94716,0.518652444696322,Down,0.015251701076799,0.356965078202713
Q9UEG4,ZNF629,Zinc finger protein 629,15,13.43746,13.64318,-0.20572,0.867105836135239,Down,0.015298444760665,0.356965078202713
O76027,ANXA9,Annexin A9,13,12.88862,13.64804,-0.75942,0.590733772943191,Down,0.0153422413842345,0.356965078202713
Q53T94,TAF1B,TATA box-binding protein-associated factor RNA polymerase I subunit B,15,14.616315,14.35104,0.265274999999999,1.20186512178446,Up,0.0154823120209359,0.356965078202713
Q14691,GINS1,DNA replication complex GINS protein PSF1,2,3.564783,11.3428655,-7.7780825,0.00455579169696813,Down,0.0155002129380791,0.356965078202713
Q14527,HLTF,Helicase-like transcription factor,43,15.44645,15.96506,-0.51861,0.698044056993236,Down,0.0155399485899514,0.356965078202713
P61978,HNRNPK,Heterogeneous nuclear ribonucleoprotein K,26,20.043655,19.924955,0.1187,1.08575605622146,Up,0.0155823726211305,0.356965078202713
P30837,ALDH1B1,"Aldehyde dehydrogenase X, mitochondrial",9,13.934225,14.008695,-0.07447,0.949690942941315,Down,0.0156001745855962,0.356965078202713
Q99523,SORT1,Sortilin,2,3.564783,9.6185175,-6.0537345,0.0150537371870982,Down,0.0157183531715358,0.356965078202713
Q9UPY3,DICER1,Endoribonuclease Dicer,5,11.98443,12.125345,-0.140915,0.906943762227545,Down,0.0157248971410626,0.356965078202713
Q53H80,AKIRIN2,Akirin-2,1,10.6367245,3.479408,7.1573165,142.746988551222,Up,0.0158265822316252,0.356965078202713
P04899,GNAI2,Guanine nucleotide-binding protein G(i) subunit alpha-2,7,14.462945,15.246695,-0.78375,0.580855011745743,Down,0.0158980018003769,0.356965078202713
O95365,ZBTB7A,Zinc finger and BTB domain-containing protein 7A,6,13.670235,13.41351,0.256724999999999,1.19476344274924,Up,0.0159381004780854,0.356965078202713
P27338,MAOB,Amine oxidase [flavin-containing] B,17,12.343795,12.84432,-0.500525,0.706849510237467,Down,0.0159690863229366,0.356965078202713
P62879,GNB2,Guanine nucleotide-binding protein G(I)/G(S)/G(T) subunit beta-2,4,14.996595,15.407615,-0.41102,0.75209144942072,Down,0.0160384527757941,0.356965078202713
Q6Q0C0,TRAF7,E3 ubiquitin-protein ligase TRAF7,26,14.53599,14.143805,0.392185000000001,1.31237953315441,Up,0.0160428942424263,0.356965078202713
P55809,OXCT1,"Succinyl-CoA:3-ketoacid coenzyme A transferase 1, mitochondrial",12,13.91426,14.195705,-0.281445,0.822766523393279,Down,0.0160726446166008,0.356965078202713
Q6XQN6,NAPRT,Nicotinate phosphoribosyltransferase,6,12.89298,13.064455,-0.171475,0.88793439982786,Down,0.0161207397617464,0.356965078202713
Q14126,DSG2,Desmoglein-2,22,16.341355,16.55312,-0.211765,0.863480199053045,Down,0.0161226961271538,0.356965078202713
O00154,ACOT7,Cytosolic acyl coenzyme A thioester hydrolase,8,14.0451,14.600205,-0.555105,0.680607521522722,Down,0.0161918774681923,0.356965078202713
P62805,H4C1,Histone H4,8,17.482525,18.033845,-0.55132,0.682395481993566,Down,0.0161971430960234,0.356965078202713
Q9NZW5,PALS2,Protein PALS2,13,12.470885,12.041605,0.429279999999999,1.34656138618153,Up,0.0162622997305387,0.356965078202713
Q9BX10,GTPBP2,GTP-binding protein 2,11,11.751025,11.35514,0.395885000000002,1.31574963991115,Up,0.0162955316809446,0.356965078202713
Q9BY78,RNF26,E3 ubiquitin-protein ligase RNF26,2,10.9680515,3.479408,7.4886435,179.599995038633,Up,0.0163625788353402,0.356965078202713
P23526,AHCY,Adenosylhomocysteinase,15,13.899745,14.544705,-0.64496,0.639510521389506,Down,0.0164108016552766,0.356965078202713
P13489,RNH1,Ribonuclease inhibitor,15,13.972075,14.82176,-0.849685,0.554905881713811,Down,0.0166417077311474,0.356965078202713
Q9Y5U2,TSSC4,U5 small nuclear ribonucleoprotein TSSC4,4,12.238295,11.769915,0.46838,1.38355500377645,Up,0.0166566465891546,0.356965078202713
Q8N128,FAM177A1,Protein FAM177A1,1,3.564783,10.242372,-6.677589,0.00976889433929432,Down,0.0167950953993971,0.356965078202713
P06454,PTMA,Prothymosin alpha,3,13.87189,14.869105,-0.997215,0.500966139674113,Down,0.0167974648570377,0.356965078202713
Q96B97,SH3KBP1,SH3 domain-containing kinase-binding protein 1,1,11.144081,3.479408,7.664673,202.906743094273,Up,0.0168642279732317,0.356965078202713
O94973,AP2A2,AP-2 complex subunit alpha-2,22,15.49388,15.699285,-0.205405,0.867295181874644,Down,0.0169128435476428,0.356965078202713
Q9HCJ3,RAVER2,Ribonucleoprotein PTB-binding 2,5,11.984355,12.206385,-0.22203,0.857358208186064,Down,0.0169597494294515,0.356965078202713
O00267,SUPT5H,Transcription elongation factor SPT5,25,15.11314,14.812515,0.300624999999998,1.23167788156468,Up,0.0169667604956113,0.356965078202713
Q9UNM6,PSMD13,26S proteasome non-ATPase regulatory subunit 13,12,14.516135,14.12989,0.386245000000001,1.30698718899686,Up,0.0171250473221239,0.356965078202713
Q9Y5Y2,NUBP2,Cytosolic Fe-S cluster assembly factor NUBP2,2,9.7912915,10.527421,-0.7361295,0.600347822566562,Down,0.0171944657965384,0.356965078202713
P0CG12,DERPC,Decreased expression in renal and prostate cancer protein,10,14.563405,15.03777,-0.474365,0.719783531906421,Down,0.0172236965459739,0.356965078202713
Q70UQ0,IKBIP,Inhibitor of nuclear factor kappa-B kinase-interacting protein,6,14.9693,14.597705,0.371595000000001,1.29378240693979,Up,0.0172716448551672,0.356965078202713
Q96EY8,MMAB,Corrinoid adenosyltransferase MMAB,7,17.42079,16.92866,0.49213,1.40651993449557,Up,0.0173274953811322,0.356965078202713
Q9UI95,MAD2L2,Mitotic spindle assembly checkpoint protein MAD2B,3,13.541535,13.3815,0.160035000000001,1.11731424395605,Up,0.0173420488693702,0.356965078202713
Q8WVM0,TFB1M,"Dimethyladenosine transferase 1, mitochondrial",11,14.21782,13.921575,0.296244999999999,1.22794419699382,Up,0.0173549562159113,0.356965078202713
P55060,CSE1L,Exportin-2,34,14.51577,14.969315,-0.453545,0.7302462755207,Down,0.0175170634908358,0.356965078202713
Q9BW19,KIFC1,Kinesin-like protein KIFC1,28,15.410645,14.87089,0.539755000000001,1.45372562313183,Up,0.0175307640948829,0.356965078202713
P49848,TAF6,Transcription initiation factor TFIID subunit 6,23,14.71425,14.520425,0.193825,1.14379222192675,Up,0.0175462846580624,0.356965078202713
P14635,CCNB1,G2/mitotic-specific cyclin-B1,11,15.580915,14.92923,0.651685000000001,1.57100198117321,Up,0.0175534440455237,0.356965078202713
P49674,CSNK1E,Casein kinase I isoform epsilon,13,13.423,13.0901,0.3329,1.25954267207638,Up,0.0177762043170736,0.356965078202713
O43678,NDUFA2,NADH dehydrogenase [ubiquinone] 1 alpha subcomplex subunit 2,3,13.298215,13.567425,-0.26921,0.829773794172095,Down,0.0180425165159909,0.356965078202713
P21912,SDHB,"Succinate dehydrogenase [ubiquinone] iron-sulfur subunit, mitochondrial",6,14.58337,15.006955,-0.423585,0.745569630193095,Down,0.0181696922057004,0.356965078202713
P33992,MCM5,DNA replication licensing factor MCM5,35,16.597445,16.8004,-0.202955,0.868769283052067,Down,0.0181995467209278,0.356965078202713
Q9NP72,RAB18,Ras-related protein Rab-18,8,16.492525,16.834025,-0.3415,0.7892203163786,Down,0.018216709771167,0.356965078202713
P01111,NRAS,GTPase NRas,5,14.576325,14.86763,-0.291305,0.8171625539801,Down,0.0183502248831079,0.356965078202713
Q8NEF9,SRFBP1,Serum response factor-binding protein 1,13,14.818435,14.57656,0.241875,1.18252853751513,Up,0.0183781253782563,0.356965078202713
Q9NVZ3,NECAP2,Adaptin ear-binding coat-associated protein 2,3,12.00667,12.76628,-0.75961,0.59065597963057,Down,0.018398568389298,0.356965078202713
Q8NCN4,RNF169,E3 ubiquitin-protein ligase RNF169,19,14.300395,13.901105,0.399289999999999,1.31885869517316,Up,0.0184563523303008,0.356965078202713
P51665,PSMD7,26S proteasome non-ATPase regulatory subunit 7,9,14.35344,13.870435,0.483004999999999,1.39765181573475,Up,0.0184911170224275,0.356965078202713
P09488,GSTM1,Glutathione S-transferase Mu 1,8,12.708635,13.525505,-0.81687,0.567672201218599,Down,0.0185084711100039,0.356965078202713
Q8N9T8,KRI1,Protein KRI1 homolog,15,14.826715,14.785655,0.0410599999999999,1.02886949648324,Up,0.0185123841735895,0.356965078202713
Q7Z333,SETX,Probable helicase senataxin,68,14.487075,14.66712,-0.180045,0.882675463780857,Down,0.0185901618492616,0.356965078202713
Q15050,RRS1,Ribosome biogenesis regulatory protein homolog,9,14.064575,14.543735,-0.47916,0.717395201217581,Down,0.0186027004358039,0.356965078202713
P20042,EIF2S2,Eukaryotic translation initiation factor 2 subunit 2,15,15.938765,15.728315,0.21045,1.1570490299983,Up,0.0186974510409343,0.356965078202713
P49915,GMPS,GMP synthase [glutamine-hydrolyzing],26,15.276285,15.547115,-0.27083,0.828842565414789,Down,0.0187234196789971,0.356965078202713
P02786,TFRC,Transferrin receptor protein 1,29,15.252125,15.685195,-0.43307,0.740683959928383,Down,0.0187585366224447,0.356965078202713
P20908,COL5A1,Collagen alpha-1(V) chain,5,11.068076,9.6191295,1.4489465,2.73008619308535,Up,0.0188098026213427,0.356965078202713
P55263,ADK,Adenosine kinase,8,11.52896,12.534305,-1.005345,0.498150991444639,Down,0.0188583080784719,0.356965078202713
O00483,NDUFA4,Cytochrome c oxidase subunit NDUFA4,3,15.31194,15.711665,-0.399725,0.758002756540567,Down,0.0189081281250971,0.356965078202713
Q14697,GANAB,Neutral alpha-glucosidase AB,27,13.62956,13.914335,-0.284775,0.820869620107164,Down,0.0190781559225437,0.356965078202713
Q9Y6M1,IGF2BP2,Insulin-like growth factor 2 mRNA-binding protein 2,11,13.696975,13.49279,0.204185000000001,1.15203536093955,Up,0.0191577356793855,0.356965078202713
P40121,CAPG,Macrophage-capping protein,7,12.200445,13.020855,-0.82041,0.56628098818928,Down,0.0191707428682157,0.356965078202713
Q9BPZ7,MAPKAP1,Target of rapamycin complex 2 subunit MAPKAP1,3,10.84438,11.481385,-0.637005,0.643046513082053,Down,0.0191896517494248,0.356965078202713
P22392,NME2,Nucleoside diphosphate kinase B,5,14.315645,14.89354,-0.577895,0.669940558017566,Down,0.0192402282157165,0.356965078202713
P51991,HNRNPA3,Heterogeneous nuclear ribonucleoprotein A3,19,19.073915,18.651735,0.422179999999997,1.33995077295705,Up,0.0193085176107181,0.356965078202713
Q9Y2D0,CA5B,"Carbonic anhydrase 5B, mitochondrial",3,3.564783,14.041974,-10.477191,0.000701538062026031,Down,0.0193969541390812,0.356965078202713
P27701,CD82,CD82 antigen,2,12.035128,3.479408,8.55572,376.294919254633,Up,0.0194510970838004,0.356965078202713
P11586,MTHFD1,"C-1-tetrahydrofolate synthase, cytoplasmic",45,16.264265,16.522525,-0.25826,0.836095706616381,Down,0.0195044439941359,0.356965078202713
P49454,CENPF,Centromere protein F,121,15.094965,14.66092,0.434044999999999,1.35101622426733,Up,0.0196417105877089,0.356965078202713
P13797,PLS3,Plastin-3,30,15.395565,15.24161,0.153955000000002,1.11261541576286,Up,0.0197405785571749,0.356965078202713
P78346,RPP30,Ribonuclease P protein subunit p30,8,14.26698,13.87321,0.39377,1.31382215586414,Up,0.0197642565961919,0.356965078202713
O00217,NDUFS8,"NADH dehydrogenase [ubiquinone] iron-sulfur protein 8, mitochondrial",5,14.293285,14.795275,-0.50199,0.706132096710134,Down,0.0198067154561171,0.356965078202713
P00813,ADA,Adenosine deaminase,1,3.564783,11.504429,-7.939646,0.00407313119658656,Down,0.0198079908118425,0.356965078202713
P14868,DARS1,"Aspartate--tRNA ligase, cytoplasmic",27,15.553175,15.193355,0.359819999999999,1.2832657790042,Up,0.0198093580834518,0.356965078202713
Q9P243,ZFAT,Zinc finger protein ZFAT,6,9.1817915,10.212765,-1.0309735,0.489379814240479,Down,0.0198271138330807,0.356965078202713
Q8IWT6,LRRC8A,Volume-regulated anion channel subunit LRRC8A,14,14.96347,14.37589,0.587580000000001,1.5027239386583,Up,0.0198300894213308,0.356965078202713
P32929,CTH,Cystathionine gamma-lyase,6,11.17005,12.105245,-0.935195,0.522971778318242,Down,0.0198386292564096,0.356965078202713
Q6NYC8,PPP1R18,Phostensin,15,13.929715,13.495745,0.433970000000002,1.35094599211139,Up,0.0199461569733216,0.356965078202713
P51808,DYNLT3,Dynein light chain Tctex-type 3,2,13.69472,13.98904,-0.29432,0.815456599216315,Down,0.0199658195116152,0.356965078202713
Q96QK1,VPS35,Vacuolar protein sorting-associated protein 35,22,14.045515,14.507395,-0.46188,0.72603952771065,Down,0.0199784603376352,0.356965078202713
O96019,ACTL6A,Actin-like protein 6A,13,17.271455,16.90014,0.371314999999999,1.29353133244926,Up,0.0199793226854626,0.356965078202713
Q96IU4,ABHD14B,Putative protein-lysine deacylase ABHD14B,2,3.564783,11.6007845,-8.0360015,0.00380997831027671,Down,0.0200296212025515,0.356965078202713
P22102,GART,Trifunctional purine biosynthetic protein adenosine-3,20,13.92782,14.71608,-0.78826,0.579042039740621,Down,0.0200710831673939,0.356965078202713
Q14CX7,NAA25,"N-alpha-acetyltransferase 25, NatB auxiliary subunit",25,14.193915,14.400715,-0.2068,0.866456964515041,Down,0.0202330508765798,0.356965078202713
O95292,VAPB,Vesicle-associated membrane protein-associated protein B/C,7,14.4039,14.11506,0.28884,1.22165760799602,Up,0.0203094118343311,0.356965078202713
Q8TAD8,SNIP1,Smad nuclear-interacting protein 1,10,16.54077,16.182395,0.358374999999999,1.2819811064523,Up,0.0205701677039117,0.356965078202713
Q9H825,METTL8,"tRNA N(3)-cytidine methyltransferase METTL8, mitochondrial",1,10.5897065,9.57876,1.0109465,2.01523278780385,Up,0.0206187222168103,0.356965078202713
Q96QE5,TEFM,"Transcription elongation factor, mitochondrial",10,13.014125,12.8038,0.210325000000001,1.15694878368209,Up,0.0206687915962416,0.356965078202713
Q5W0B1,OBI1,ORC ubiquitin ligase 1,4,12.081805,11.858925,0.22288,1.16706102437416,Up,0.0207241870482838,0.356965078202713
O95067,CCNB2,G2/mitotic-specific cyclin-B2,13,13.184445,12.71839,0.466055000000001,1.38132710760453,Up,0.0208803783202538,0.356965078202713
Q92750,TAF4B,Transcription initiation factor TFIID subunit 4B,7,10.789415,10.312245,0.477169999999999,1.39201040974282,Up,0.0208982557175121,0.356965078202713
Q5UIP0,RIF1,Telomere-associated protein RIF1,58,15.294145,15.53968,-0.245535,0.843502938773735,Down,0.0209663610177436,0.356965078202713
Q9NR30,DDX21,Nucleolar RNA helicase 2,45,19.545445,19.357425,0.188020000000002,1.1391991697665,Up,0.0210696628506506,0.356965078202713
Q9NVU7,SDAD1,Protein SDA1 homolog,17,16.817995,16.21232,0.605675000000002,1.52169054668376,Up,0.0210842397532653,0.356965078202713
Q04760,GLO1,Lactoylglutathione lyase,6,11.532065,12.322905,-0.79084,0.578007452800702,Down,0.0211567622033353,0.356965078202713
P33176,KIF5B,Kinesin-1 heavy chain,34,14.05071,14.293445,-0.242735,0.845141609149669,Down,0.0212696433592659,0.356965078202713
P68431,H3C1,Histone H3.1,1,15.651665,16.33906,-0.687395,0.620974099168969,Down,0.0213942237835036,0.356965078202713
Q96GM5,SMARCD1,SWI/SNF-related matrix-associated actin-dependent regulator of chromatin subfamily D member 1,25,16.401025,16.041555,0.359470000000002,1.28295449454495,Up,0.0214892381559738,0.356965078202713
Q13409,DYNC1I2,Cytoplasmic dynein 1 intermediate chain 2,10,15.055835,15.26989,-0.214055,0.862110678063884,Down,0.0216095873313106,0.356965078202713
P12268,IMPDH2,Inosine-5'-monophosphate dehydrogenase 2,16,13.869495,14.025625,-0.15613,0.897429180457939,Down,0.02162504352126,0.356965078202713
P30414,NKTR,NK-tumor recognition protein,23,13.466295,13.63546,-0.169165,0.889357272565942,Down,0.0216727961833687,0.356965078202713
Q7KZ85,SUPT6H,Transcription elongation factor SPT6,44,15.625575,15.27983,0.345744999999999,1.27080705109082,Up,0.0217242144631638,0.356965078202713
O60701,UGDH,UDP-glucose 6-dehydrogenase,15,15.919025,16.5258,-0.606775,0.656662966645386,Down,0.0217496293904656,0.356965078202713
Q9BUE6,ISCA1,"Iron-sulfur cluster assembly 1 homolog, mitochondrial",5,12.14034,11.78157,0.358770000000002,1.2823321521349,Up,0.0217974141622671,0.356965078202713
P50897,PPT1,Palmitoyl-protein thioesterase 1,4,10.21057,10.74259,-0.53202,0.691585727025091,Down,0.0218039402643811,0.356965078202713
Q9H6T3,RPAP3,RNA polymerase II-associated protein 3,23,12.915485,12.40199,0.513495000000001,1.42750420960892,Up,0.0219165971172896,0.356965078202713
Q8N543,OGFOD1,Prolyl 3-hydroxylase OGFOD1,10,12.953185,13.3938,-0.440615,0.736820445804803,Down,0.0219351092284711,0.356965078202713
Q9Y320,TMX2,Thioredoxin-related transmembrane protein 2,10,13.600455,13.18239,0.418065,1.33613427598491,Up,0.021976806966633,0.356965078202713
Q9H223,EHD4,EH domain-containing protein 4,16,13.517465,13.734275,-0.21681,0.860465944762935,Down,0.0219829772131329,0.356965078202713
Q9UKK9,NUDT5,ADP-sugar pyrophosphatase,6,12.292245,13.048585,-0.75634,0.591996273699354,Down,0.0220409601154267,0.356965078202713
P78345,RPP38,Ribonuclease P protein subunit p38,12,14.881515,14.43959,0.441925000000001,1.35841566406425,Up,0.0220956956838908,0.356965078202713
Q96TC7,RMDN3,Regulator of microtubule dynamics protein 3,7,13.50349,13.77289,-0.2694,0.829664521848197,Down,0.0221740948785715,0.356965078202713
Q9NZL9,MAT2B,Methionine adenosyltransferase 2 subunit beta,7,12.866295,13.50849,-0.642195,0.640737351795615,Down,0.0221774830582989,0.356965078202713
A6NHQ4,EPOP,Elongin BC and Polycomb repressive complex 2-associated protein,5,13.67907,12.88965,0.78942,1.72837947053584,Up,0.0221898633471117,0.356965078202713
Q13232,NME3,Nucleoside diphosphate kinase 3,5,11.058915,12.53458,-1.475665,0.359567616667459,Down,0.0222122623296461,0.356965078202713
Q9ULX6,AKAP8L,A-kinase anchor protein 8-like,14,14.01127,13.863655,0.147615,1.10773669595907,Up,0.0222311128114061,0.356965078202713
O95793,STAU1,Double-stranded RNA-binding protein Staufen homolog 1,3,12.00022,11.50958,0.490639999999999,1.40506804563504,Up,0.0223303715839902,0.356965078202713
P11166,SLC2A1,"Solute carrier family 2, facilitated glucose transporter member 1",6,14.442965,13.822575,0.62039,1.53729069692064,Up,0.022432822771309,0.356965078202713
Q9BUY5,ZNF426,Zinc finger protein 426,1,9.0710695,3.479408,5.5916615,48.2234011063189,Up,0.0224331371984405,0.356965078202713
Q8IXK0,PHC2,Polyhomeotic-like protein 2,13,15.1551,14.90123,0.253870000000001,1.19240142123072,Up,0.0225141879345604,0.356965078202713
P61764,STXBP1,Syntaxin-binding protein 1,16,12.961685,13.356275,-0.39459,0.760705531071126,Down,0.022529833771443,0.356965078202713
P13807,GYS1,"Glycogen [starch] synthase, muscle",10,13.608355,14.57401,-0.965655,0.512045884064976,Down,0.0225966286294605,0.356965078202713
Q9NYU2,UGGT1,UDP-glucose:glycoprotein glucosyltransferase 1,26,15.03794,15.339505,-0.301565,0.811371762719962,Down,0.0225979050480391,0.356965078202713
Q8IYN0,ZNF100,Zinc finger protein 100,3,3.564783,11.52882,-7.964037,0.00400484743658299,Down,0.0227476287605083,0.356965078202713
P62854,RPS26,Small ribosomal subunit protein eS26,3,14.022095,14.51868,-0.496585,0.708782554543617,Down,0.0227673644835479,0.356965078202713
Q96J02,ITCH,E3 ubiquitin-protein ligase Itchy homolog,18,14.18892,14.507905,-0.318985,0.801633664107777,Down,0.022829582652665,0.356965078202713
P15531,NME1,Nucleoside diphosphate kinase A,7,15.84221,16.41744,-0.57523,0.671179240880697,Down,0.0228969521964136,0.356965078202713
Q6SPF0,SAMD1,Sterile alpha motif domain-containing protein 1,7,14.18258,13.96347,0.219109999999999,1.16401528274898,Up,0.0229522639778942,0.356965078202713
Q9UJV9,DDX41,Probable ATP-dependent RNA helicase DDX41,24,14.799025,14.522245,0.27678,1.21148790367017,Up,0.0229631952574171,0.356965078202713
P57088,TMEM33,Transmembrane protein 33,9,15.905165,15.47761,0.427555,1.34495229333362,Up,0.0231874516851616,0.356965078202713
O60669,SLC16A7,Monocarboxylate transporter 2,1,9.481558,3.479408,6.00215,64.0954481559717,Up,0.0232181000737654,0.356965078202713
P07858,CTSB,Cathepsin B,5,12.39152,12.89785,-0.50633,0.704011060554274,Down,0.0232570353256582,0.356965078202713
P49419,ALDH7A1,Alpha-aminoadipic semialdehyde dehydrogenase,14,13.57286,13.936485,-0.363625,0.77720926268418,Down,0.023311153826423,0.356965078202713
Q8NEM2,SHCBP1,SHC SH2 domain-binding protein 1,19,14.468885,14.24791,0.220974999999999,1.16552100101967,Up,0.0233190211147829,0.356965078202713
Q8N5K1,CISD2,CDGSH iron-sulfur domain-containing protein 2,6,13.74463,13.319825,0.424805000000001,1.34239104797632,Up,0.0233278032533594,0.356965078202713
Q96DC8,ECHDC3,"Enoyl-CoA hydratase domain-containing protein 3, mitochondrial",1,3.564783,10.3271145,-6.7623315,0.00921160650665011,Down,0.023415168707295,0.356965078202713
Q02809,PLOD1,"Procollagen-lysine,2-oxoglutarate 5-dioxygenase 1",26,15.22759,15.054115,0.173475,1.12777166410657,Up,0.0234908414209558,0.356965078202713
O94822,LTN1,E3 ubiquitin-protein ligase listerin,31,12.567495,12.839535,-0.27204,0.828147699886504,Down,0.0235190091806339,0.356965078202713
P19971,TYMP,Thymidine phosphorylase,2,3.564783,11.398381,-7.833598,0.0043838130789772,Down,0.0236892818509582,0.356965078202713
Q9C0B7,TANGO6,Transport and Golgi organization protein 6 homolog,5,13.33085,13.659355,-0.328505,0.796361289722546,Down,0.023689695660338,0.356965078202713
P08758,ANXA5,Annexin A5,12,14.891865,15.6858,-0.793935,0.576768788012475,Down,0.0237097027125927,0.356965078202713
P14384,CPM,Carboxypeptidase M,8,11.78672,13.004195,-1.217475,0.430034705256647,Down,0.0237341684107285,0.356965078202713
Q709F0,ACAD11,Acyl-CoA dehydrogenase family member 11,18,13.62301,13.89653,-0.27352,0.827298573702312,Down,0.0237973585642432,0.356965078202713
Q5VTR2,RNF20,E3 ubiquitin-protein ligase BRE1A,44,14.86428,14.70999,0.154290000000001,1.11287379985054,Up,0.0237987672418826,0.356965078202713
Q9HD20,ATP13A1,Endoplasmic reticulum transmembrane helix translocase,26,13.49141,13.99671,-0.5053,0.704513862798793,Down,0.023853256299376,0.356965078202713
P63096,GNAI1,Guanine nucleotide-binding protein G(i) subunit alpha-1,3,12.68092,13.150325,-0.469405,0.722262413666642,Down,0.0238607143441788,0.356965078202713
P07437,TUBB,Tubulin beta chain,16,16.560165,17.018895,-0.45873,0.727626504185771,Down,0.0238666460590686,0.356965078202713
Q9NZZ3,CHMP5,Charged multivesicular body protein 5,1,11.000125,11.844715,-0.84459,0.556869043433978,Down,0.0239285704455224,0.356965078202713
P36873,PPP1CC,Serine/threonine-protein phosphatase PP1-gamma catalytic subunit,3,17.18335,16.750315,0.433035,1.35007073764584,Up,0.024074442388558,0.356965078202713
Q9NRK6,ABCB10,"ATP-binding cassette sub-family B member 10, mitochondrial",10,12.754795,12.565225,0.189570000000002,1.14042375815776,Up,0.0240775827842507,0.356965078202713
Q8NCD3,HJURP,Holliday junction recognition protein,9,13.31317,12.447295,0.865874999999999,1.82244465163697,Up,0.0241017787810902,0.356965078202713
Q6XZF7,DNMBP,Dynamin-binding protein,14,11.52852,12.023535,-0.495015,0.709554300678395,Down,0.0241205809149324,0.356965078202713
O75400,PRPF40A,Pre-mRNA-processing factor 40 homolog A,25,17.113055,16.918775,0.194279999999999,1.14415301025779,Up,0.024201070958949,0.356965078202713
Q9Y316,MEMO1,Protein MEMO1,9,13.193175,13.6292,-0.436025,0.739168406713513,Down,0.0242072745216977,0.356965078202713
O94776,MTA2,Metastasis-associated protein MTA2,29,17.30119,17.07216,0.229029999999998,1.17204665544615,Up,0.0242523726079789,0.356965078202713
Q9UHX1,PUF60,Poly(U)-binding-splicing factor PUF60,21,18.132525,17.892885,0.239640000000001,1.18069800157067,Up,0.0242592429965525,0.356965078202713
O00264,PGRMC1,Membrane-associated progesterone receptor component 1,8,14.296995,14.48102,-0.184025,0.880243759968977,Down,0.0243054415689805,0.356965078202713
O14965,AURKA,Aurora kinase A,13,13.54813,12.699345,0.848784999999999,1.80098354516258,Up,0.024425146906453,0.356965078202713
Q96DF8,ESS2,Splicing factor ESS-2 homolog,5,11.908375,11.65877,0.249604999999999,1.18888156282598,Up,0.0245113856737481,0.356965078202713
P62333,PSMC6,26S proteasome regulatory subunit 10B,13,15.416035,15.127305,0.288730000000001,1.22156446480905,Up,0.0245167773327579,0.356965078202713
Q8N108,MIER1,Mesoderm induction early response protein 1,10,12.93249,13.2598,-0.32731,0.797021197710601,Down,0.0246012462184417,0.356965078202713
Q9Y251,HPSE,Heparanase,2,3.564783,14.8098715,-11.2450885,0.000411994157754808,Down,0.0247894030706209,0.356965078202713
Q9HBE1,PATZ1,"POZ-, AT hook-, and zinc finger-containing protein 1",19,15.43249,15.230785,0.201704999999999,1.15005670752974,Up,0.0248451232786211,0.356965078202713
Q16401,PSMD5,26S proteasome non-ATPase regulatory subunit 5,12,12.22821,12.631535,-0.403325,0.756113647590992,Down,0.024876449353127,0.356965078202713
O43324,EEF1E1,Eukaryotic translation elongation factor 1 epsilon-1,7,13.53895,12.99952,0.539429999999999,1.45339817512526,Up,0.025003975275032,0.356965078202713
Q14699,RFTN1,Raftlin,8,12.03866,12.54702,-0.50836,0.703021151100978,Down,0.0251918499964638,0.356965078202713
Q96AY3,FKBP10,Peptidyl-prolyl cis-trans isomerase FKBP10,11,12.67013,12.836285,-0.166155,0.891214740590562,Down,0.0252849846665792,0.356965078202713
Q14807,KIF22,Kinesin-like protein KIF22,29,15.469515,15.078715,0.3908,1.31112024175664,Up,0.0253103283147591,0.356965078202713
Q15155,NOMO1,BOS complex subunit NOMO1,27,14.52566,14.33135,0.19431,1.14417680249816,Up,0.0253953601090926,0.356965078202713
Q8WXA9,SREK1,Splicing regulatory glutamine/lysine-rich protein 1,5,17.39468,17.0845,0.310180000000003,1.2398623835699,Up,0.025554318158144,0.356965078202713
P11216,PYGB,"Glycogen phosphorylase, brain form",8,11.46334,11.918665,-0.455325,0.72934585180556,Down,0.025616326659325,0.356965078202713
P42166,TMPO,"Lamina-associated polypeptide 2, isoform alpha",30,18.271315,18.17275,0.0985650000000007,1.07070793570427,Up,0.0257095042840712,0.356965078202713
P16260,SLC25A16,Solute carrier family 25 member 16,5,12.8407,13.47537,-0.63467,0.644088125702983,Down,0.0257204873965679,0.356965078202713
Q9BY77,POLDIP3,Polymerase delta-interacting protein 3,15,15.646735,15.270495,0.376239999999999,1.29795467064923,Up,0.025737202522999,0.356965078202713
Q15021,NCAPD2,Condensin complex subunit 1,37,14.81601,14.962775,-0.146765,0.903273632038446,Down,0.0257703950996267,0.356965078202713
Q96AJ9,VTI1A,Vesicle transport through interaction with t-SNAREs homolog 1A,2,11.588895,10.64948,0.939415,1.91775045022725,Up,0.0258599633229501,0.356965078202713
P00505,GOT2,"Aspartate aminotransferase, mitochondrial",21,15.77599,16.125085,-0.349095,0.785076420488254,Down,0.0259241590200822,0.356965078202713
O95954,FTCD,Formimidoyltransferase-cyclodeaminase,1,3.564783,13.910865,-10.346082,0.000768279031803109,Down,0.0259657689398436,0.356965078202713
O00268,TAF4,Transcription initiation factor TFIID subunit 4,19,14.21121,13.94632,0.264889999999999,1.20154443284923,Up,0.0260193881401597,0.356965078202713
Q9NRG0,CHRAC1,Chromatin accessibility complex protein 1,3,14.244805,13.80715,0.437654999999999,1.35440105300737,Up,0.026026365596202,0.356965078202713
Q9NR45,NANS,N-acetylneuraminate-9-phosphate synthase,7,12.038025,12.95144,-0.913415,0.530926846944016,Down,0.026053355763153,0.356965078202713
P51570,GALK1,Galactokinase,3,12.75729,13.347315,-0.590025,0.664331394962678,Down,0.0260579409824576,0.356965078202713
P51608,MECP2,Methyl-CpG-binding protein 2,13,14.307815,13.946065,0.361749999999999,1.28498364747723,Up,0.0260710272358488,0.356965078202713
P55735,SEC13,Protein SEC13 homolog,10,15.328565,15.50324,-0.174675,0.885967080938459,Down,0.0261081364395288,0.356965078202713
Q5VZK9,CARMIL1,F-actin-uncapping protein LRRC16A,32,13.041655,13.403155,-0.3615,0.77835488706317,Down,0.0261313678764538,0.356965078202713
Q14137,BOP1,Ribosome biogenesis protein BOP1,20,14.07023,14.217815,-0.147585,0.90276037462658,Down,0.0261571854919121,0.356965078202713
P11441,UBL4A,Ubiquitin-like protein 4A,5,14.457035,14.006725,0.45031,1.36633381704802,Up,0.0263503837308068,0.356965078202713
Q7Z6M2,FBXO33,F-box only protein 33,1,3.564783,8.420504,-4.855721,0.0345368185126659,Down,0.0263649255848329,0.356965078202713
Q9NQC1,JADE2,E3 ubiquitin-protein ligase Jade-2,8,13.16065,12.715135,0.445515,1.36180015263114,Up,0.0263662420699443,0.356965078202713
O14980,XPO1,Exportin-1,36,16.205625,16.57716,-0.371535,0.772959644783765,Down,0.0265646940068437,0.356965078202713
Q13564,NAE1,NEDD8-activating enzyme E1 regulatory subunit,8,11.76211,12.518455,-0.756345,0.591994222000169,Down,0.0266013509626295,0.356965078202713
P07195,LDHB,L-lactate dehydrogenase B chain,13,16.31954,17.176525,-0.856985,0.552105163903771,Down,0.0266259042616181,0.356965078202713
Q9BUF5,TUBB6,Tubulin beta-6 chain,18,17.60021,18.17904,-0.57883,0.669506515155393,Down,0.0266603899147282,0.356965078202713
P62937,PPIA,Peptidyl-prolyl cis-trans isomerase A,9,19.9717,20.385695,-0.413995,0.750542149933554,Down,0.0266668833605973,0.356965078202713
O95243,MBD4,Methyl-CpG-binding domain protein 4,24,14.11199,13.83678,0.275209999999998,1.21017022987678,Up,0.0267020291471555,0.356965078202713
O94874,UFL1,E3 UFM1-protein ligase 1,24,13.62858,13.566725,0.0618549999999978,1.04380701292575,Up,0.0267120411205899,0.356965078202713
Q6NXT6,TAPT1,Transmembrane anterior posterior transformation protein 1 homolog,1,11.63407,10.100755,1.533315,2.89450169219278,Up,0.0269282306983659,0.356965078202713
Q13111,CHAF1A,Chromatin assembly factor 1 subunit A,24,14.506945,14.00341,0.503534999999999,1.41768302374213,Up,0.026974531643859,0.356965078202713
O60909,B4GALT2,"Beta-1,4-galactosyltransferase 2",3,10.605904,9.506205,1.099699,2.14309974787737,Up,0.0270074718399349,0.356965078202713
Q8WWW0,RASSF5,Ras association domain-containing protein 5,3,3.564783,10.3760645,-6.8112815,0.00890430360739083,Down,0.0270847351723487,0.356965078202713
Q99715,COL12A1,Collagen alpha-1(XII) chain,23,12.263895,11.684715,0.579179999999999,1.49399984660518,Up,0.0271016220259615,0.356965078202713
Q9Y2L1,DIS3,Exosome complex exonuclease RRP44,38,15.49236,15.84224,-0.34988,0.784649360481552,Down,0.027176662397128,0.356965078202713
P52701,MSH6,DNA mismatch repair protein Msh6,41,14.71209,15.0564,-0.34431,0.787684613639314,Down,0.027179334774593,0.356965078202713
P49327,FASN,Fatty acid synthase,61,14.84681,15.35072,-0.50391,0.705192971096804,Down,0.0272093326151953,0.356965078202713
O60264,SMARCA5,SWI/SNF-related matrix-associated actin-dependent regulator of chromatin subfamily A member 5,44,16.716415,16.3699,0.346514999999997,1.27148549149431,Up,0.0272632122261217,0.356965078202713
Q9HCE1,MOV10,Helicase MOV-10,25,12.866885,13.259975,-0.39309,0.761496863723484,Down,0.0273576014292372,0.356965078202713
Q92879,CELF1,CUGBP Elav-like family member 1,11,18.48783,18.12771,0.360120000000002,1.28353265436782,Up,0.0274514417324477,0.356965078202713
Q9P2F9,ZNF319,Zinc finger protein 319,10,12.10549,11.90031,0.205179999999999,1.15283017240343,Up,0.0274804708918558,0.356965078202713
P50238,CRIP1,Cysteine-rich protein 1,3,14.344455,15.184245,-0.83979,0.558724891619772,Down,0.0275081498983071,0.356965078202713
Q9ULP9,TBC1D24,TBC1 domain family member 24,8,14.31985,14.602905,-0.283055,0.821848855275689,Down,0.0275204479262506,0.356965078202713
O15156,ZBTB7B,Zinc finger and BTB domain-containing protein 7B,6,14.610875,14.42691,0.183965000000001,1.13600170487912,Up,0.027603477333784,0.356965078202713
Q8N5P1,ZC3H8,Zinc finger CCCH domain-containing protein 8,7,15.531805,15.174255,0.357550000000002,1.28124821971029,Up,0.0277426859257588,0.356965078202713
P04632,CAPNS1,Calpain small subunit 1,6,12.59012,12.935005,-0.344885,0.787370736905525,Down,0.0278709076900122,0.356965078202713
Q9BWM7,SFXN3,Sideroflexin-3,10,15.11534,15.62539,-0.51005,0.702198101115578,Down,0.0279942144391336,0.356965078202713
P60059,SEC61G,Protein transport protein Sec61 subunit gamma,2,14.84786,14.41554,0.432320000000001,1.34940180804674,Up,0.0280289566440231,0.356965078202713
P50570,DNM2,Dynamin-2,32,15.232525,15.672265,-0.43974,0.737267465738504,Down,0.0280316002031403,0.356965078202713
P33897,ABCD1,ATP-binding cassette sub-family D member 1,9,14.81527,14.317,0.49827,1.41251873216125,Up,0.0280761908913319,0.356965078202713
P19623,SRM,Spermidine synthase,6,12.53455,13.244855,-0.710305,0.611190913382934,Down,0.0280970860644271,0.356965078202713
Q8NC60,NOA1,Nitric oxide-associated protein 1,14,14.720775,14.25881,0.461964999999999,1.37741662964193,Up,0.0281434529161248,0.356965078202713
O43175,PHGDH,D-3-phosphoglycerate dehydrogenase,15,12.83047,13.067835,-0.237365,0.848293257445595,Down,0.028206549374194,0.356965078202713
P53350,PLK1,Serine/threonine-protein kinase PLK1,21,15.11619,14.66656,0.449629999999999,1.36568996090311,Up,0.0282122459818667,0.356965078202713
Q9BTZ2,DHRS4,Dehydrogenase/reductase SDR family member 4,8,14.309655,13.93756,0.372094999999998,1.29423087546278,Up,0.0282650868793505,0.356965078202713
Q8IXJ9,ASXL1,Polycomb group protein ASXL1,13,13.37862,13.071675,0.306945000000001,1.23708531626724,Up,0.0283009771813805,0.356965078202713
Q9GZS1,POLR1E,DNA-directed RNA polymerase I subunit RPA49,15,15.73925,15.464945,0.274305,1.20941133032486,Up,0.028472260497873,0.356965078202713
Q99459,CDC5L,Cell division cycle 5-like protein,35,17.15686,16.857415,0.299445000000002,1.23067088725789,Up,0.0285266358374268,0.356965078202713
Q6ZRV2,FAM83H,Protein FAM83H,5,10.69814,11.75007,-1.05193,0.482322494157717,Down,0.0285483695295827,0.356965078202713
Q9Y5X1,SNX9,Sorting nexin-9,14,13.92377,14.25559,-0.33182,0.794533525073337,Down,0.0286615059215491,0.356965078202713
O75592,MYCBP2,E3 ubiquitin-protein ligase MYCBP2,37,13.44668,13.630925,-0.184245,0.880109539737325,Down,0.0287116858278844,0.356965078202713
P15622,ZNF250,Zinc finger protein 250,7,11.33523,11.62499,-0.28976,0.818038132237164,Down,0.0287140324945648,0.356965078202713
Q8IU60,DCP2,m7GpppN-mRNA hydrolase,5,11.22375,11.543045,-0.319295,0.801461431077403,Down,0.0287682719959667,0.356965078202713
Q14202,ZMYM3,Zinc finger MYM-type protein 3,27,14.963745,15.15205,-0.188305,0.877636237015149,Down,0.028793014137611,0.356965078202713
Q13867,BLMH,Bleomycin hydrolase,6,11.42047,12.039905,-0.619435,0.650925798681279,Down,0.028838033201236,0.356965078202713
Q9NUU7,DDX19A,ATP-dependent RNA helicase DDX19A,3,14.889195,14.96077,-0.071575,0.95159856413637,Down,0.0288961862620625,0.356965078202713
Q5T5X7,BEND3,BEN domain-containing protein 3,27,13.861825,13.520095,0.34173,1.26727532959301,Up,0.0288984331311839,0.356965078202713
Q16555,DPYSL2,Dihydropyrimidinase-related protein 2,12,12.07376,12.742655,-0.668895,0.628988262303441,Down,0.028905046906881,0.356965078202713
P42330,AKR1C3,Aldo-keto reductase family 1 member C3,2,10.10105,10.561845,-0.460795,0.726585761779576,Down,0.02890951132016,0.356965078202713
Q8TBR7,TLCD3A,TLC domain-containing protein 3A,1,3.564783,11.275599,-7.710816,0.00477323803898645,Down,0.0289211282263609,0.356965078202713
O75390,CS,"Citrate synthase, mitochondrial",17,16.66712,16.42145,0.245669999999997,1.18564326604665,Up,0.0289460042627532,0.356965078202713
P39687,ANP32A,Acidic leucine-rich nuclear phosphoprotein 32 family member A,3,14.130505,14.9166,-0.786095,0.579911639404222,Down,0.0290051984841726,0.356965078202713
Q9NUI1,DECR2,"Peroxisomal 2,4-dienoyl-CoA reductase [(3E)-enoyl-CoA-producing]",11,12.726485,12.56264,0.163845,1.12026884849334,Up,0.0291763113022604,0.356965078202713
Q8IY37,DHX37,Probable ATP-dependent RNA helicase DHX37,42,15.51672,15.37963,0.137090000000001,1.09968474907929,Up,0.0292411832071089,0.356965078202713
P41223,BUD31,Protein BUD31 homolog,9,15.416085,15.098875,0.317209999999999,1.24591875943668,Up,0.0292551108468886,0.356965078202713
Q14118,DAG1,Dystroglycan 1,3,12.179995,11.62003,0.559965,1.47423345173064,Up,0.0292590602012243,0.356965078202713
Q9BQ52,ELAC2,Zinc phosphodiesterase ELAC protein 2,22,12.88915,13.126735,-0.237585,0.848163909050636,Down,0.0292804798910612,0.356965078202713
O96017,CHEK2,Serine/threonine-protein kinase Chk2,4,12.985445,13.57159,-0.586145,0.666120459851276,Down,0.0293225881543136,0.356965078202713
Q9H944,MED20,Mediator of RNA polymerase II transcription subunit 20,6,14.472045,14.292725,0.179320000000001,1.13235003753333,Up,0.0294659134980639,0.356965078202713
O75880,SCO1,"Protein SCO1 homolog, mitochondrial",7,14.432905,14.262,0.170904999999999,1.12576445325261,Up,0.0295147945092833,0.356965078202713
Q9H4Z3,PCIF1,mRNA (2'-O-methyladenosine-N(6)-)-methyltransferase,13,14.063415,14.459185,-0.39577,0.760083593996181,Down,0.0295386750889714,0.356965078202713
P41567,EIF1,Eukaryotic translation initiation factor 1,5,15.855375,15.17793,0.677445000000001,1.59930489101832,Up,0.0295590545917956,0.356965078202713
Q13315,ATM,Serine-protein kinase ATM,55,14.216965,14.811405,-0.59444,0.662301485857907,Down,0.0295697580125643,0.356965078202713
Q9ULV3,CIZ1,Cip1-interacting zinc finger protein,20,13.558175,12.957385,0.600790000000002,1.51654677938128,Up,0.0295912559541136,0.356965078202713
O60437,PPL,Periplakin,63,15.79312,16.54663,-0.75351,0.593158677166617,Down,0.0296037758688729,0.356965078202713
P16402,H1-3,Histone H1.3,1,11.514,11.10531,0.40869,1.32747988466317,Up,0.0296086414433462,0.356965078202713
P27707,DCK,Deoxycytidine kinase,3,11.68903,12.631665,-0.942635,0.520281747227766,Down,0.0296674378797336,0.356965078202713
P15408,FOSL2,Fos-related antigen 2,9,14.715625,13.97497,0.740655,1.67093428989272,Up,0.0296766136787182,0.356965078202713
Q9BPW8,NIPSNAP1,Protein NipSnap homolog 1,11,13.775775,14.096095,-0.32032,0.800892214309172,Down,0.0297591555888763,0.356965078202713
Q9H0A0,NAT10,RNA cytidine acetyltransferase,47,17.128015,16.84151,0.286504999999998,1.21968195601275,Up,0.0297907051710688,0.356965078202713
Q8NI77,KIF18A,Kinesin-like protein KIF18A,18,14.1761,13.62333,0.552770000000001,1.4668994667622,Up,0.0298579907552958,0.356965078202713
P45974,USP5,Ubiquitin carboxyl-terminal hydrolase 5,13,11.58523,12.044135,-0.458905,0.727538247893179,Down,0.0298595063092491,0.356965078202713
P26358,DNMT1,DNA (cytosine-5)-methyltransferase 1,53,16.78746,16.646495,0.140965000000001,1.10264241247265,Up,0.0298817774984749,0.356965078202713
P29317,EPHA2,Ephrin type-A receptor 2,13,14.359595,13.47599,0.883604999999999,1.84497977335037,Up,0.0299442389018846,0.356965078202713
Q9Y490,TLN1,Talin-1,79,14.95283,14.822915,0.129915,1.09422923009953,Up,0.0299927671948537,0.356965078202713
Q969G3,SMARCE1,SWI/SNF-related matrix-associated actin-dependent regulator of chromatin subfamily E member 1,18,16.775895,16.5972,0.178694999999998,1.13185959050354,Up,0.0300231700673246,0.356965078202713
O94782,USP1,Ubiquitin carboxyl-terminal hydrolase 1,21,13.10433,12.883465,0.220865,1.16543213787192,Up,0.0300476284242561,0.356965078202713
O14957,UQCR11,Cytochrome b-c1 complex subunit 10,1,13.29031,14.188665,-0.898355,0.536498112338508,Down,0.0301328326971176,0.356965078202713
Q92994,BRF1,Transcription factor IIIB 90 kDa subunit,1,3.564783,10.6805585,-7.1157755,0.00721004760319253,Down,0.0301702462181561,0.356965078202713
P52789,HK2,Hexokinase-2,29,13.358395,14.551705,-1.19331,0.437298407587751,Down,0.0301847518001102,0.356965078202713
Q96DA6,DNAJC19,Mitochondrial import inner membrane translocase subunit TIM14,7,13.571255,13.428555,0.142700000000001,1.10396925933934,Up,0.0303074496038825,0.356965078202713
P35268,RPL22,Large ribosomal subunit protein eL22,2,17.730745,17.35373,0.377015,1.29865210501537,Up,0.0303141583047151,0.356965078202713
Q9NW81,DMAC2,Distal membrane-arm assembly complex protein 2,2,14.90494,14.671665,0.233274999999999,1.17550037562772,Up,0.0303174650011496,0.356965078202713
P28702,RXRB,Retinoic acid receptor RXR-beta,14,14.612845,14.360535,0.252310000000001,1.19111276296973,Up,0.0303576927400635,0.356965078202713
Q14160,SCRIB,Protein scribble homolog,36,15.415105,15.29209,0.123015000000001,1.08900833792313,Up,0.0304320382024006,0.356965078202713
Q9Y5B6,PAXBP1,PAX3- and PAX7-binding protein 1,28,16.34356,16.18836,0.155199999999997,1.1135759819392,Up,0.0304652183674307,0.356965078202713
P31939,ATIC,Bifunctional purine biosynthesis protein ATIC,20,14.398595,15.075965,-0.67737,0.625304151201015,Down,0.0304673924048047,0.356965078202713
P47756,CAPZB,F-actin-capping protein subunit beta,14,16.044175,15.922155,0.122019999999999,1.08825752801898,Up,0.0304707074624719,0.356965078202713
Q5T9A4,ATAD3B,ATPase family AAA domain-containing protein 3B,19,15.4773,15.963395,-0.486095,0.713954975086198,Down,0.0305061369903008,0.356965078202713
Q9NZI5,GRHL1,Grainyhead-like protein 1 homolog,2,10.17496,10.652435,-0.477475,0.718233574589529,Down,0.030548391354629,0.356965078202713
Q9HBG4,ATP6V0A4,V-type proton ATPase 116 kDa subunit a 4,2,3.564783,10.992115,-7.427332,0.00580965415979265,Down,0.0305499104873594,0.356965078202713
Q96CN7,ISOC1,Isochorismatase domain-containing protein 1,9,13.649415,12.6626,0.986814999999998,1.98180497896484,Up,0.0306195374471021,0.356965078202713
P22234,PAICS,Bifunctional phosphoribosylaminoimidazole carboxylase/phosphoribosylaminoimidazole succinocarboxamide synthetase,16,15.212445,14.81165,0.400794999999999,1.320235229,Up,0.0306788932263912,0.356965078202713
Q13228,SELENBP1,Methanethiol oxidase,8,12.19477,13.053085,-0.858315,0.551596420558238,Down,0.0306934474375542,0.356965078202713
O43502,RAD51C,DNA repair protein RAD51 homolog 3,8,11.38769,11.10968,0.278009999999998,1.21252122358928,Up,0.0307318087404066,0.356965078202713
P38919,EIF4A3,Eukaryotic initiation factor 4A-III,25,18.889765,18.710195,0.179570000000002,1.13254627584458,Up,0.0307497115199798,0.356965078202713
Q96P11,NSUN5,28S rRNA (cytosine-C(5))-methyltransferase,20,15.321415,14.872995,0.44842,1.36454502588679,Up,0.0307768213522638,0.356965078202713
P53621,COPA,Coatomer subunit alpha,47,13.29633,13.696215,-0.399885,0.757918696006191,Down,0.0308159351610231,0.356965078202713
Q9NYK5,MRPL39,Large ribosomal subunit protein mL39,14,15.84219,15.406495,0.435694999999999,1.35256225578453,Up,0.0309206933322711,0.356965078202713
O43663,PRC1,Protein regulator of cytokinesis 1,29,15.424865,14.978095,0.446770000000001,1.36298529759508,Up,0.0309308329729805,0.356965078202713
Q8TB36,GDAP1,Ganglioside-induced differentiation-associated protein 1,5,11.572205,11.987555,-0.41535,0.749837560848181,Down,0.0309672183321294,0.356965078202713
Q93034,CUL5,Cullin-5,19,13.44658,13.29755,0.14903,1.108823701,Up,0.0309907271990051,0.356965078202713
Q9H6Y2,WDR55,WD repeat-containing protein 55,11,14.372765,14.158865,0.213900000000001,1.15981925917423,Up,0.0310413302862592,0.356965078202713
P09001,MRPL3,Large ribosomal subunit protein uL3m,9,14.266625,13.881315,0.38531,1.30614041467704,Up,0.0310437517215482,0.356965078202713
Q02978,SLC25A11,Mitochondrial 2-oxoglutarate/malate carrier protein,12,13.646835,14.079605,-0.43277,0.740837996842919,Down,0.031093858157429,0.356965078202713
Q9NYP3,DONSON,Protein downstream neighbor of Son,7,12.031135,11.165785,0.865349999999999,1.82178158054552,Up,0.0312085960559089,0.356965078202713
P41091,EIF2S3,Eukaryotic translation initiation factor 2 subunit 3,17,16.30989,16.154485,0.155404999999998,1.11373422695257,Up,0.0312201295679065,0.356965078202713
O15145,ARPC3,Actin-related protein 2/3 complex subunit 3,8,16.170055,16.036295,0.133759999999995,1.09714940575295,Up,0.0312350556094471,0.356965078202713
Q9Y618,NCOR2,Nuclear receptor corepressor 2,68,14.08985,13.849395,0.240454999999999,1.18136518395864,Up,0.0313167460864264,0.356965078202713
P49585,PCYT1A,Choline-phosphate cytidylyltransferase A,10,14.296345,14.830085,-0.53374,0.690761700731685,Down,0.0313434490800969,0.356965078202713
P25787,PSMA2,Proteasome subunit alpha type-2,5,13.60913,13.404975,0.204155,1.15201140528675,Up,0.03137554761447,0.356965078202713
P61619,SEC61A1,Protein transport protein Sec61 subunit alpha isoform 1,12,15.660745,15.372085,0.288660000000002,1.22150519556941,Up,0.0313809517984228,0.356965078202713
Q14241,ELOA,Elongin-A,13,14.08882,13.68192,0.4069,1.32583385731357,Up,0.0316319264046838,0.35768323132981
P62191,PSMC1,26S proteasome regulatory subunit 4,18,15.69743,15.365765,0.331665000000001,1.25846491860234,Up,0.0316321638071697,0.35768323132981
Q86V81,ALYREF,THO complex subunit 4,6,17.805045,17.498195,0.306850000000001,1.23700385814032,Up,0.0316455002627907,0.35768323132981
O43422,THAP12,52 kDa repressor of the inhibitor of the protein kinase,23,14.322375,14.41838,-0.096005,0.935620255213072,Down,0.0316970236855139,0.35768323132981
Q9NRY2,INIP,SOSS complex subunit C,3,14.048255,13.719265,0.328989999999999,1.2561336742582,Up,0.0317146880858327,0.35768323132981
Q86WJ1,CHD1L,Chromodomain-helicase-DNA-binding protein 1-like,25,14.05028,14.306095,-0.255815,0.837513876893643,Down,0.031879993496465,0.357967632732981
Q9HCM4,EPB41L5,Band 4.1-like protein 5,9,13.53692,14.029295,-0.492375,0.71085390888407,Down,0.0319017198707312,0.357967632732981
Q96EZ8,MCRS1,Microspherule protein 1,17,14.485145,14.0263,0.458845,1.3744410207019,Up,0.0319359644757416,0.357967632732981
Q96RS6,NUDCD1,NudC domain-containing protein 1,11,12.1018,12.825595,-0.723795,0.605502574855234,Down,0.0319565597386078,0.357967632732981
P51398,DAP3,Small ribosomal subunit protein mS29,15,13.700495,13.31203,0.388465,1.30899991173211,Up,0.0321819707046164,0.35952514962455
Q969F9,HPS3,BLOC-2 complex member HPS3,27,12.508575,12.845765,-0.33719,0.791581609319705,Down,0.0322044013584103,0.35952514962455
Q96ER3,SAAL1,Protein SAAL1,5,11.13491,11.702935,-0.568025,0.674539578188403,Down,0.0322944417788736,0.359758812251726
Q08J23,NSUN2,RNA cytosine C(5)-methyltransferase NSUN2,29,15.645035,15.779735,-0.1347,0.91085922175065,Down,0.0323883181838207,0.359758812251726
P09661,SNRPA1,U2 small nuclear ribonucleoprotein A',11,16.972915,16.760025,0.212890000000002,1.15900757862355,Up,0.0323990252443409,0.359758812251726
Q15046,KARS1,Lysine--tRNA ligase,22,15.39143,15.001085,0.390345,1.31070680327457,Up,0.0324653936775423,0.359758812251726
Q96HA1,POM121,Nuclear envelope pore membrane protein POM 121,3,12.60329,13.143515,-0.540225,0.687663653978779,Down,0.0324975050558754,0.359758812251726
Q9NVD7,PARVA,Alpha-parvin,15,14.200975,14.009445,0.19153,1.14197415484404,Up,0.0329125244450809,0.36161148948445
O75110,ATP9A,Probable phospholipid-transporting ATPase IIA,1,10.475275,10.882555,-0.40728,0.754043678430972,Down,0.0329660412857396,0.36161148948445
Q9NQ88,TIGAR,"Fructose-2,6-bisphosphatase TIGAR",2,3.564783,11.718828,-8.154045,0.00351065270866032,Down,0.0329860604685032,0.36161148948445
P13798,APEH,Acylamino-acid-releasing enzyme,7,13.13575,13.57114,-0.43539,0.739493822159455,Down,0.0330357387063007,0.36161148948445
O95861,BPNT1,"3'(2'),5'-bisphosphate nucleotidase 1",11,13.860495,14.451955,-0.59146,0.66367093549859,Down,0.0330690025718166,0.36161148948445
Q6P1Q9,METTL2B,tRNA N(3)-cytidine methyltransferase METTL2B,2,12.131895,11.49369,0.638204999999999,1.55639149311594,Up,0.0330738127424543,0.36161148948445
Q01970,PLCB3,"1-phosphatidylinositol 4,5-bisphosphate phosphodiesterase beta-3",29,15.97892,16.10212,-0.1232,0.918148871017713,Down,0.0331008798596594,0.36161148948445
O94905,ERLIN2,Erlin-2,9,12.69603,12.57854,0.11749,1.08484580560563,Up,0.0331025799876066,0.36161148948445
Q9NXR8,ING3,Inhibitor of growth protein 3,6,12.945085,12.51002,0.435064999999998,1.35197174415712,Up,0.0334401628063179,0.363731158830818
Q8TDB6,DTX3L,E3 ubiquitin-protein ligase DTX3L,22,12.88671,12.632805,0.253905,1.19243034942053,Up,0.0334925976456801,0.363731158830818
Q86XP3,DDX42,ATP-dependent RNA helicase DDX42,28,16.324435,16.23281,0.0916250000000005,1.0655697263236,Up,0.0334941092162859,0.363731158830818
Q9Y2D9,ZNF652,Zinc finger protein 652,7,14.02404,14.418515,-0.394475,0.76076617079077,Down,0.033516761344828,0.363731158830818
P02765,AHSG,Alpha-2-HS-glycoprotein,2,14.691775,14.12943,0.562345000000001,1.47666748749133,Up,0.0337232727090916,0.36486178948976
P09622,DLD,"Dihydrolipoyl dehydrogenase, mitochondrial",14,14.751435,14.596855,0.154580000000001,1.11309752408313,Up,0.0337313592643733,0.36486178948976
Q7L9B9,EEPD1,Endonuclease/exonuclease/phosphatase family domain-containing protein 1,2,3.564783,9.811323,-6.24654,0.0131705554429241,Down,0.0339244330700943,0.366350617908911
Q9NUQ2,AGPAT5,1-acyl-sn-glycerol-3-phosphate acyltransferase epsilon,9,13.773235,13.52339,0.249845000000001,1.18907935605429,Up,0.034113178413866,0.366441733852312
Q9Y605,MRFAP1,MORF4 family-associated protein 1,2,15.277945,14.73824,0.539704999999998,1.45367524171402,Up,0.0341600735963456,0.366441733852312
Q9BUQ8,DDX23,Probable ATP-dependent RNA helicase DDX23,40,16.522665,16.330225,0.192440000000001,1.14269469817732,Up,0.0342040790270411,0.366441733852312
Q9Y2W2,WBP11,WW domain-binding protein 11,19,15.833105,15.527525,0.305579999999999,1.23591540660538,Up,0.0342156649345328,0.366441733852312
P08238,HSP90AB1,Heat shock protein HSP 90-beta,19,16.772745,17.06365,-0.290905,0.817389150959801,Down,0.0342531429309722,0.366441733852312
O00487,PSMD14,26S proteasome non-ATPase regulatory subunit 14,9,14.97998,14.552045,0.427935000000002,1.34530659495062,Up,0.0342655456984005,0.366441733852312
Q15293,RCN1,Reticulocalbin-1,9,14.45095,15.00969,-0.55874,0.678894828165251,Down,0.0343316554538529,0.3664811806061
Q7Z3B3,KANSL1,KAT8 regulatory NSL complex subunit 1,19,15.221105,14.87556,0.345545,1.27063089203661,Up,0.0345032076300811,0.3664811806061
Q9UPN9,TRIM33,E3 ubiquitin-protein ligase TRIM33,24,14.415705,14.094545,0.321159999999999,1.24933467361956,Up,0.034531179286754,0.3664811806061
Q9NU22,MDN1,Midasin,176,15.519545,15.63474,-0.115195,0.923257511393929,Down,0.034582058978042,0.3664811806061
Q15388,TOMM20,Mitochondrial import receptor subunit TOM20 homolog,2,13.04573,12.61563,0.430100000000001,1.34732696321771,Up,0.0347020666040336,0.3664811806061
Q9Y696,CLIC4,Chloride intracellular channel protein 4,15,14.81353,14.98449,-0.17096,0.888251423059778,Down,0.0347817314028102,0.3664811806061
Q96SI1,KCTD15,BTB/POZ domain-containing protein KCTD15,8,11.67145,11.31479,0.35666,1.28045806016438,Up,0.0347872855477991,0.3664811806061
Q6IN85,PPP4R3A,Serine/threonine-protein phosphatase 4 regulatory subunit 3A,28,15.103275,14.753455,0.349820000000001,1.27440161478024,Up,0.034859549319067,0.3664811806061
Q9Y2K7,KDM2A,Lysine-specific demethylase 2A,37,15.222225,14.859645,0.362579999999999,1.28572312689021,Up,0.0348678275193309,0.3664811806061
Q15022,SUZ12,Polycomb protein SUZ12,20,14.851095,14.5958,0.255295,1.19357977938615,Up,0.0349044720876348,0.3664811806061
Q7Z3U7,MON2,Protein MON2 homolog,4,3.564783,11.5117595,-7.9469765,0.00405248763747573,Down,0.0349501644773577,0.3664811806061
Q06830,PRDX1,Peroxiredoxin-1,19,18.60368,17.659715,0.943964999999999,1.92380823688447,Up,0.0349859575502132,0.3664811806061
Q15029,EFTUD2,116 kDa U5 small nuclear ribonucleoprotein component,41,16.92967,16.685625,0.244045,1.18430855178353,Up,0.0350670216497982,0.3664811806061
P40925,MDH1,"Malate dehydrogenase, cytoplasmic",7,13.706335,14.74059,-1.034255,0.488267954256821,Down,0.035082194241683,0.3664811806061
P46063,RECQL,ATP-dependent DNA helicase Q1,27,15.846525,16.002315,-0.15579,0.897640702553775,Down,0.0351010118510609,0.3664811806061
Q9UL46,PSME2,Proteasome activator complex subunit 2,9,12.82497,13.13253,-0.30756,0.808007169907096,Down,0.0351678450109772,0.366484514082778
O00170,AIP,AH receptor-interacting protein,7,11.183365,11.63598,-0.452615,0.73071716365467,Down,0.0352122358061075,0.366484514082778
Q68CQ4,UTP25,U3 small nucleolar RNA-associated protein 25 homolog,34,14.99172,14.810695,0.181025000000002,1.13368905794256,Up,0.0353689852123396,0.367537143503699
P53794,SLC5A3,Sodium/myo-inositol cotransporter,5,12.366515,12.655075,-0.28856,0.818718840286379,Down,0.0354582107665877,0.367885894750986
Q9H6Z4,RANBP3,Ran-binding protein 3,5,11.765815,12.299805,-0.53399,0.690642011220966,Down,0.0355563964991873,0.368152621296723
Q96BN8,OTULIN,Ubiquitin thioesterase otulin,5,12.594645,13.299075,-0.70443,0.613684903893058,Down,0.035637576957655,0.368152621296723
Q9Y315,DERA,Deoxyribose-phosphate aldolase,13,13.35829,13.22854,0.129750000000001,1.09410409104126,Up,0.0356510330806329,0.368152621296723
Q9NSY1,BMP2K,BMP-2-inducible protein kinase,7,14.85736,14.621535,0.235825,1.17757993959362,Up,0.0358361703611774,0.368325030159136
Q9NZJ7,MTCH1,Mitochondrial carrier homolog 1,9,14.68962,14.87172,-0.1821,0.881419060476053,Down,0.0358462327329013,0.368325030159136
Q9H501,ESF1,ESF1 homolog,26,14.49894,13.983325,0.515614999999999,1.42960342910176,Up,0.0358609107326635,0.368325030159136
Q9BXR0,QTRT1,Queuine tRNA-ribosyltransferase catalytic subunit 1,2,10.278865,10.95713,-0.678265,0.624916353612402,Down,0.0358906520536365,0.368325030159136
P09471,GNAO1,Guanine nucleotide-binding protein G(o) subunit alpha,7,13.734,14.11076,-0.37676,0.770165284674803,Down,0.036036269268346,0.368454372205793
O95202,LETM1,Mitochondrial proton/calcium exchanger protein,20,16.09149,15.762805,0.328685,1.25586814324515,Up,0.0360721602372117,0.368454372205793
P17096,HMGA1,High mobility group protein HMG-I/HMG-Y,4,18.934785,18.39413,0.540654999999997,1.45463278729692,Up,0.0360980243571039,0.368454372205793
Q9Y5S2,CDC42BPB,Serine/threonine-protein kinase MRCK beta,34,15.557475,15.799295,-0.24182,0.845677793047617,Down,0.0361262571023383,0.368454372205793
Q9H2K8,TAOK3,Serine/threonine-protein kinase TAO3,16,13.03323,13.45734,-0.42411,0.745298365072369,Down,0.0362185581992282,0.368826581107395
Q16576,RBBP7,Histone-binding protein RBBP7,15,19.322935,19.159925,0.16301,1.11962064924631,Up,0.0363701432714234,0.369800425970519
Q9HC38,GLOD4,Glyoxalase domain-containing protein 4,8,13.082875,13.716805,-0.63393,0.644418581868587,Down,0.0364367524240132,0.369908597189406
O00233,PSMD9,26S proteasome non-ATPase regulatory subunit 9,7,15.748595,15.91634,-0.167745,0.890233070295619,Down,0.0365824873267978,0.370623629977446
Q96CP2,FLYWCH2,FLYWCH family member 2,6,12.700675,13.08974,-0.389065,0.76362434344135,Down,0.0366193418634093,0.370623629977446
P61513,RPL37A,Large ribosomal subunit protein eL43,4,15.85624,16.042185,-0.185945,0.879073073259209,Down,0.0366908723171928,0.370779778508146
Q6FI81,CIAPIN1,Anamorsin,6,11.77743,12.321745,-0.544315,0.685716907585571,Down,0.0368007245779712,0.371284828089592
Q9NPF5,DMAP1,DNA methyltransferase 1-associated protein 1,21,14.85874,14.65818,0.200559999999999,1.14914432308007,Up,0.0369017160043576,0.371284828089592
P41252,IARS1,"Isoleucine--tRNA ligase, cytoplasmic",35,14.45223,14.1839,0.268329999999999,1.20441284539702,Up,0.0369337814628792,0.371284828089592
Q6L8Q7,PDE12,"2',5'-phosphodiesterase 12",6,10.981115,11.46027,-0.479155,0.717397687524194,Down,0.0369655646668106,0.371284828089592
Q14D04,VEPH1,Ventricular zone-expressed PH domain-containing protein homolog 1,1,3.564783,10.1891595,-6.6243765,0.0101359385965082,Down,0.0370377320533729,0.371364069372697
Q92794,KAT6A,Histone acetyltransferase KAT6A,9,12.605525,11.94979,0.655735,1.57541836636821,Up,0.0371135486947048,0.371364069372697
Q15437,SEC23B,Protein transport protein Sec23B,21,14.11244,14.6848,-0.57236,0.672515768454336,Down,0.0371420260032308,0.371364069372697
Q96A26,FAM162A,Protein FAM162A,4,14.36603,14.156545,0.209485000000001,1.15627535368981,Up,0.0372750915082634,0.371508510394324
O75150,RNF40,E3 ubiquitin-protein ligase BRE1B,38,15.97132,15.822965,0.148355,1.10830503188461,Up,0.037310630747599,0.371508510394324
Q12905,ILF2,Interleukin enhancer-binding factor 2,15,18.224355,17.971315,0.253039999999999,1.19171561548875,Up,0.0373251098353504,0.371508510394324
P23284,PPIB,Peptidyl-prolyl cis-trans isomerase B,12,18.790595,18.520395,0.270199999999999,1.20597499973719,Up,0.0373848972806513,0.371544039289962
O75844,ZMPSTE24,CAAX prenyl protease 1 homolog,7,12.517305,12.06515,0.452155000000001,1.36808227977509,Up,0.0378311605116154,0.375414624356255
Q10471,GALNT2,Polypeptide N-acetylgalactosaminyltransferase 2,13,12.61514,12.541345,0.0737950000000005,1.0524815915308,Up,0.0379149682195574,0.375682196346409
Q9NZN5,ARHGEF12,Rho guanine nucleotide exchange factor 12,14,12.947115,13.638025,-0.69091,0.619462991798968,Down,0.0381020219919062,0.376890477003421
Q96GQ7,DDX27,Probable ATP-dependent RNA helicase DDX27,33,15.443175,15.111535,0.33164,1.25844311125604,Up,0.038266424469173,0.376890477003421
O75419,CDC45,Cell division control protein 45 homolog,10,11.9745,12.61834,-0.64384,0.640007182054188,Down,0.0383398659591671,0.376890477003421
P50579,METAP2,Methionine aminopeptidase 2,13,14.224765,13.64654,0.578225,1.49301121235598,Up,0.038400582283452,0.376890477003421
Q5MNZ6,WDR45B,WD repeat domain phosphoinositide-interacting protein 3,6,12.44585,11.986125,0.459725000000001,1.37527964357123,Up,0.0384427797445075,0.376890477003421
P46060,RANGAP1,Ran GTPase-activating protein 1,24,16.34252,16.53748,-0.19496,0.873597116836058,Down,0.0385136467250195,0.376890477003421
Q92570,NR4A3,Nuclear receptor subfamily 4 group A member 3,7,13.210495,13.423765,-0.21327,0.862579897833241,Down,0.0385296127727913,0.376890477003421
Q7L2Z9,CENPQ,Centromere protein Q,1,10.7629525,3.479408,7.2835445,155.799252352065,Up,0.0388182205586189,0.376890477003421
Q9UBG0,MRC2,C-type mannose receptor 2,2,3.564783,8.8215395,-5.2567565,0.0261552342267737,Down,0.0388944749864525,0.376890477003421
Q9UNN5,FAF1,FAS-associated factor 1,9,12.495855,12.591625,-0.09577,0.935772670423523,Down,0.0389007584021085,0.376890477003421
Q9NVR7,TBCCD1,TBCC domain-containing protein 1,1,3.564783,9.472022,-5.907239,0.0166626422272674,Down,0.0390000727380346,0.376890477003421
O43390,HNRNPR,Heterogeneous nuclear ribonucleoprotein R,28,19.76102,19.47903,0.28199,1.21587085537934,Up,0.0391126691253117,0.376890477003421
O15014,ZNF609,Zinc finger protein 609,16,15.951855,15.737795,0.21406,1.15994789437906,Up,0.0391405114573135,0.376890477003421
O00488,ZNF593,Zinc finger protein 593,4,12.07545,10.629975,1.445475,2.72352479207423,Up,0.0391700174792806,0.376890477003421
P62136,PPP1CA,Serine/threonine-protein phosphatase PP1-alpha catalytic subunit,7,16.38917,16.05529,0.333880000000001,1.26039855021864,Up,0.0392043859434578,0.376890477003421
Q92945,KHSRP,Far upstream element-binding protein 2,27,18.673445,18.520425,0.153020000000001,1.11189457154201,Up,0.0394450820287196,0.376890477003421
Q9NSD9,FARSB,Phenylalanine--tRNA ligase beta subunit,19,14.006215,14.25408,-0.247865,0.842141753226081,Down,0.0394845334090133,0.376890477003421
Q12904,AIMP1,Aminoacyl tRNA synthase complex-interacting multifunctional protein 1,8,14.560515,14.01207,0.548444999999997,1.46250849030269,Up,0.039689988049622,0.376890477003421
Q9Y6B6,SAR1B,Small COPII coat GTPase SAR1B,3,10.966015,11.714755,-0.74874,0.595123090541525,Down,0.0400626293357356,0.376890477003421
Q9NS69,TOMM22,Mitochondrial import receptor subunit TOM22 homolog,3,13.592385,14.527745,-0.93536,0.522911969830182,Down,0.0400951304375572,0.376890477003421
P60468,SEC61B,Protein transport protein Sec61 subunit beta,2,15.91908,15.672595,0.246485000000002,1.18631324287771,Up,0.0401140616124771,0.376890477003421
P05423,POLR3D,DNA-directed RNA polymerase III subunit RPC4,6,14.814315,14.06143,0.752885000000001,1.68515932635729,Up,0.0401637099316508,0.376890477003421
Q92888,ARHGEF1,Rho guanine nucleotide exchange factor 1,26,13.56627,13.85221,-0.28594,0.820207021938492,Down,0.0401772524263568,0.376890477003421
Q9BV57,ADI1,Acireductone dioxygenase,4,9.8851265,11.063708,-1.1785815,0.441785661265113,Down,0.0402974250053727,0.376890477003421
Q14676,MDC1,Mediator of DNA damage checkpoint protein 1,41,15.62802,15.283635,0.344384999999999,1.26960965096085,Up,0.0403106389442217,0.376890477003421
Q9BYT8,NLN,"Neurolysin, mitochondrial",9,13.60617,14.03851,-0.43234,0.741058838953212,Down,0.0404536569110861,0.376890477003421
Q8TEW0,PARD3,Partitioning defective 3 homolog,21,13.934285,13.636075,0.298209999999999,1.22961783851762,Up,0.0404595489149037,0.376890477003421
P51692,STAT5B,Signal transducer and activator of transcription 5B,16,13.448505,14.191735,-0.74323,0.597400354970741,Down,0.0405029385553115,0.376890477003421
O15258,RER1,Protein RER1,6,14.07767,13.81329,0.264380000000001,1.20111975587705,Up,0.0405583503848933,0.376890477003421
Q96T88,UHRF1,E3 ubiquitin-protein ligase UHRF1,28,16.075865,15.70689,0.368974999999999,1.2914349712457,Up,0.0405733005891536,0.376890477003421
O15260,SURF4,Surfeit locus protein 4,4,14.396205,14.286215,0.109989999999998,1.07922075589026,Up,0.0405992286132821,0.376890477003421
P09884,POLA1,DNA polymerase alpha catalytic subunit,28,16.025785,16.24502,-0.219235,0.859020818003718,Down,0.0406834325120221,0.376890477003421
P17676,CEBPB,CCAAT/enhancer-binding protein beta,9,16.613825,16.180635,0.433189999999996,1.3502157940854,Up,0.0406966149006663,0.376890477003421
Q6PD62,CTR9,RNA polymerase-associated protein CTR9 homolog,40,15.302555,15.081415,0.22114,1.16565430844596,Up,0.0407175434266533,0.376890477003421
P45973,CBX5,Chromobox protein homolog 5,9,17.149305,16.806435,0.342869999999998,1.26827711082526,Up,0.0408466298644227,0.376890477003421
Q9NRF8,CTPS2,CTP synthase 2,6,12.510815,13.15543,-0.644615,0.639663469522083,Down,0.0409566171419456,0.376890477003421
Q15542,TAF5,Transcription initiation factor TFIID subunit 5,21,14.37433,14.207655,0.166675000000001,1.12246853192313,Up,0.0409601324083999,0.376890477003421
P32119,PRDX2,Peroxiredoxin-2,7,14.44292,13.951215,0.491705,1.40610565225579,Up,0.0410115378028235,0.376890477003421
Q96DX4,RSPRY1,RING finger and SPRY domain-containing protein 1,5,10.91151,11.764925,-0.853415,0.55347305945047,Down,0.0410940547074525,0.376890477003421
P35998,PSMC2,26S proteasome regulatory subunit 7,22,14.56043,14.2047,0.355730000000001,1.27963290846881,Up,0.0411166139942701,0.376890477003421
Q9Y3Z3,SAMHD1,Deoxynucleoside triphosphate triphosphohydrolase SAMHD1,23,12.01601,12.806545,-0.790535,0.578129662210442,Down,0.0411406445094752,0.376890477003421
Q9UL40,ZNF346,Zinc finger protein 346,12,14.43178,14.2069,0.224879999999999,1.16868003644569,Up,0.0412228158173211,0.376890477003421
Q9Y2H5,PLEKHA6,Pleckstrin homology domain-containing family A member 6,19,15.067415,14.722035,0.34538,1.27048557920008,Up,0.0412294434856879,0.376890477003421
Q01085,TIAL1,Nucleolysin TIAR,12,16.058245,15.73433,0.323915,1.25172270809581,Up,0.0412407925913447,0.376890477003421
O95429,BAG4,BAG family molecular chaperone regulator 4,3,12.57966,12.79338,-0.21372,0.862310887118941,Down,0.0412988796716836,0.376890477003421
Q5T7V8,GORAB,RAB6-interacting golgin,2,10.974985,11.318055,-0.34307,0.78836192156925,Down,0.0413431282155394,0.376890477003421
Q13200,PSMD2,26S proteasome non-ATPase regulatory subunit 2,28,14.167595,13.79823,0.369365,1.29178412869558,Up,0.041387079739441,0.376890477003421
P28072,PSMB6,Proteasome subunit beta type-6,5,14.38776,14.018555,0.369205000000001,1.29164087319523,Up,0.0415664884293885,0.376890477003421
P23246,SFPQ,"Splicing factor, proline- and glutamine-rich",33,20.717145,20.39854,0.318605000000005,1.24712407115508,Up,0.0415924280876455,0.376890477003421
Q5BKZ1,ZNF326,DBIRD complex subunit ZNF326,20,14.670325,14.54513,0.125195,1.09065513968733,Up,0.0416107720802519,0.376890477003421
Q86SQ0,PHLDB2,Pleckstrin homology-like domain family B member 2,27,16.009185,15.80939,0.199795000000002,1.14853514210285,Up,0.0416504249862368,0.376890477003421
Q14249,ENDOG,"Endonuclease G, mitochondrial",5,12.5199,12.08656,0.433340000000001,1.35035618612433,Up,0.0416733228264968,0.376890477003421
P18206,VCL,Vinculin,39,15.705745,15.54896,0.156784999999999,1.11480007143464,Up,0.0416900339213326,0.376890477003421
P16220,CREB1,Cyclic AMP-responsive element-binding protein 1,1,15.06608,14.87525,0.190829999999998,1.14142019992922,Up,0.0418260538424923,0.376890477003421
Q12929,EPS8,Epidermal growth factor receptor kinase substrate 8,15,12.64299,12.46064,0.18235,1.13473073894042,Up,0.0420066609008745,0.376890477003421
P82933,MRPS9,Small ribosomal subunit protein uS9m,12,14.062705,13.74154,0.321165000000001,1.2493390034911,Up,0.0420560041109089,0.376890477003421
P31040,SDHA,"Succinate dehydrogenase [ubiquinone] flavoprotein subunit, mitochondrial",18,16.1301,16.51061,-0.38051,0.768165992074379,Down,0.042070795908337,0.376890477003421
Q9Y5R8,TRAPPC1,Trafficking protein particle complex subunit 1,4,11.423735,11.98795,-0.564215,0.676323317820359,Down,0.042114911236648,0.376890477003421
Q16527,CSRP2,Cysteine and glycine-rich protein 2,8,15.65945,15.255945,0.403504999999999,1.32271752726935,Up,0.0422188681877237,0.376890477003421
Q9H3S7,PTPN23,Tyrosine-protein phosphatase non-receptor type 23,17,11.97049,12.39113,-0.42064,0.747093129677312,Down,0.0422289403051949,0.376890477003421
Q07912,TNK2,Activated CDC42 kinase 1,7,12.156725,11.909715,0.24701,1.18674502351769,Up,0.0423114960604917,0.376890477003421
P08133,ANXA6,Annexin A6,18,13.64014,14.011385,-0.371245,0.773115035092507,Down,0.0423897336632703,0.376890477003421
Q06210,GFPT1,Glutamine--fructose-6-phosphate aminotransferase [isomerizing] 1,25,13.1411,13.53087,-0.38977,0.763251275239394,Down,0.0425505739214754,0.376890477003421
Q86X24,HORMAD1,HORMA domain-containing protein 1,2,10.62706,10.209915,0.417145,1.33528250091055,Up,0.0425569278969024,0.376890477003421
Q53GA4,PHLDA2,Pleckstrin homology-like domain family A member 2,4,12.868995,12.19609,0.672905,1.59427996791137,Up,0.04263016152638,0.376890477003421
P31946,YWHAB,14-3-3 protein beta/alpha,4,15.297455,15.504885,-0.20743,0.866078680328856,Down,0.0426458526160581,0.376890477003421
P30086,PEBP1,Phosphatidylethanolamine-binding protein 1,6,13.945585,14.660155,-0.71457,0.609386734492278,Down,0.0429461712485889,0.376890477003421
Q86V48,LUZP1,Leucine zipper protein 1,39,13.71753,13.176905,0.540625,1.45460253937296,Up,0.0429629223239047,0.376890477003421
P09525,ANXA4,Annexin A4,12,13.43857,14.085795,-0.647225,0.63850729143812,Down,0.0429709112473657,0.376890477003421
Q15738,NSDHL,"Sterol-4-alpha-carboxylate 3-dehydrogenase, decarboxylating",8,13.36508,13.655805,-0.290725,0.817491140099454,Down,0.0429868502221814,0.376890477003421
Q5VWQ0,RSBN1,Lysine-specific demethylase 9,15,15.91686,15.70633,0.210529999999999,1.15711319219907,Up,0.0430604740566466,0.376890477003421
P33981,TTK,Dual specificity protein kinase TTK,15,14.349225,14.014015,0.33521,1.26156102943577,Up,0.0430873395536214,0.376890477003421
Q16836,HADH,"Hydroxyacyl-coenzyme A dehydrogenase, mitochondrial",11,17.08794,16.94228,0.145659999999999,1.10623661554049,Up,0.0431233411056197,0.376890477003421
Q99873,PRMT1,Protein arginine N-methyltransferase 1,15,18.33848,18.20545,0.133030000000002,1.09659439139013,Up,0.043194955611707,0.376890477003421
Q92547,TOPBP1,DNA topoisomerase 2-binding protein 1,45,14.486265,14.31291,0.173354999999999,1.12767786259781,Up,0.0432662822910586,0.376890477003421
Q9ULA0,DNPEP,Aspartyl aminopeptidase,2,10.20365,10.762845,-0.559195,0.678680750738708,Down,0.0433984642387004,0.376890477003421
Q9Y2Q9,MRPS28,Small ribosomal subunit protein bS1m,6,15.27628,14.74307,0.53321,1.44714551835577,Up,0.0434117297716455,0.376890477003421
Q14165,MLEC,Malectin,11,13.753685,13.597805,0.15588,1.11410097865099,Up,0.0434691754725171,0.376890477003421
Q9BUL9,RPP25,Ribonuclease P protein subunit p25,7,13.69605,13.19803,0.49802,1.41227398252363,Up,0.0434817492745474,0.376890477003421
Q9NUL3,STAU2,Double-stranded RNA-binding protein Staufen homolog 2,7,12.7303,13.076275,-0.345975,0.786776079025962,Down,0.0434982931367743,0.376890477003421
Q9UBP9,GULP1,PTB domain-containing engulfment adapter protein 1,4,13.24788,13.754515,-0.506635,0.703862241384831,Down,0.043563343878149,0.376890477003421
P49189,ALDH9A1,4-trimethylaminobutyraldehyde dehydrogenase,10,12.702245,13.179765,-0.47752,0.718211172067943,Down,0.0435756877976691,0.376890477003421
O75367,MACROH2A1,Core histone macro-H2A.1,7,12.524995,13.059355,-0.53436,0.690464908803919,Down,0.0436685264727305,0.376890477003421
P82664,MRPS10,Small ribosomal subunit protein uS10m,5,14.07989,13.70973,0.37016,1.29249616510083,Up,0.0437439928888777,0.376890477003421
Q9BZI7,UPF3B,Regulator of nonsense transcripts 3B,12,13.48868,13.096105,0.392575000000001,1.31273435325861,Up,0.0437628750238982,0.376890477003421
Q9H9J2,MRPL44,Large ribosomal subunit protein mL44,6,14.277145,14.14375,0.133395,1.09687186346706,Up,0.0437765236506926,0.376890477003421
Q9Y2X3,NOP58,Nucleolar protein 58,22,16.463085,16.36931,0.0937750000000008,1.06715889297105,Up,0.043794470103895,0.376890477003421
Q9BRU9,UTP23,rRNA-processing protein UTP23 homolog,1,11.14243,11.47316,-0.33073,0.795134046154058,Down,0.0440111564345019,0.376890477003421
Q9UBB4,ATXN10,Ataxin-10,14,12.38576,12.93854,-0.55278,0.681705250571425,Down,0.0440507235734592,0.376890477003421
O00571,DDX3X,ATP-dependent RNA helicase DDX3X,35,16.96117,16.5586,0.402570000000001,1.32186056153633,Up,0.0440710840402955,0.376890477003421
P24278,ZBTB25,Zinc finger and BTB domain-containing protein 25,2,9.8339445,8.2279785,1.605966,3.04399502299008,Up,0.0440851213343679,0.376890477003421
O43513,MED7,Mediator of RNA polymerase II transcription subunit 7,3,13.94446,13.750385,0.194074999999998,1.14399044318926,Up,0.044097725131301,0.376890477003421
Q96ST2,IWS1,Protein IWS1 homolog,18,15.813295,15.54508,0.268215,1.20431684315601,Up,0.0441273506146843,0.376890477003421
P55211,CASP9,Caspase-9,5,11.959835,12.66514,-0.705305,0.613312814525493,Down,0.0441523427169319,0.376890477003421
P47897,QARS1,Glutamine--tRNA ligase,33,15.904385,15.62344,0.280945000000001,1.21499047182499,Up,0.0442215501952368,0.376890477003421
Q4G0N4,NADK2,"NAD kinase 2, mitochondrial",11,12.877745,13.024685,-0.14694,0.903164070908524,Down,0.0442452734876358,0.376890477003421
Q9UHD8,SEPTIN9,Septin-9,33,16.00118,16.126235,-0.125055,0.916969084838843,Down,0.0444327666498159,0.376890477003421
O75528,TADA3,Transcriptional adapter 3,11,13.43778,13.19095,0.246829999999999,1.18659696674007,Up,0.0444441429912874,0.376890477003421
P07384,CAPN1,Calpain-1 catalytic subunit,15,13.936625,14.62109,-0.684465,0.622236530170909,Down,0.0444709891892438,0.376890477003421
P04818,TYMS,Thymidylate synthase,8,15.124505,15.52553,-0.401025,0.757320034468615,Down,0.044478618329649,0.376890477003421
Q99961,SH3GL1,Endophilin-A2,7,14.28963,14.57286,-0.28323,0.82174917043378,Down,0.0446083566544983,0.376890477003421
Q01196,RUNX1,Runt-related transcription factor 1,8,16.196735,15.77571,0.421025,1.33887845777312,Up,0.0446302259666923,0.376890477003421
Q6NUK1,SLC25A24,Mitochondrial adenyl nucleotide antiporter SLC25A24,16,14.107435,14.38989,-0.282455,0.822190723690427,Down,0.0447549479711066,0.376890477003421
Q9UJK0,TSR3,18S rRNA aminocarboxypropyltransferase,3,13.322285,12.62895,0.693335000000001,1.61701717237014,Up,0.0448788698689979,0.376890477003421
P00338,LDHA,L-lactate dehydrogenase A chain,11,16.36764,17.071965,-0.704325,0.613729569784334,Down,0.0448801420246015,0.376890477003421
Q8WVB6,CHTF18,Chromosome transmission fidelity protein 18 homolog,20,14.20813,13.996505,0.211625000000002,1.1579917700482,Up,0.0449015235837088,0.376890477003421
Q6ZSR9,NA,Uncharacterized protein FLJ45252,7,12.92922,13.56512,-0.6359,0.643539228844925,Down,0.0449686792101649,0.376890477003421
P07814,EPRS1,Bifunctional glutamate/proline--tRNA ligase,59,16.48331,16.22747,0.255840000000003,1.19403075748278,Up,0.045055038143836,0.376890477003421
Q9Y3D8,AK6,Adenylate kinase isoenzyme 6,3,12.104685,12.619635,-0.51495,0.699817186192792,Down,0.0450971350936341,0.376890477003421
Q96T51,RUFY1,RUN and FYVE domain-containing protein 1,2,9.930844,13.623088,-3.692244,0.0773613081143316,Down,0.0452822059336897,0.376890477003421
Q8NC42,RNF149,E3 ubiquitin-protein ligase RNF149,5,11.98046,11.045,0.935459999999999,1.91250033432043,Up,0.0455177497510441,0.376890477003421
Q8N7H5,PAF1,RNA polymerase II-associated factor 1 homolog,18,15.239525,14.977685,0.261839999999999,1.19900693229325,Up,0.0455408305029809,0.376890477003421
P53396,ACLY,ATP-citrate synthase,43,15.052525,15.38822,-0.335695,0.792402314904632,Down,0.0457380653330716,0.376890477003421
O00541,PES1,Pescadillo homolog,20,16.190745,15.88187,0.308875,1.23874136437359,Up,0.0457509141942556,0.376890477003421
Q14008,CKAP5,Cytoskeleton-associated protein 5,60,15.7591,15.526905,0.232195000000001,1.17462072656818,Up,0.0458304138551259,0.376890477003421
Q15477,SKIC2,Superkiller complex protein 2,16,13.54869,14.05527,-0.50658,0.70388907530337,Down,0.0459060012615547,0.376890477003421
Q15853,USF2,Upstream stimulatory factor 2,6,15.473525,15.152595,0.320929999999999,1.24913551574972,Up,0.0459216665697064,0.376890477003421
Q05655,PRKCD,Protein kinase C delta type,12,11.897665,12.673815,-0.77615,0.583922982464945,Down,0.045951961209844,0.376890477003421
Q12872,SFSWAP,"Splicing factor, suppressor of white-apricot homolog",22,17.4002,17.01485,0.385349999999999,1.30617662908091,Up,0.0459888891088095,0.376890477003421
O75116,ROCK2,Rho-associated protein kinase 2,56,14.84553,15.066365,-0.220835,0.858068661516112,Down,0.0459897548892782,0.376890477003421
P54274,TERF1,Telomeric repeat-binding factor 1,7,13.964025,13.54038,0.423645,1.34131213128499,Up,0.046033739226502,0.376890477003421
Q9UHL4,DPP7,Dipeptidyl peptidase 2,3,9.6605265,11.0622415,-1.401715,0.378478958220345,Down,0.0460452562401654,0.376890477003421
P51148,RAB5C,Ras-related protein Rab-5C,6,14.372255,14.545195,-0.17294,0.887033195058533,Down,0.0461128530406631,0.376890477003421
Q9UBU8,MORF4L1,Mortality factor 4-like protein 1,11,15.56034,15.031365,0.528974999999999,1.44290368302949,Up,0.0461693920658824,0.376890477003421
P23368,ME2,"NAD-dependent malic enzyme, mitochondrial",17,14.36045,13.890295,0.470155,1.38525828923729,Up,0.0461968198930764,0.376890477003421
Q9H307,PNN,Pinin,32,15.730675,15.635035,0.0956399999999995,1.06853932213438,Up,0.0462376763437821,0.376890477003421
P61020,RAB5B,Ras-related protein Rab-5B,3,11.62245,11.894435,-0.271985,0.828179272041693,Down,0.0462491038723375,0.376890477003421
Q13435,SF3B2,Splicing factor 3B subunit 2,32,17.233725,17.016685,0.217039999999997,1.16234633415473,Up,0.0462633497077908,0.376890477003421
Q9Y314,NOSIP,Nitric oxide synthase-interacting protein,12,13.944335,13.827925,0.116409999999998,1.08403399506738,Up,0.0463359505645505,0.376890477003421
Q27J81,INF2,Inverted formin-2,31,15.284565,15.39226,-0.107695,0.928069658837659,Down,0.0463711241184028,0.376890477003421
Q9Y678,COPG1,Coatomer subunit gamma-1,28,14.26883,14.665365,-0.396535,0.759680660737703,Down,0.0463867162432573,0.376890477003421
O00148,DDX39A,ATP-dependent RNA helicase DDX39A,21,19.21325,19.083235,0.130015,1.09430507891879,Up,0.0464306660913495,0.376890477003421
Q9UQ13,SHOC2,Leucine-rich repeat protein SHOC-2,8,13.79666,13.616775,0.179884999999999,1.1327935845387,Up,0.0464519857087432,0.376890477003421
Q9BWE0,REPIN1,DNA-binding protein REPIN1,12,13.06509,13.800205,-0.735115,0.600770134310383,Down,0.0464957635134167,0.376890477003421
Q9BQ48,MRPL34,Large ribosomal subunit protein bL34m,2,12.915315,12.2092,0.706115,1.63140502393135,Up,0.0464969651713468,0.376890477003421
Q8N684,CPSF7,Cleavage and polyadenylation specificity factor subunit 7,12,17.59771,17.353565,0.244144999999996,1.18439064464198,Up,0.0465215827570476,0.376890477003421
Q8TED0,UTP15,U3 small nucleolar RNA-associated protein 15 homolog,21,15.54677,15.701195,-0.154425,0.898490403532647,Down,0.0466132356217775,0.376890477003421
Q4J6C6,PREPL,Prolyl endopeptidase-like,10,12.26084,12.684625,-0.423785,0.745466279459572,Down,0.0466469768995876,0.376890477003421
Q8N567,ZCCHC9,Zinc finger CCHC domain-containing protein 9,8,13.41383,13.225235,0.188594999999999,1.13965329905755,Up,0.0467173555032311,0.376890477003421
Q9ULW3,ABT1,Activator of basal transcription 1,8,13.44773,12.751905,0.695824999999999,1.6198104511135,Up,0.0467619079902298,0.376890477003421
P54132,BLM,RecQ-like DNA helicase BLM,41,15.4896,15.37146,0.11814,1.08533468830682,Up,0.0467901148254946,0.376890477003421
A6NJ78,METTL15,12S rRNA N(4)-cytidine methyltransferase METTL15,8,11.862595,12.299745,-0.43715,0.738592234830206,Down,0.0469068578687776,0.376890477003421
P15559,NQO1,NAD(P)H dehydrogenase [quinone] 1,6,12.273605,12.875735,-0.60213,0.658780611042445,Down,0.0470339836233539,0.376890477003421
P63261,ACTG1,"Actin, cytoplasmic 2",1,11.476263,9.8124055,1.6638575,3.16862625202221,Up,0.0472523414620533,0.376890477003421
Q9Y4X5,ARIH1,E3 ubiquitin-protein ligase ARIH1,11,12.168055,12.706915,-0.53886,0.688314592019197,Down,0.0472604094772274,0.376890477003421
P56270,MAZ,Myc-associated zinc finger protein,5,13.904895,13.433785,0.471109999999999,1.38617557222712,Up,0.047283604539649,0.376890477003421
Q9BX66,SORBS1,Sorbin and SH3 domain-containing protein 1,23,15.766675,16.15748,-0.390805,0.762703909544029,Down,0.0473155817588818,0.376890477003421
P60983,GMFB,Glia maturation factor beta,6,13.63136,13.74746,-0.1161,0.922678535234703,Down,0.0473769727349179,0.376890477003421
Q96TA2,YME1L1,ATP-dependent zinc metalloprotease YME1L1,15,14.827775,15.042665,-0.21489,0.86161185182844,Down,0.0473810057313092,0.376890477003421
Q53H96,PYCR3,Pyrroline-5-carboxylate reductase 3,7,15.04841,14.625705,0.422705000000001,1.3404384728169,Up,0.047456773452979,0.376890477003421
Q9Y277,VDAC3,Non-selective voltage-gated ion channel VDAC3,9,14.39129,14.866815,-0.475525,0.719205022039354,Down,0.0474624550341318,0.376890477003421
P84022,SMAD3,Mothers against decapentaplegic homolog 3,10,13.77008,13.152905,0.617175,1.53386870782375,Up,0.0474666450038439,0.376890477003421
Q9Y5M8,SRPRB,Signal recognition particle receptor subunit beta,11,15.118105,14.7939,0.324204999999999,1.25197434552525,Up,0.0476048652655454,0.376890477003421
Q03111,MLLT1,Protein ENL,8,14.97643,14.743215,0.233215000000001,1.17545148895803,Up,0.047606061414649,0.376890477003421
P25815,S100P,Protein S100-P,1,13.211115,14.03641,-0.825295,0.564366789775277,Down,0.0476263246730162,0.376890477003421
O15533,TAPBP,Tapasin,6,14.426665,14.197495,0.22917,1.1721603970817,Up,0.0476427027861888,0.376890477003421
Q14978,NOLC1,Nucleolar and coiled-body phosphoprotein 1,20,18.17408,17.87669,0.29739,1.22891914606497,Up,0.0476600916253566,0.376890477003421
Q13885,TUBB2A,Tubulin beta-2A chain,3,11.403455,12.056505,-0.65305,0.635934463180853,Down,0.0476716671876681,0.376890477003421
Q969L2,MAL2,Protein MAL2,1,12.71457,12.02415,0.690419999999998,1.61375324884266,Up,0.0476895251929976,0.376890477003421
Q86TW2,ADCK1,AarF domain-containing protein kinase 1,4,12.3884415,8.5158905,3.872551,14.6471797328055,Up,0.0476915761102837,0.376890477003421
Q13428,TCOF1,Treacle protein,38,17.12546,16.860245,0.265215000000001,1.2018151386586,Up,0.0477387912656986,0.376890477003421
Q9HCY8,S100A14,Protein S100-A14,2,10.0622,11.1244,-1.0622,0.478901214703998,Down,0.0477778956013758,0.376890477003421
P52907,CAPZA1,F-actin-capping protein subunit alpha-1,6,15.260585,15.069855,0.190729999999999,1.14134108545181,Up,0.0480321062977249,0.376890477003421
Q13616,CUL1,Cullin-1,32,14.417295,14.57085,-0.153555,0.899032390833975,Down,0.0480584999206662,0.376890477003421
Q3L8U1,CHD9,Chromodomain-helicase-DNA-binding protein 9,33,13.01138,13.58305,-0.57167,0.672837490545528,Down,0.0481052115616343,0.376890477003421
P04062,GBA1,Lysosomal acid glucosylceramidase,7,14.34532,13.95753,0.387790000000001,1.30838760750524,Up,0.0481311900832923,0.376890477003421
Q9P2N6,KANSL3,KAT8 regulatory NSL complex subunit 3,19,13.71968,13.256365,0.463315000000001,1.37870614869266,Up,0.0481735341661922,0.376890477003421
Q02388,COL7A1,Collagen alpha-1(VII) chain,12,15.29541,14.63653,0.65888,1.5788564423523,Up,0.0481840828384633,0.376890477003421
P43487,RANBP1,Ran-specific GTPase-activating protein,4,15.198905,15.503165,-0.30426,0.809857509362917,Down,0.0482981420930974,0.376890477003421
Q96DV4,MRPL38,Large ribosomal subunit protein mL38,10,13.431055,13.17996,0.251094999999999,1.1901100612627,Up,0.0483476153070445,0.376890477003421
Q8TBC4,UBA3,NEDD8-activating enzyme E1 catalytic subunit,1,8.4788445,10.173361,-1.6945165,0.308958185147913,Down,0.048378545820193,0.376890477003421
Q5VUG0,SFMBT2,Scm-like with four MBT domains protein 2,7,11.589615,11.91469,-0.325075,0.79825688706467,Down,0.048468130947606,0.376890477003421
Q86T24,ZBTB33,Transcriptional regulator Kaiso,12,13.96583,13.541425,0.424405,1.34201890973997,Up,0.0484751275010297,0.376890477003421
P49450,CENPA,Histone H3-like centromeric protein A,1,10.3064225,7.138821,3.1676015,8.98551690958138,Up,0.0484839811516167,0.376890477003421
Q8NFJ5,GPRC5A,Retinoic acid-induced protein 3,4,14.97867,14.658705,0.319964999999998,1.24830026458095,Up,0.0485094222457432,0.376890477003421
Q16181,SEPTIN7,Septin-7,21,16.03086,16.210415,-0.179555,0.882975308462362,Down,0.0485274427062256,0.376890477003421
Q15006,EMC2,ER membrane protein complex subunit 2,9,13.8484,13.541975,0.306424999999999,1.23663950587172,Up,0.0485306014987211,0.376890477003421
Q13813,SPTAN1,"Spectrin alpha chain, non-erythrocytic 1",146,17.97812,17.62597,0.352149999999998,1.27646147828101,Up,0.0486899231755805,0.376890477003421
Q01433,AMPD2,AMP deaminase 2,14,14.651475,14.30683,0.344645000000002,1.26983847843067,Up,0.0487143290233656,0.376890477003421
Q96PZ0,PUS7,Pseudouridylate synthase 7 homolog,19,12.966175,13.215385,-0.24921,0.841357004682136,Down,0.0487362003221082,0.376890477003421
P05455,SSB,Lupus La protein,20,15.97136,16.390725,-0.419365,0.74775367452473,Down,0.048737805586473,0.376890477003421
Q96I99,SUCLG2,"Succinate--CoA ligase [GDP-forming] subunit beta, mitochondrial",11,13.64972,14.04291,-0.39319,0.76144408261235,Down,0.0488550344243587,0.376890477003421
Q86YP4,GATAD2A,Transcriptional repressor p66-alpha,25,15.620175,15.435375,0.184799999999999,1.13665938786329,Up,0.0488839096358694,0.376890477003421
Q9BQ67,GRWD1,Glutamate-rich WD repeat-containing protein 1,13,14.98959,14.629695,0.359895,1.28333249264252,Up,0.0488981930425246,0.376890477003421
O43462,MBTPS2,Membrane-bound transcription factor site-2 protease,2,10.9946555,8.056075,2.9385805,7.6665659362401,Up,0.0489058009252547,0.376890477003421
Q9Y2L5,TRAPPC8,Trafficking protein particle complex subunit 8,6,12.699285,12.09253,0.606755,1.52283010912125,Up,0.0489303264092093,0.376890477003421
P62487,POLR2G,DNA-directed RNA polymerase II subunit RPB7,8,13.69005,13.482015,0.208034999999999,1.15511380744942,Up,0.0489319692039292,0.376890477003421
O15427,SLC16A3,Monocarboxylate transporter 4,7,13.813125,13.47387,0.339255,1.26510313277402,Up,0.048937433975022,0.376890477003421
P29692,EEF1D,Elongation factor 1-delta,16,17.29448,17.001625,0.292854999999999,1.22506219919761,Up,0.0489574256722435,0.376890477003421
P35240,NF2,Merlin,10,13.26589,12.942575,0.323314999999999,1.25120223949214,Up,0.049035852362654,0.376890477003421
P41236,PPP1R2,Protein phosphatase inhibitor 2,5,10.998855,11.775465,-0.77661,0.583736829642001,Down,0.0490576340539727,0.376890477003421
P21589,NT5E,5'-nucleotidase,5,13.812955,14.288135,-0.47518,0.71937703025717,Down,0.0490822260742574,0.376890477003421
O43683,BUB1,Mitotic checkpoint serine/threonine-protein kinase BUB1,22,12.798015,12.47128,0.326734999999999,1.25417181206324,Up,0.0490906209681729,0.376890477003421
Q9ULG1,INO80,Chromatin-remodeling ATPase INO80,33,13.491,13.37984,0.11116,1.08009633970797,Up,0.0491308153564178,0.376890477003421
Q9P265,DIP2B,Disco-interacting protein 2 homolog B,34,13.7532,13.50861,0.244589999999999,1.18475602687127,Up,0.0491869324160044,0.376890477003421
Q8TEA1,NSUN6,tRNA (cytosine(72)-C(5))-methyltransferase NSUN6,2,3.564783,8.149689,-4.584906,0.0416682985034359,Down,0.049220132153173,0.376890477003421
P40926,MDH2,"Malate dehydrogenase, mitochondrial",17,18.15795,17.652215,0.505735000000001,1.41984653149495,Up,0.0492712017144736,0.376890477003421
Q8N163,CCAR2,Cell cycle and apoptosis regulator protein 2,33,16.52697,16.2688,0.25817,1.19596071452898,Up,0.0494191293061291,0.377026337891243
Q52LR7,EPC2,Enhancer of polycomb homolog 2,15,14.444525,13.980565,0.463959999999998,1.37932267835187,Up,0.0494754481869561,0.377026337891243
Q9ULM3,YEATS2,YEATS domain-containing protein 2,37,17.57662,17.453635,0.122985,1.08898569286681,Up,0.0495226397004596,0.377026337891243
Q8TCS8,PNPT1,"Polyribonucleotide nucleotidyltransferase 1, mitochondrial",29,14.75764,14.388255,0.369384999999998,1.29180203675024,Up,0.0495282584768581,0.377026337891243
Q96SZ6,CDK5RAP1,Mitochondrial tRNA methylthiotransferase CDK5RAP1,11,14.164365,14.01593,0.148434999999999,1.10836649106924,Up,0.0495741999738977,0.377026337891243
P52943,CRIP2,Cysteine-rich protein 2,8,15.09374,15.62206,-0.52832,0.693361674967457,Down,0.0496595953361574,0.377241684570878
O00410,IPO5,Importin-5,28,13.456505,13.822045,-0.36554,0.776178297491728,Down,0.0497330779564095,0.377366144906901
Q9UBK8,MTRR,Methionine synthase reductase,7,12.99847,13.322145,-0.323675,0.79903189635559,Down,0.0499146746965468,0.378076746410041
Q3KNV8,PCGF3,Polycomb group RING finger protein 3,1,11.602065,11.06989,0.532174999999999,1.44610769786513,Up,0.0499411408104048,0.378076746410041
P52565,ARHGDIA,Rho GDP-dissociation inhibitor 1,3,12.994745,13.414775,-0.42003,0.747409082220934,Down,0.0501809268746249,0.378312247286399
P49736,MCM2,DNA replication licensing factor MCM2,27,18.45455,18.69805,-0.2435,0.844693585188701,Down,0.0502749343756769,0.378312247286399
Q9BUI4,POLR3C,DNA-directed RNA polymerase III subunit RPC3,12,13.181915,12.76841,0.413505000000001,1.33191775524117,Up,0.0503650295698438,0.378312247286399
Q92621,NUP205,Nuclear pore complex protein Nup205,67,15.912375,15.97729,-0.064915,0.95600164117109,Down,0.0504223491468034,0.378312247286399
Q9Y624,F11R,Junctional adhesion molecule A,3,10.6101,11.411495,-0.801395,0.573794084536959,Down,0.0505608606801035,0.378312247286399
P18085,ARF4,ADP-ribosylation factor 4,4,13.3753,13.728575,-0.353275,0.782805067274858,Down,0.0505915171136231,0.378312247286399
Q12981,BNIP1,Vesicle transport protein SEC20,1,13.84332,13.034435,0.808885,1.75185698067487,Up,0.0506022427293362,0.378312247286399
Q08378,GOLGA3,Golgin subfamily A member 3,43,15.261375,15.162395,0.098980000000001,1.07101597565446,Up,0.0506310171296838,0.378312247286399
Q53EL6,PDCD4,Programmed cell death protein 4,14,13.05696,13.594865,-0.537905,0.688770376526549,Down,0.050660673247061,0.378312247286399
Q12769,NUP160,Nuclear pore complex protein Nup160,37,15.65043,15.75535,-0.10492,0.929856503376672,Down,0.0508531190310271,0.378312247286399
Q99536,VAT1,Synaptic vesicle membrane protein VAT-1 homolog,11,15.48336,14.917365,0.565995000000001,1.48040816728742,Up,0.0508645832270488,0.378312247286399
O00429,DNM1L,Dynamin-1-like protein,17,12.196735,12.571115,-0.37438,0.771436867436906,Down,0.0509184784012554,0.378312247286399
Q15233,NONO,Non-POU domain-containing octamer-binding protein,27,20.24186,19.91037,0.331490000000002,1.25831227511364,Up,0.0509456286165515,0.378312247286399
Q7L8L6,FASTKD5,"FAST kinase domain-containing protein 5, mitochondrial",16,14.04563,13.833855,0.211774999999999,1.15811217511705,Up,0.051183482659942,0.378312247286399
Q8N9N5,BANP,Protein BANP,10,16.499,16.139465,0.359535000000001,1.28301229880601,Up,0.0511879837689916,0.378312247286399
Q9Y6E0,STK24,Serine/threonine-protein kinase 24,15,14.248575,14.44336,-0.194785,0.873703091254552,Down,0.0513120510300401,0.378312247286399
Q9HCE5,METTL14,N(6)-adenosine-methyltransferase non-catalytic subunit METTL14,11,13.46681,13.186235,0.280575000000001,1.2146789099076,Up,0.05139927382192,0.378312247286399
O95201,ZNF205,Transcriptional repressor RHIT,3,10.13212,10.87096,-0.73884,0.599220962716092,Down,0.0514080520303239,0.378312247286399
P11182,DBT,"Lipoamide acyltransferase component of branched-chain alpha-keto acid dehydrogenase complex, mitochondrial",18,14.904775,14.632345,0.27243,1.20784053868561,Up,0.0514517915727449,0.378312247286399
Q07864,POLE,DNA polymerase epsilon catalytic subunit A,49,14.52214,14.3708,0.151340000000001,1.11060053806425,Up,0.0515179989033805,0.378312247286399
Q93074,MED12,Mediator of RNA polymerase II transcription subunit 12,59,14.488205,14.36912,0.119085000000002,1.08604584155446,Up,0.0515418187700886,0.378312247286399
Q13404,UBE2V1,Ubiquitin-conjugating enzyme E2 variant 1,5,14.15051,14.691475,-0.540965,0.68731102185315,Down,0.0515431893576384,0.378312247286399
Q13085,ACACA,Acetyl-CoA carboxylase 1,24,13.70272,14.19627,-0.49355,0.710275191084107,Down,0.0516454999110223,0.378312247286399
Q9UIU6,SIX4,Homeobox protein SIX4,5,11.69327,11.409435,0.283835,1.21742677447103,Up,0.0516460430413824,0.378312247286399
Q3T8J9,GON4L,GON-4-like protein,30,15.51346,15.27666,0.236800000000001,1.17837603888227,Up,0.051783592194951,0.378312247286399
Q9NPE3,NOP10,H/ACA ribonucleoprotein complex subunit 3,6,16.139395,15.84272,0.296675,1.22831024434687,Up,0.0517902123996808,0.378312247286399
P16219,ACADS,"Short-chain specific acyl-CoA dehydrogenase, mitochondrial",10,11.81055,12.49797,-0.68742,0.620963338601051,Down,0.0518036833921807,0.378312247286399
Q15800,MSMO1,Methylsterol monooxygenase 1,4,13.23394,13.1618,0.072140000000001,1.0512749204926,Up,0.0518406429130737,0.378312247286399
Q96AH0,NABP1,SOSS complex subunit B2,3,14.689665,13.942395,0.74727,1.67861339687687,Up,0.0518915822778929,0.378312247286399
Q9UHV9,PFDN2,Prefoldin subunit 2,4,14.317965,14.560355,-0.24239,0.845343736912322,Down,0.0519109130716931,0.378312247286399
P54709,ATP1B3,Sodium/potassium-transporting ATPase subunit beta-3,7,14.63898,14.807885,-0.168905,0.889517565435719,Down,0.0519176686515753,0.378312247286399
Q9BXS6,NUSAP1,Nucleolar and spindle-associated protein 1,16,15.2281,14.619555,0.608545000000001,1.52472070800329,Up,0.0520228043955899,0.378312247286399
Q8IYL3,C1orf174,UPF0688 protein C1orf174,1,14.23136,13.669445,0.561914999999999,1.47622742747585,Up,0.0520556628235236,0.378312247286399
Q9UH17,APOBEC3B,DNA dC->dU-editing enzyme APOBEC-3B,6,12.833855,13.309185,-0.47533,0.719302239021296,Down,0.0521166396380238,0.378312247286399
Q9HD42,CHMP1A,Charged multivesicular body protein 1a,5,13.064825,13.49402,-0.429195,0.742676070700278,Down,0.0521957023483728,0.378312247286399
P12081,HARS1,"Histidine--tRNA ligase, cytoplasmic",19,14.291935,14.462815,-0.17088,0.888300679543007,Down,0.0522749605980554,0.378312247286399
Q9NP64,ZCCHC17,Zinc finger CCHC domain-containing protein 17,6,13.647225,13.4097,0.237524999999998,1.17896835902065,Up,0.0523264158646168,0.378312247286399
Q15907,RAB11B,Ras-related protein Rab-11B,9,13.890645,14.13677,-0.246125,0.843158053006794,Down,0.0524353278863805,0.378312247286399
Q13501,SQSTM1,Sequestosome-1,5,13.30068,12.122505,1.178175,2.26290340093908,Up,0.0524731863164756,0.378312247286399
P30044,PRDX5,"Peroxiredoxin-5, mitochondrial",7,14.159005,14.46076,-0.301755,0.811264913746567,Down,0.0527135399021655,0.378312247286399
Q6ZRS2,SRCAP,Helicase SRCAP,39,14.183635,13.950285,0.233349999999998,1.175561487,Up,0.0527828612052906,0.378312247286399
P25786,PSMA1,Proteasome subunit alpha type-1,10,14.555815,14.31443,0.241384999999998,1.18212696921611,Up,0.0528009481266509,0.378312247286399
P22626,HNRNPA2B1,Heterogeneous nuclear ribonucleoproteins A2/B1,22,20.844235,20.4704,0.373835000000003,1.29579275806733,Up,0.052867995866625,0.378312247286399
Q9GZR2,REXO4,RNA exonuclease 4,9,15.37559,15.1333,0.242289999999999,1.1828687479681,Up,0.0528835407312376,0.378312247286399
P13639,EEF2,Elongation factor 2,49,17.296605,17.55015,-0.253545,0.838832695433338,Down,0.0529203861482843,0.378312247286399
Q8IUF8,RIOX2,Ribosomal oxygenase 2,11,14.79029,14.341295,0.448995000000002,1.36508898683906,Up,0.0529251677076078,0.378312247286399
P37837,TALDO1,Transaldolase,11,13.46508,14.60636,-1.14128,0.453357167819655,Down,0.0529285060778264,0.378312247286399
Q9NQT5,EXOSC3,Exosome complex component RRP40,9,15.19108,14.980185,0.210894999999999,1.15740597739221,Up,0.0529473579742213,0.378312247286399
Q9UI09,NDUFA12,NADH dehydrogenase [ubiquinone] 1 alpha subcomplex subunit 12,7,14.39636,14.794175,-0.397815,0.759006949399422,Down,0.0529613880184552,0.378312247286399
Q9H5H4,ZNF768,Zinc finger protein 768,5,12.446335,12.946865,-0.50053,0.706847060487987,Down,0.0529742689649988,0.378312247286399
Q16204,CCDC6,Coiled-coil domain-containing protein 6,10,14.919035,14.777825,0.141210000000001,1.10282968027565,Up,0.0530859819966487,0.378312247286399
Q8WTT2,NOC3L,Nucleolar complex protein 3 homolog,20,16.455395,16.578995,-0.1236,0.917894341384133,Down,0.0531357923123221,0.378312247286399
Q96DG6,CMBL,Carboxymethylenebutenolidase homolog,9,12.356485,13.343435,-0.98695,0.504543302757721,Down,0.0531710326845289,0.378312247286399
O75764,TCEA3,Transcription elongation factor A protein 3,15,13.19118,13.129735,0.0614449999999991,1.04351041519875,Up,0.0531833343027856,0.378312247286399
P61224,RAP1B,Ras-related protein Rap-1b,2,13.90082,14.165585,-0.264765,0.832334302261054,Down,0.0532077394850885,0.378312247286399
Q13057,COASY,Bifunctional coenzyme A synthase,11,12.78136,13.0735,-0.29214,0.816689735198336,Down,0.0532167171030189,0.378312247286399
Q9UH03,SEPTIN3,Neuronal-specific septin-3,2,9.8900685,11.68173,-1.7916615,0.288839208624645,Down,0.0533959527942999,0.378312247286399
O95169,NDUFB8,"NADH dehydrogenase [ubiquinone] 1 beta subcomplex subunit 8, mitochondrial",3,14.27883,14.741805,-0.462975,0.725488675568914,Down,0.0534220844263105,0.378312247286399
Q15007,WTAP,Pre-mRNA-splicing regulator WTAP,15,16.471095,16.146175,0.324919999999999,1.25259497808409,Up,0.0534581640329188,0.378312247286399
P57737,CORO7,Coronin-7,8,11.814925,12.07391,-0.258985,0.835675647569969,Down,0.0535322999344085,0.378312247286399
Q00341,HDLBP,Vigilin,46,14.473285,14.207815,0.265470000000001,1.20202758130054,Up,0.0535355605981739,0.378312247286399
Q14152,EIF3A,Eukaryotic translation initiation factor 3 subunit A,43,14.69258,14.534265,0.158314999999998,1.11598296096533,Up,0.0535742003106325,0.378312247286399
P30038,ALDH4A1,"Delta-1-pyrroline-5-carboxylate dehydrogenase, mitochondrial",4,3.564783,13.472233,-9.90745,0.00104126283915459,Down,0.0537320840911729,0.378312247286399
Q6NXT1,ANKRD54,Ankyrin repeat domain-containing protein 54,3,10.36478,10.85046,-0.48568,0.71416037811688,Down,0.0538091654496138,0.378312247286399
Q13614,MTMR2,"Phosphatidylinositol-3,5-bisphosphate 3-phosphatase MTMR2",7,12.694115,13.05102,-0.356905,0.780837908296025,Down,0.0538777062943376,0.378312247286399
P32242,OTX1,Homeobox protein OTX1,1,11.33246,10.923115,0.409345000000002,1.32808271250341,Up,0.0538781762855958,0.378312247286399
P55265,ADAR,Double-stranded RNA-specific adenosine deaminase,48,16.134695,15.98289,0.151805,1.11095855723708,Up,0.0539272028685504,0.378312247286399
Q9BZZ5,API5,Apoptosis inhibitor 5,26,18.080545,17.83007,0.250475000000002,1.1895987198566,Up,0.0539291374058341,0.378312247286399
Q53H12,AGK,"Acylglycerol kinase, mitochondrial",9,13.76508,13.424685,0.340395000000001,1.26610319688455,Up,0.0539574689782165,0.378312247286399
Q00325,SLC25A3,Solute carrier family 25 member 3,11,16.833345,16.68479,0.148555000000002,1.10845868623648,Up,0.053979187349232,0.378312247286399
O95208,EPN2,Epsin-2,7,13.3624,13.1046,0.257800000000001,1.19565403244218,Up,0.0540659273266094,0.378518764514366
P37802,TAGLN2,Transgelin-2,11,16.16903,16.44252,-0.27349,0.827315777071392,Down,0.0542113188677906,0.37913503322458
Q9Y5X2,SNX8,Sorting nexin-8,12,13.59881,13.266005,0.332805,1.25945973520413,Up,0.0542811085885064,0.379221825223509
Q7Z4S6,KIF21A,Kinesin-like protein KIF21A,27,12.114895,12.327015,-0.21212,0.86326775099514,Down,0.0543479230187034,0.379287669726093
Q6NW34,NEPRO,Nucleolus and neural progenitor protein,16,13.58892,13.30859,0.280330000000001,1.21447264936267,Up,0.0544656664867436,0.379708428070557
P11310,ACADM,"Medium-chain specific acyl-CoA dehydrogenase, mitochondrial",12,13.69894,14.03013,-0.33119,0.794880559903721,Down,0.0546446003752041,0.379820834429576
P40692,MLH1,DNA mismatch repair protein Mlh1,28,14.33656,14.57169,-0.23513,0.849608438209124,Down,0.0546515045728805,0.379820834429576
P31153,MAT2A,S-adenosylmethionine synthase isoform type-2,8,12.772045,13.40479,-0.632745,0.64494811146507,Down,0.054654200868895,0.379820834429576
P18615,NELFE,Negative elongation factor E,10,16.333065,16.06576,0.267305,1.20355744305214,Up,0.0549177771594353,0.380918941384578
O95299,NDUFA10,"NADH dehydrogenase [ubiquinone] 1 alpha subcomplex subunit 10, mitochondrial",9,13.022925,13.509105,-0.48618,0.71391291187571,Down,0.0549755943414001,0.380918941384578
Q9ULX3,NOB1,RNA-binding protein NOB1,9,13.698805,13.37112,0.327684999999999,1.25499794340562,Up,0.0549851218158401,0.380918941384578
Q00653,NFKB2,Nuclear factor NF-kappa-B p100 subunit,19,13.18922,12.881505,0.307715,1.23774575379031,Up,0.055054018237509,0.380996865478217
O75131,CPNE3,Copine-3,12,15.87842,16.26737,-0.38895,0.763685215834422,Down,0.0554068843062727,0.382833797520042
Q96TA1,NIBAN2,Protein Niban 2,21,14.35212,14.64069,-0.28857,0.818713165379489,Down,0.0554353070398972,0.382833797520042
Q92820,GGH,Gamma-glutamyl hydrolase,10,14.1593,14.651975,-0.492675,0.71070610633712,Down,0.0555225330287013,0.383035929839966
Q92508,PIEZO1,Piezo-type mechanosensitive ion channel component 1,9,11.51352,10.79716,0.71636,1.64303134087025,Up,0.055757670060312,0.383445266039489
Q9BTT0,ANP32E,Acidic leucine-rich nuclear phosphoprotein 32 family member E,5,13.29003,13.84322,-0.55319,0.681511544047804,Down,0.055807526777925,0.383445266039489
Q9BTV4,TMEM43,Transmembrane protein 43,9,14.23313,13.8591,0.374029999999999,1.29596791404831,Up,0.055833048181381,0.383445266039489
Q13838,DDX39B,Spliceosome RNA helicase DDX39B,6,18.6263,18.47337,0.152929999999998,1.11182521011267,Up,0.0559919983609717,0.383445266039489
P17655,CAPN2,Calpain-2 catalytic subunit,13,11.326685,12.121055,-0.79437,0.576594907466167,Down,0.056038580989956,0.383445266039489
Q92947,GCDH,"Glutaryl-CoA dehydrogenase, mitochondrial",8,13.608035,14.01956,-0.411525,0.751828233907115,Down,0.056050557138364,0.383445266039489
Q13207,TBX2,T-box transcription factor TBX2,1,3.564783,9.5503195,-5.9855365,0.0157824336916835,Down,0.0560752358012505,0.383445266039489
Q9UKK3,PARP4,Protein mono-ADP-ribosyltransferase PARP4,6,12.060825,11.66533,0.395494999999999,1.31539400480251,Up,0.056162720383657,0.383445266039489
Q9Y2P8,RCL1,RNA 3'-terminal phosphate cyclase-like protein,10,13.45126,13.259935,0.191324999999999,1.14181189735835,Up,0.0561658630565939,0.383445266039489
Q14204,DYNC1H1,Cytoplasmic dynein 1 heavy chain 1,199,15.86136,16.133295,-0.271935,0.828207975045446,Down,0.0562066256396263,0.383445266039489
P43304,GPD2,"Glycerol-3-phosphate dehydrogenase, mitochondrial",16,13.534435,13.83076,-0.296325,0.814324097309129,Down,0.0562200730507285,0.383445266039489
P46782,RPS5,Small ribosomal subunit protein uS7,12,16.52759,16.326205,0.201384999999998,1.14980164507754,Up,0.0563872178675942,0.384120759822133
Q9Y283,INVS,Inversin,2,3.564783,11.329228,-7.764445,0.00459906084545573,Down,0.056505692592425,0.384120759822133
Q6NZI2,CAVIN1,Caveolae-associated protein 1,11,16.727815,16.16284,0.564974999999997,1.47936187363893,Up,0.0566321920649694,0.384120759822133
Q15185,PTGES3,Prostaglandin E synthase 3,7,15.437215,15.651135,-0.21392,0.86219135373252,Down,0.056738923696591,0.384120759822133
Q96I24,FUBP3,Far upstream element-binding protein 3,24,18.79796,18.5534,0.24456,1.18473139081843,Up,0.0568907649199452,0.384120759822133
A6H8Y1,BDP1,Transcription factor TFIIIB component B'' homolog,7,11.558895,11.06665,0.492245,1.4066320553768,Up,0.056940149362275,0.384120759822133
P05023,ATP1A1,Sodium/potassium-transporting ATPase subunit alpha-1,33,14.0337,14.158505,-0.124805,0.917127997241112,Down,0.0569639498337127,0.384120759822133
P82912,MRPS11,Small ribosomal subunit protein uS11m,4,12.46752,12.19931,0.26821,1.20431266931912,Up,0.0569888495901998,0.384120759822133
P11172,UMPS,Uridine 5'-monophosphate synthase,13,12.538955,12.94534,-0.406385,0.754511607168177,Down,0.0569973204597292,0.384120759822133
Q53H82,LACTB2,Endoribonuclease LACTB2,5,11.73537,11.93078,-0.19541,0.873324670208214,Down,0.0571113914111186,0.384120759822133
O43296,ZNF264,Zinc finger protein 264,5,11.08799,10.471775,0.616214999999999,1.53284837843648,Up,0.057130352475645,0.384120759822133
P61225,RAP2B,Ras-related protein Rap-2b,4,11.395645,12.48475,-1.089105,0.470052889346928,Down,0.0571417737857138,0.384120759822133
P43246,MSH2,DNA mismatch repair protein Msh2,35,15.29023,15.61533,-0.3251,0.798243054446756,Down,0.05714891955103,0.384120759822133
P49588,AARS1,"Alanine--tRNA ligase, cytoplasmic",19,15.089755,15.82471,-0.734955,0.600836765545097,Down,0.0571951284570921,0.384120759822133
O60749,SNX2,Sorting nexin-2,16,13.46632,13.749685,-0.283365,0.821672278960109,Down,0.0572057683438156,0.384120759822133
P17706,PTPN2,Tyrosine-protein phosphatase non-receptor type 2,11,16.03522,16.20483,-0.16961,0.889082992177814,Down,0.0573011194734792,0.384120759822133
O75376,NCOR1,Nuclear receptor corepressor 1,56,14.577025,14.732255,-0.15523,0.897989200574709,Down,0.0573071673754914,0.384120759822133
A4D1E9,GTPBP10,GTP-binding protein 10,13,13.59866,13.109605,0.489055,1.40352523174482,Up,0.0574030069028246,0.384373325856908
P10586,PTPRF,Receptor-type tyrosine-protein phosphatase F,32,13.27166,12.91877,0.35289,1.27711638022505,Up,0.057734961480732,0.386204818245099
P07311,ACYP1,Acylphosphatase-1,3,10.13738,10.560315,-0.422935,0.745905619043175,Down,0.0579753748974632,0.386271108433519
P16152,CBR1,Carbonyl reductase [NADPH] 1,12,12.552405,13.428795,-0.87639,0.544728781,Down,0.058068024874751,0.386271108433519
P16435,POR,NADPH--cytochrome P450 reductase,15,13.936265,14.216585,-0.28032,0.823408359192454,Down,0.0580881068048889,0.386271108433519
Q13325,IFIT5,Interferon-induced protein with tetratricopeptide repeats 5,5,12.39697,12.76063,-0.36366,0.777190407698575,Down,0.0580995228661538,0.386271108433519
Q69YL0,NCBP2AS2,Protein NCBP2AS2,3,9.801376,10.5576665,-0.7562905,0.592016585904942,Down,0.0581739693940192,0.386271108433519
Q9Y570,PPME1,Protein phosphatase methylesterase 1,10,12.80148,13.480745,-0.679265,0.624483344690602,Down,0.0583821836842705,0.386271108433519
Q14498,RBM39,RNA-binding protein 39,21,17.78356,17.50361,0.279949999999999,1.2141528043362,Up,0.0584538418690097,0.386271108433519
Q8N335,GPD1L,Glycerol-3-phosphate dehydrogenase 1-like protein,5,12.288755,13.04313,-0.754375,0.592803142242748,Down,0.058479937569363,0.386271108433519
Q8NBJ5,COLGALT1,Procollagen galactosyltransferase 1,25,15.96141,15.579155,0.382255000000001,1.30337750427757,Up,0.0584871708801486,0.386271108433519
Q05BQ5,MBTD1,MBT domain-containing protein 1,11,13.990955,13.801085,0.189869999999999,1.14066092726965,Up,0.058499955880685,0.386271108433519
P46109,CRKL,Crk-like protein,6,14.04069,14.62804,-0.58735,0.665564320119353,Down,0.0585231587203146,0.386271108433519
Q93052,LPP,Lipoma-preferred partner,10,11.874595,12.03922,-0.164625,0.892160388705637,Down,0.058547055304608,0.386271108433519
P54886,ALDH18A1,Delta-1-pyrroline-5-carboxylate synthase,30,15.97474,16.266425,-0.291685,0.816947345034192,Down,0.05869560727514,0.386271108433519
P62829,RPL23,Large ribosomal subunit protein uL14,5,15.96791,16.278255,-0.310345,0.806448885380474,Down,0.0587135249126537,0.386271108433519
O94906,PRPF6,Pre-mRNA-processing factor 6,44,17.01938,16.78044,0.238939999999999,1.1801252622857,Up,0.0587583740970333,0.386271108433519
Q14692,BMS1,Ribosome biogenesis protein BMS1 homolog,27,13.90409,13.67438,0.229710000000001,1.17259921822602,Up,0.0587591940513569,0.386271108433519
Q13426,XRCC4,DNA repair protein XRCC4,9,13.88103,13.447535,0.433495000000001,1.3505012732335,Up,0.0588808235813196,0.386271108433519
O95232,LUC7L3,Luc7-like protein 3,14,16.78898,16.67468,0.1143,1.08244971021378,Up,0.0589346732120428,0.386271108433519
Q96QC0,PPP1R10,Serine/threonine-protein phosphatase 1 regulatory subunit 10,25,16.67417,16.30054,0.373630000000002,1.29560864525356,Up,0.0589480733971077,0.386271108433519
Q9BRS2,RIOK1,Serine/threonine-protein kinase RIO1,5,10.69188,11.092005,-0.400125,0.75779262268323,Down,0.0589511781900368,0.386271108433519
Q96S52,PIGS,GPI transamidase component PIG-S,9,12.82921,12.56365,0.265560000000001,1.20210257002214,Up,0.0589722421560631,0.386271108433519
Q14781,CBX2,Chromobox protein homolog 2,9,13.13262,12.620585,0.512034999999999,1.42606031338348,Up,0.0591219063353062,0.386867998980236
Q6UWE0,LRSAM1,E3 ubiquitin-protein ligase LRSAM1,16,14.198605,14.54229,-0.343685,0.788025925920813,Down,0.0593533803298339,0.387252193048378
P42356,PI4KA,Phosphatidylinositol 4-kinase alpha,50,15.033525,14.956985,0.0765400000000014,1.05448604300809,Up,0.0593947944392117,0.387252193048378
Q6DD88,ATL3,Atlastin-3,16,13.58037,13.800685,-0.220315,0.858377996554786,Down,0.0594443197758217,0.387252193048378
P52564,MAP2K6,Dual specificity mitogen-activated protein kinase kinase 6,14,13.175035,14.04938,-0.874345,0.545501474009721,Down,0.0595722558864655,0.387252193048378
P35222,CTNNB1,Catenin beta-1,14,12.712105,12.29844,0.413665,1.33206547783838,Up,0.0595777126547632,0.387252193048378
Q92604,LPGAT1,Acyl-CoA:lysophosphatidylglycerol acyltransferase 1,4,10.73947,10.39727,0.342200000000002,1.26768824876079,Up,0.0596837896319742,0.387252193048378
Q96BJ3,AIDA,"Axin interactor, dorsalization-associated protein",8,14.12659,14.449315,-0.322725,0.799558223998098,Down,0.0597730671166081,0.387252193048378
P50395,GDI2,Rab GDP dissociation inhibitor beta,28,15.5471,15.813465,-0.266365,0.831411725660877,Down,0.0598388567321835,0.387252193048378
P62857,RPS28,Small ribosomal subunit protein eS28,3,17.16686,16.85415,0.312709999999999,1.24203859118098,Up,0.0598753885804116,0.387252193048378
O00116,AGPS,"Alkyldihydroxyacetonephosphate synthase, peroxisomal",25,14.88959,14.57201,0.31758,1.24623833429259,Up,0.0599440925819434,0.387252193048378
O75380,NDUFS6,"NADH dehydrogenase [ubiquinone] iron-sulfur protein 6, mitochondrial",3,13.816805,13.90429,-0.087485,0.941162014911153,Down,0.0600837521487584,0.387252193048378
P50991,CCT4,T-complex protein 1 subunit delta,27,16.994895,16.753415,0.241479999999999,1.18220481363677,Up,0.0600936902612635,0.387252193048378
O75340,PDCD6,Programmed cell death protein 6,7,14.464095,14.95102,-0.486925,0.713544346238647,Down,0.0601649719266356,0.387252193048378
P53004,BLVRA,Biliverdin reductase A,7,15.157755,15.90189,-0.744135,0.597025724319191,Down,0.0601708474951561,0.387252193048378
O15446,POLR1G,DNA-directed RNA polymerase I subunit RPA34,6,14.82009,14.48252,0.337569999999999,1.26362641431249,Up,0.0601812107998431,0.387252193048378
Q9NTX5,ECHDC1,Ethylmalonyl-CoA decarboxylase,11,12.145935,12.60494,-0.459005,0.727487820532352,Down,0.0602451053788852,0.387252193048378
Q9NYV6,RRN3,RNA polymerase I-specific transcription initiation factor RRN3,24,14.5149,14.17591,0.338990000000001,1.26487077490744,Up,0.0602571953582551,0.387252193048378
P49184,DNASE1L1,Deoxyribonuclease-1-like 1,2,11.843015,12.89111,-1.048095,0.483606318774609,Down,0.060274441572022,0.387252193048378
Q9NVX7,KBTBD4,Kelch repeat and BTB domain-containing protein 4,5,11.11952,11.933895,-0.814375,0.568654784176739,Down,0.0603088464065719,0.387252193048378
Q13509,TUBB3,Tubulin beta-3 chain,3,14.823885,15.371105,-0.54722,0.684337542328384,Down,0.0603525130639778,0.387252193048378
Q03936,ZNF92,Zinc finger protein 92,1,3.564783,10.418763,-6.85398,0.00864463041022663,Down,0.0604312826597941,0.387381519979223
Q96Q15,SMG1,Serine/threonine-protein kinase SMG1,7,12.17354,12.259565,-0.086025,0.942114948155355,Down,0.0605231043007683,0.387488044350503
P54278,PMS2,Mismatch repair endonuclease PMS2,21,15.66008,16.060025,-0.399945,0.757887175709206,Down,0.0605720636562465,0.387488044350503
Q15717,ELAVL1,ELAV-like protein 1,15,17.057905,16.784405,0.273499999999999,1.208736687,Up,0.0606755297562983,0.387488044350503
P19338,NCL,Nucleolin,21,19.19051,18.985685,0.204825000000003,1.15254653355278,Up,0.0606824218342822,0.387488044350503
Q9NR11,ZNF302,Zinc finger protein 302,2,13.190835,12.995935,0.194900000000001,1.14464481711611,Up,0.0608413045573641,0.38764745665217
Q5VV67,PPRC1,Peroxisome proliferator-activated receptor gamma coactivator-related protein 1,7,10.95795,10.29099,0.66696,1.5877238402009,Up,0.0608651019005018,0.38764745665217
Q6YHK3,CD109,CD109 antigen,22,12.61214,13.19023,-0.57809,0.669850012492196,Down,0.060948534719952,0.38764745665217
P30281,CCND3,G1/S-specific cyclin-D3,3,11.934045,11.13651,0.797535,1.73812880761342,Up,0.0609842155833958,0.38764745665217
P56192,MARS1,"Methionine--tRNA ligase, cytoplasmic",23,16.15159,15.759615,0.391974999999999,1.31218851590069,Up,0.0610129238947447,0.38764745665217
Q96G03,PGM2,Phosphopentomutase,6,10.997105,11.47592,-0.478815,0.71756677659074,Down,0.0610820515315543,0.38764745665217
P04792,HSPB1,Heat shock protein beta-1,9,13.882485,14.59068,-0.708195,0.61208545887322,Down,0.0611179678970437,0.38764745665217
O95336,PGLS,6-phosphogluconolactonase,9,11.479855,11.95306,-0.473205,0.720362507111822,Down,0.0612862582784027,0.388342167748767
Q9H8E8,KAT14,Cysteine-rich protein 2-binding protein,11,13.29868,13.058655,0.240025000000001,1.18101312665019,Up,0.0614629765597895,0.388768811530572
Q96HS1,PGAM5,"Serine/threonine-protein phosphatase PGAM5, mitochondrial",17,15.514315,15.80085,-0.286535,0.819868819794469,Down,0.0614712374110225,0.388768811530572
O75534,CSDE1,Cold shock domain-containing protein E1,30,14.47984,14.079775,0.400065,1.31956736196938,Up,0.0615868427680554,0.389040841017054
Q5T6S3,PHF19,PHD finger protein 19,10,13.36269,13.03859,0.324100000000001,1.25188322957981,Up,0.0616322811462364,0.389040841017054
Q8IW92,GLB1L2,Beta-galactosidase-1-like protein 2,2,10.4142735,9.4644195,0.949854,1.93167716321728,Up,0.0617083072695904,0.389040841017054
Q9NWZ5,UCKL1,Uridine-cytidine kinase-like 1,1,3.564783,11.814836,-8.250053,0.00328463095303607,Down,0.0617515098647216,0.389040841017054
Q71F23,CENPU,Centromere protein U,5,10.95305,10.39459,0.55846,1.47269635316565,Up,0.0618085766481929,0.389040841017054
Q8N5N7,MRPL50,Large ribosomal subunit protein mL50,5,13.033175,12.48692,0.546255,1.46029009781592,Up,0.0622087727795562,0.391168484111243
Q13895,BYSL,Bystin,14,13.25319,12.80756,0.445630000000001,1.36190870867037,Up,0.0624204055418104,0.391168484111243
Q12931,TRAP1,"Heat shock protein 75 kDa, mitochondrial",23,17.545115,17.902385,-0.35727,0.780640382291958,Down,0.0624647310825425,0.391168484111243
Q04941,PLP2,Proteolipid protein 2,2,14.329365,14.43548,-0.106115,0.929086612016085,Down,0.0625408530309671,0.391168484111243
Q9UBQ0,VPS29,Vacuolar protein sorting-associated protein 29,8,12.019605,12.41132,-0.391715,0.762222975119322,Down,0.0625593698627464,0.391168484111243
Q96GC5,MRPL48,Large ribosomal subunit protein mL48,4,13.39289,13.166605,0.226285000000001,1.16981873534656,Up,0.0625673724998344,0.391168484111243
Q9Y256,RCE1,CAAX prenyl protease 2,2,10.904375,10.36364,0.540735,1.45471345150261,Up,0.0626399891301148,0.391168484111243
P62312,LSM6,U6 snRNA-associated Sm-like protein LSm6,3,15.30787,14.909685,0.398185000000002,1.31784893160478,Up,0.0627315299130611,0.391168484111243
Q92688,ANP32B,Acidic leucine-rich nuclear phosphoprotein 32 family member B,7,16.18743,16.617485,-0.430055,0.742233488537402,Down,0.0628171310476133,0.391168484111243
O43660,PLRG1,Pleiotropic regulator 1,23,15.922585,15.48932,0.433265,1.35028598828026,Up,0.0629024603856103,0.391168484111243
Q9P1Z0,ZBTB4,Zinc finger and BTB domain-containing protein 4,8,12.09528,11.810895,0.284384999999999,1.21789098371581,Up,0.0629099657131792,0.391168484111243
Q9NXW2,DNAJB12,DnaJ homolog subfamily B member 12,9,18.46273,18.01933,0.4434,1.3598052077041,Up,0.0629948670053618,0.391168484111243
P17544,ATF7,Cyclic AMP-dependent transcription factor ATF-7,8,14.64353,14.291365,0.352165000000001,1.27647474998513,Up,0.0631041228498323,0.391168484111243
O75306,NDUFS2,"NADH dehydrogenase [ubiquinone] iron-sulfur protein 2, mitochondrial",11,13.48996,13.662455,-0.172495,0.887306843088206,Down,0.0631634625630214,0.391168484111243
Q9UHW5,GPN3,GPN-loop GTPase 3,1,11.356475,12.292885,-0.93641,0.522531530584232,Down,0.0632396803263788,0.391168484111243
P31327,CPS1,"Carbamoyl-phosphate synthase [ammonia], mitochondrial",47,14.43326,14.98461,-0.55135,0.682381292125969,Down,0.063257317216576,0.391168484111243
P08865,RPSA,Small ribosomal subunit protein uS2,9,16.64012,16.47957,0.160549999999997,1.11771316371043,Up,0.0632907958942649,0.391168484111243
P16615,ATP2A2,Sarcoplasmic/endoplasmic reticulum calcium ATPase 2,37,14.773715,14.91953,-0.145815,0.903868624407911,Down,0.0633303670851948,0.391168484111243
Q86XL3,ANKLE2,Ankyrin repeat and LEM domain-containing protein 2,23,13.60867,13.046235,0.562435000000001,1.47675960967624,Up,0.0634255208416301,0.391168484111243
Q15019,SEPTIN2,Septin-2,16,15.96644,16.170985,-0.204545,0.867812336359548,Down,0.0634638844049699,0.391168484111243
Q9Y5J7,TIMM9,Mitochondrial import inner membrane translocase subunit Tim9,3,10.66982,10.152535,0.517284999999999,1.43125923298852,Up,0.0636561079879937,0.391168484111243
Q8WWM7,ATXN2L,Ataxin-2-like protein,22,14.238,13.911385,0.326615,1.25406749732297,Up,0.0636616409356038,0.391168484111243
P46013,MKI67,Proliferation marker protein Ki-67,125,17.17515,17.045705,0.129445000000004,1.09387281106394,Up,0.0636822291724165,0.391168484111243
P10768,ESD,S-formylglutathione hydrolase,6,12.81074,13.13834,-0.3276,0.796861002442928,Down,0.0637527053299924,0.391168484111243
Q99436,PSMB7,Proteasome subunit beta type-7,7,14.973805,14.62688,0.346924999999999,1.27184688674366,Up,0.0639724271644646,0.391168484111243
O95816,BAG2,BAG family molecular chaperone regulator 2,10,15.32319,14.91677,0.406420000000001,1.32539281164789,Up,0.0640190310754103,0.391168484111243
Q7Z7F7,MRPL55,Large ribosomal subunit protein mL55,5,13.10307,12.4328,0.670269999999999,1.59137076426546,Up,0.0640268146563844,0.391168484111243
O15042,U2SURP,U2 snRNP-associated SURP motif-containing protein,30,17.66703,17.465575,0.201454999999999,1.1498574351548,Up,0.0641085633995356,0.391168484111243
Q07666,KHDRBS1,"KH domain-containing, RNA-binding, signal transduction-associated protein 1",11,19.05848,18.928945,0.129535000000001,1.09394105252942,Up,0.0641415948701157,0.391168484111243
O60870,KIN,DNA/RNA-binding protein KIN17,14,13.158315,12.908535,0.249779999999999,1.18902578380593,Up,0.0641838214319242,0.391168484111243
P35221,CTNNA1,Catenin alpha-1,29,15.36427,14.992045,0.372225,1.294347503,Up,0.0642472913191511,0.391168484111243
Q99590,SCAF11,Protein SCAF11,19,15.045365,14.895065,0.150300000000001,1.10980022454419,Up,0.0642879061661597,0.391168484111243
Q9H3Q1,CDC42EP4,Cdc42 effector protein 4,4,12.51966,12.350565,0.169095,1.12435295883894,Up,0.0642893302100646,0.391168484111243
Q9BZE1,MRPL37,Large ribosomal subunit protein mL37,20,14.4929,14.136045,0.356855000000001,1.28063114331077,Up,0.0643266019715991,0.391168484111243
P11021,HSPA5,Endoplasmic reticulum chaperone BiP,27,18.94892,18.82513,0.12379,1.08959349845073,Up,0.064433960742611,0.391168484111243
O95613,PCNT,Pericentrin,9,12.02358,11.45953,0.564049999999998,1.47841366829926,Up,0.064482598353292,0.391168484111243
Q8NCF5,NFATC2IP,NFATC2-interacting protein,6,12.570865,13.20164,-0.630775,0.645829389631967,Down,0.0644886276598775,0.391168484111243
P42892,ECE1,Endothelin-converting enzyme 1,6,10.626305,11.680425,-1.05412,0.481590887740157,Down,0.0645209241326706,0.391168484111243
Q15181,PPA1,Inorganic pyrophosphatase,8,13.042955,13.98038,-0.937425,0.52216403574782,Down,0.0645408839316607,0.391168484111243
Q15573,TAF1A,TATA box-binding protein-associated factor RNA polymerase I subunit A,12,13.442235,13.154995,0.287240000000001,1.22030349737063,Up,0.064563405412944,0.391168484111243
Q02880,TOP2B,DNA topoisomerase 2-beta,74,17.84811,17.721955,0.126154999999997,1.09138112635767,Up,0.0647205742164086,0.391168484111243
Q14566,MCM6,DNA replication licensing factor MCM6,37,15.789205,15.985,-0.195795,0.873091644427267,Down,0.0649127841531718,0.391168484111243
Q14696,MESD,LRP chaperone MESD,10,14.31877,13.894855,0.423915000000001,1.34156318099115,Up,0.0650573489700476,0.391168484111243
Q9H9L4,KANSL2,KAT8 regulatory NSL complex subunit 2,11,14.96326,14.370585,0.592675,1.50804031790308,Up,0.0650971152218963,0.391168484111243
Q9UHG3,PCYOX1,Prenylcysteine oxidase 1,10,12.792715,13.09789,-0.305175,0.809344036548893,Down,0.0651041002955254,0.391168484111243
Q5T3J3,LRIF1,Ligand-dependent nuclear receptor-interacting factor 1,18,13.899285,13.54159,0.357695,1.2813769997525,Up,0.0651366531759384,0.391168484111243
P42858,HTT,Huntingtin,1,8.5014565,9.6420685,-1.140612,0.453567130910799,Down,0.0652154224143324,0.391168484111243
Q15555,MAPRE2,Microtubule-associated protein RP/EB family member 2,3,11.72605,11.902405,-0.176355,0.884935984023096,Down,0.065364747829091,0.391168484111243
Q99829,CPNE1,Copine-1,9,12.67794,13.69367,-1.01573,0.494578009675005,Down,0.0653669623856553,0.391168484111243
Q9BRG1,VPS25,Vacuolar protein-sorting-associated protein 25,5,14.07452,13.805065,0.269455000000001,1.20535240146692,Up,0.0654234083870049,0.391168484111243
Q86VP6,CAND1,Cullin-associated NEDD8-dissociated protein 1,40,16.196695,16.51661,-0.319915,0.801117076022817,Down,0.0654405444478408,0.391168484111243
O76071,CIAO1,Probable cytosolic iron-sulfur protein assembly protein CIAO1,5,15.81725,16.198865,-0.381615,0.767577857776062,Down,0.0655758134127869,0.391168484111243
P78332,RBM6,RNA-binding protein 6,32,15.363255,15.093445,0.269810000000001,1.20564903571103,Up,0.0656074490024188,0.391168484111243
Q13257,MAD2L1,Mitotic spindle assembly checkpoint protein MAD2A,5,13.069495,13.314865,-0.24537,0.843599415118423,Down,0.0656448596364359,0.391168484111243
O95466,FMNL1,Formin-like protein 1,6,11.94636,11.33529,0.611069999999998,1.52739160566578,Up,0.0657221912560873,0.391168484111243
Q9Y6U3,SCIN,Scinderin,9,11.36483,11.90698,-0.54215,0.686746710520826,Down,0.0658378303949843,0.391168484111243
Q9UKI8,TLK1,Serine/threonine-protein kinase tousled-like 1,7,12.82967,13.211045,-0.381375,0.767705559060375,Down,0.0658466969992062,0.391168484111243
P09972,ALDOC,Fructose-bisphosphate aldolase C,10,13.734635,13.88499,-0.150355,0.901028721671457,Down,0.0658497168381662,0.391168484111243
Q9H1A3,METTL9,Protein-L-histidine N-pros-methyltransferase,2,10.764415,10.32129,0.443124999999998,1.35954603249118,Up,0.0658751868940093,0.391168484111243
Q86WA8,LONP2,"Lon protease homolog 2, peroxisomal",17,12.41605,12.791685,-0.375635,0.770766086526761,Down,0.0659220257295796,0.391168484111243
Q9BQE3,TUBA1C,Tubulin alpha-1C chain,6,17.20379,17.7814,-0.57761,0.670072915802119,Down,0.0659253943851599,0.391168484111243
Q9UJY1,HSPB8,Heat shock protein beta-8,5,11.590065,12.04806,-0.457995,0.727997297541542,Down,0.0659726807102492,0.391168484111243
Q9BT40,INPP5K,Inositol polyphosphate 5-phosphatase K,8,12.482465,12.757055,-0.27459,0.826685220731393,Down,0.0659787826330697,0.391168484111243
Q4G0J3,LARP7,La-related protein 7,23,13.947705,13.67925,0.268454999999999,1.20451720433896,Up,0.0660772589190668,0.391168484111243
Q96AY2,EME1,Crossover junction endonuclease EME1,8,13.574785,13.279145,0.295640000000001,1.22742936158541,Up,0.066210881564545,0.391168484111243
P27144,AK4,"Adenylate kinase 4, mitochondrial",7,17.17019,17.464045,-0.293855,0.815719474198924,Down,0.0663271471393599,0.391168484111243
P52888,THOP1,Thimet oligopeptidase,10,11.718685,12.549855,-0.83117,0.562073226076709,Down,0.0663332177358394,0.391168484111243
P05412,JUN,Transcription factor Jun,4,13.904355,13.259685,0.64467,1.56338163967499,Up,0.0663632949446691,0.391168484111243
Q9Y230,RUVBL2,RuvB-like 2,22,16.49778,16.241175,0.256605,1.19466406925271,Up,0.0664832443463963,0.391168484111243
P30084,ECHS1,"Enoyl-CoA hydratase, mitochondrial",6,15.271465,15.55999,-0.288525,0.818738702770265,Down,0.0664850667207335,0.391168484111243
P52209,PGD,"6-phosphogluconate dehydrogenase, decarboxylating",13,16.562345,16.627995,-0.06565,0.955514717582433,Down,0.0664895135279743,0.391168484111243
O60568,PLOD3,Multifunctional procollagen lysine hydroxylase and glycosyltransferase LH3,29,15.21488,14.795285,0.419595000000001,1.33755201831122,Up,0.0665160631010968,0.391168484111243
P05067,APP,Amyloid-beta precursor protein,9,12.524855,11.843975,0.68088,1.60311730970383,Up,0.0665204270814128,0.391168484111243
Q06330,RBPJ,Recombining binding protein suppressor of hairless,15,14.37504,14.110085,0.264955,1.2015985691326,Up,0.0665264603027746,0.391168484111243
P61088,UBE2N,Ubiquitin-conjugating enzyme E2 N,5,14.46123,14.989405,-0.528175,0.693431365714646,Down,0.0666428009223579,0.391504241151879
Q9UKF6,CPSF3,Cleavage and polyadenylation specificity factor subunit 3,23,16.45024,16.309105,0.141134999999998,1.10277235001959,Up,0.0667692526600235,0.391898748516958
Q7Z417,NUFIP2,FMR1-interacting protein NUFIP2,12,13.582655,13.385295,0.19736,1.14659826412134,Up,0.066951201468205,0.392456147461149
P54136,RARS1,"Arginine--tRNA ligase, cytoplasmic",27,15.464745,15.149735,0.315010000000001,1.24402027616005,Up,0.0669976805477113,0.392456147461149
O00299,CLIC1,Chloride intracellular channel protein 1,10,14.743855,15.396925,-0.65307,0.635925647318357,Down,0.0670757646343839,0.392456147461149
P00367,GLUD1,"Glutamate dehydrogenase 1, mitochondrial",18,16.352845,16.21365,0.139195000000001,1.10129044252977,Up,0.067204609718246,0.392456147461149
Q9NZT2,OGFR,Opioid growth factor receptor,6,13.20562,14.048225,-0.842605,0.557635765309929,Down,0.0672305026606337,0.392456147461149
O95881,TXNDC12,Thioredoxin domain-containing protein 12,5,11.18563,11.51005,-0.32442,0.798619387077477,Down,0.0672996479166482,0.392456147461149
Q9UMR2,DDX19B,ATP-dependent RNA helicase DDX19B,24,16.01599,16.17411,-0.15812,0.896192153301442,Down,0.0673276778146484,0.392456147461149
Q96BM9,ARL8A,ADP-ribosylation factor-like protein 8A,9,13.99367,14.270465,-0.276795,0.825422688758925,Down,0.0673935151200966,0.392456147461149
Q9H1Z4,WDR13,WD repeat-containing protein 13,8,14.226365,13.80885,0.417515,1.33562499732903,Up,0.0674600224282664,0.392456147461149
Q6NS38,ALKBH2,DNA oxidative demethylase ALKBH2,4,13.461265,13.026975,0.434290000000001,1.3512456747558,Up,0.0674684958676328,0.392456147461149
Q9ULX9,MAFF,Transcription factor MafF,4,14.09348,13.13141,0.962070000000001,1.9481030573433,Up,0.0675707443508102,0.392456147461149
Q15014,MORF4L2,Mortality factor 4-like protein 2,10,14.90897,14.35674,0.55223,1.46635050980181,Up,0.0675768037238292,0.392456147461149
P61962,DCAF7,DDB1- and CUL4-associated factor 7,10,13.2612,13.408665,-0.147465,0.902835467246558,Down,0.0677389600612665,0.393052490820817
P05549,TFAP2A,Transcription factor AP-2-alpha,7,15.84503,15.59289,0.252140000000001,1.19097241644169,Up,0.0679968016144524,0.394097207966469
O43684,BUB3,Mitotic checkpoint protein BUB3,16,18.5732,18.397845,0.175355,1.12924224015324,Up,0.0680495976429367,0.394097207966469
Q86Y56,DNAAF5,Dynein axonemal assembly factor 5,14,12.028365,12.194315,-0.16595,0.891341386900131,Down,0.0680978985470885,0.394097207966469
Q9Y383,LUC7L2,Putative RNA-binding protein Luc7-like 2,19,16.03431,16.221125,-0.186815,0.878543118557346,Down,0.068258216404828,0.394394470376323
P14735,IDE,Insulin-degrading enzyme,25,13.7408,14.195585,-0.454785,0.729618896673897,Down,0.0682686146331539,0.394394470376323
Q13439,GOLGA4,Golgin subfamily A member 4,36,14.309405,13.76481,0.544594999999999,1.45861081881041,Up,0.0684062584630412,0.394844508456104
P43155,CRAT,Carnitine O-acetyltransferase,15,13.410615,13.79093,-0.380315,0.768269827249459,Down,0.0684986636713049,0.395032869287656
O95235,KIF20A,Kinesin-like protein KIF20A,28,15.29049,14.9941,0.296390000000001,1.2280676193745,Up,0.068683822630949,0.395755347661676
P55145,MANF,Mesencephalic astrocyte-derived neurotrophic factor,10,16.21459,15.741125,0.473465000000001,1.38844015982633,Up,0.0687446947379005,0.395761051849115
Q9H967,WDR76,WD repeat-containing protein 76,13,12.448665,12.216005,0.232660000000001,1.17499938363388,Up,0.0690554015074832,0.396496176676611
P27361,MAPK3,Mitogen-activated protein kinase 3,5,13.747145,14.206805,-0.45966,0.727157607731953,Down,0.069069100875714,0.396496176676611
Q9H330,TMEM245,Transmembrane protein 245,4,11.716245,11.08389,0.632355,1.55009324217377,Up,0.0691858934545217,0.396496176676611
Q9UKX7,NUP50,Nuclear pore complex protein Nup50,18,14.920965,14.73798,0.182984999999999,1.13523029885949,Up,0.0692063673664765,0.396496176676611
P35573,AGL,Glycogen debranching enzyme,25,12.84864,13.736285,-0.887645,0.540495682943608,Down,0.0692376326089068,0.396496176676611
P21283,ATP6V1C1,V-type proton ATPase subunit C 1,20,13.39891,13.60915,-0.21024,0.864393422899196,Down,0.0693010290830637,0.396496176676611
P13284,IFI30,Gamma-interferon-inducible lysosomal thiol reductase,2,12.91098,13.207645,-0.296665,0.814132208127565,Down,0.0693202715927481,0.396496176676611
Q76FK4,NOL8,Nucleolar protein 8,34,15.430295,15.12792,0.302375,1.23317282265799,Up,0.0694330108641174,0.396496176676611
O43143,DHX15,ATP-dependent RNA helicase DHX15,36,16.963385,17.05822,-0.094835,0.936379334345415,Down,0.069447297550018,0.396496176676611
P42345,MTOR,Serine/threonine-protein kinase mTOR,38,12.950115,13.189945,-0.23983,0.846845094492732,Down,0.0694880481067025,0.396496176676611
Q96GK7,FAHD2A,"Oxaloacetate tautomerase FAHD2A, mitochondrial",7,12.2699,12.63035,-0.36045,0.778921583480483,Down,0.0695323148385826,0.396496176676611
P01116,KRAS,GTPase KRas,3,13.9694,14.46121,-0.49181,0.711132353810191,Down,0.0696710229291369,0.396944647016091
Q9Y5P6,GMPPB,Mannose-1-phosphate guanylyltransferase catalytic subunit beta,2,8.099315,10.519155,-2.41984,0.186876880239378,Down,0.0698515350570244,0.397630314549418
O14949,UQCRQ,Cytochrome b-c1 complex subunit 8,3,12.666755,13.081855,-0.4151,0.749967509054804,Down,0.0699457569129569,0.397824016727824
Q8IY81,FTSJ3,pre-rRNA 2'-O-ribose RNA methyltransferase FTSJ3,25,15.1073,15.355985,-0.248685,0.841663232120898,Down,0.0700088043474953,0.397840230380565
P06746,POLB,DNA polymerase beta,12,13.78856,13.262285,0.526275,1.44020581786751,Up,0.0701627660109799,0.39789642393821
Q15393,SF3B3,Splicing factor 3B subunit 3,42,17.482495,17.365445,0.117049999999999,1.08451499461729,Up,0.0702012702339873,0.39789642393821
Q86UE4,MTDH,Protein LYRIC,16,14.58524,14.487665,0.0975750000000009,1.06997345113555,Up,0.0702919043913616,0.39789642393821
Q9H3K2,GHITM,Growth hormone-inducible transmembrane protein,6,13.95734,13.74035,0.216990000000001,1.16230605099857,Up,0.0702975748587047,0.39789642393821
Q9UMN6,KMT2B,Histone-lysine N-methyltransferase 2B,51,16.15912,15.89777,0.26135,1.19859976818766,Up,0.0703765383436482,0.39789642393821
Q8N2W9,PIAS4,E3 SUMO-protein ligase PIAS4,11,14.573995,14.37588,0.198115000000001,1.14719846598058,Up,0.0703799242826098,0.39789642393821
O43310,CTIF,CBP80/20-dependent translation initiation factor,5,11.12439,11.505305,-0.380915,0.767950379242608,Down,0.0705446413757596,0.398191206683372
O95900,TRUB2,"Pseudouridylate synthase TRUB2, mitochondrial",9,14.50589,14.11591,0.389980000000001,1.31037523807441,Up,0.070589957963798,0.398191206683372
Q16822,PCK2,"Phosphoenolpyruvate carboxykinase [GTP], mitochondrial",13,12.72019,13.22219,-0.502,0.706127202192377,Down,0.070877562968088,0.398191206683372
Q8N999,RLIG1,RNA ligase 1,5,12.741255,13.12881,-0.387555,0.764424010986864,Down,0.0709678322032887,0.398191206683372
A5YKK6,CNOT1,CCR4-NOT transcription complex subunit 1,67,14.536895,14.68266,-0.145765,0.903899950650182,Down,0.0710561109687035,0.398191206683372
Q99956,DUSP9,Dual specificity protein phosphatase 9,5,11.69819,12.531425,-0.833235,0.561269278669075,Down,0.0710776588448332,0.398191206683372
O75928,PIAS2,E3 SUMO-protein ligase PIAS2,13,18.01224,17.88429,0.127949999999998,1.09273986696679,Up,0.0711070967020495,0.398191206683372
Q15776,ZKSCAN8,Zinc finger protein with KRAB and SCAN domains 8,11,14.41852,14.844785,-0.426265,0.74418591997951,Down,0.071155479367483,0.398191206683372
P03905,MT-ND4,NADH-ubiquinone oxidoreductase chain 4,2,12.217795,12.435915,-0.21812,0.859684976682916,Down,0.0712248109082607,0.398191206683372
Q96D31,ORAI1,Calcium release-activated calcium channel protein 1,2,12.119385,11.375115,0.744269999999998,1.6751264451596,Up,0.0712481349948641,0.398191206683372
Q14190,SIM2,Single-minded homolog 2,3,12.134555,11.547845,0.58671,1.50181801213055,Up,0.0713618819461768,0.398191206683372
Q9NSV4,DIAPH3,Protein diaphanous homolog 3,7,12.059395,11.637855,0.42154,1.33935648360016,Up,0.0715897845593695,0.398191206683372
O75362,ZNF217,Zinc finger protein 217,24,15.618145,15.168935,0.449209999999997,1.36529243662862,Up,0.0716431341976006,0.398191206683372
Q96LR5,UBE2E2,Ubiquitin-conjugating enzyme E2 E2,4,14.762125,15.079555,-0.31743,0.802498165850487,Down,0.0717176223459353,0.398191206683372
Q9NVX0,HAUS2,HAUS augmin-like complex subunit 2,3,10.216235,11.144585,-0.92835,0.525458961940241,Down,0.0717418296263305,0.398191206683372
Q9NX95,SYBU,Syntabulin,2,3.564783,9.9781985,-6.4134155,0.0117319326148996,Down,0.071755558488286,0.398191206683372
P22695,UQCRC2,"Cytochrome b-c1 complex subunit 2, mitochondrial",12,14.899625,15.444365,-0.54474,0.685514933671542,Down,0.0717646858651598,0.398191206683372
Q9UNF0,PACSIN2,Protein kinase C and casein kinase substrate in neurons protein 2,12,13.50786,13.590455,-0.082595,0.944357486328352,Down,0.0717770586265666,0.398191206683372
P55036,PSMD4,26S proteasome non-ATPase regulatory subunit 4,7,14.801195,14.378155,0.42304,1.34074976454177,Up,0.0717816556197578,0.398191206683372
Q8N122,RPTOR,Regulatory-associated protein of mTOR,10,10.82554,11.571195,-0.745655,0.596397038983411,Down,0.0717965190332244,0.398191206683372
Q9Y376,CAB39,Calcium-binding protein 39,10,12.48149,12.893175,-0.411685,0.751744858111242,Down,0.0718361846297568,0.398191206683372
Q9NZ45,CISD1,CDGSH iron-sulfur domain-containing protein 1,2,13.523165,13.93931,-0.416145,0.74942447518049,Down,0.0719222244020287,0.398191206683372
Q6P1N0,CC2D1A,Coiled-coil and C2 domain-containing protein 1A,15,16.382675,15.71759,0.665084999999999,1.58566169370774,Up,0.0719439568246488,0.398191206683372
Q9C0E2,XPO4,Exportin-4,23,15.169155,15.61112,-0.441965,0.736131289523939,Down,0.0720581272505832,0.398191206683372
Q8WUA2,PPIL4,Peptidyl-prolyl cis-trans isomerase-like 4,17,14.43279,14.117285,0.315505000000002,1.24444718252109,Up,0.072129427944987,0.398191206683372
P17844,DDX5,Probable ATP-dependent RNA helicase DDX5,35,19.580615,19.331985,0.248630000000002,1.18807836610844,Up,0.0721959982246031,0.398191206683372
P09960,LTA4H,Leukotriene A-4 hydrolase,17,11.742905,12.622735,-0.87983,0.543431462748039,Down,0.0722387743909103,0.398191206683372
Q9Y3T9,NOC2L,Nucleolar complex protein 2 homolog,24,16.212945,16.001915,0.211029999999997,1.15751428657279,Up,0.0722947876332588,0.398191206683372
P11413,G6PD,Glucose-6-phosphate 1-dehydrogenase,16,13.302665,13.77376,-0.471095,0.721416837302273,Down,0.0723241384600312,0.398191206683372
P35080,PFN2,Profilin-2,4,13.53966,14.039895,-0.500235,0.706991610235019,Down,0.0723468376738097,0.398191206683372
O60313,OPA1,"Dynamin-like GTPase OPA1, mitochondrial",24,13.103765,13.419255,-0.31549,0.803578015449295,Down,0.0724541095125883,0.398191206683372
P15121,AKR1B1,Aldo-keto reductase family 1 member B1,13,12.925725,13.477965,-0.55224,0.681960460249969,Down,0.0724913229676976,0.398191206683372
P27708,CAD,Multifunctional protein CAD,54,14.595995,15.09268,-0.496685,0.708733427183329,Down,0.0725742774381971,0.398191206683372
Q9H7B2,RPF2,Ribosome production factor 2 homolog,8,12.93614,13.24327,-0.30713,0.808248034994057,Down,0.0726135923933861,0.398191206683372
Q969H6,POP5,Ribonuclease P/MRP protein subunit POP5,5,13.52444,13.11886,0.40558,1.3246213347394,Up,0.072791754216227,0.398191206683372
Q9BRZ2,TRIM56,E3 ubiquitin-protein ligase TRIM56,10,12.5089,12.38202,0.12688,1.09192971780764,Up,0.0728074228372291,0.398191206683372
Q15649,ZNHIT3,Zinc finger HIT domain-containing protein 3,3,15.447755,15.02984,0.417915000000001,1.33599536255065,Up,0.0728788921250174,0.398191206683372
Q00536,CDK16,Cyclin-dependent kinase 16,6,10.69056,11.10348,-0.41292,0.751101612232891,Down,0.0728864797902451,0.398191206683372
Q9GZN2,TGIF2,Homeobox protein TGIF2,3,13.99226,13.005675,0.986585,1.98148905716552,Up,0.0729371732715542,0.398191206683372
Q7L2J0,MEPCE,7SK snRNA methylphosphate capping enzyme,16,14.104215,13.75728,0.346935,1.27185570254505,Up,0.072969806898917,0.398191206683372
P08572,COL4A2,Collagen alpha-2(IV) chain,6,13.75551,13.27401,0.4815,1.39619456444405,Up,0.0729801533477884,0.398191206683372
P30740,SERPINB1,Leukocyte elastase inhibitor,7,12.087405,12.63226,-0.544855,0.685460292133859,Down,0.0730171508718841,0.398191206683372
Q9H0W9,C11orf54,Ester hydrolase C11orf54,3,10.645575,11.32817,-0.682595,0.623043586903932,Down,0.0730547037128321,0.398191206683372
Q99661,KIF2C,Kinesin-like protein KIF2C,25,14.98334,14.77032,0.21302,1.15911202049766,Up,0.0731085121915034,0.398191206683372
Q8TDD1,DDX54,ATP-dependent RNA helicase DDX54,28,15.50067,15.827975,-0.327305,0.797023959980367,Down,0.0731845570312847,0.398191206683372
P16401,H1-5,Histone H1.5,8,19.769485,19.51254,0.256945000000002,1.19494564896201,Up,0.0732842878597771,0.398191206683372
Q69YH5,CDCA2,Cell division cycle-associated protein 2,23,16.28139,15.89677,0.384620000000002,1.30551587423227,Up,0.073334912302654,0.398191206683372
Q7L4I2,RSRC2,Arginine/serine-rich coiled-coil protein 2,6,13.890775,14.04687,-0.156095,0.897450952489751,Down,0.0734436435467963,0.398191206683372
P28062,PSMB8,Proteasome subunit beta type-8,6,12.434855,12.29763,0.137224999999999,1.09978765675075,Up,0.0735376176282895,0.398191206683372
Q9UDY2,TJP2,Tight junction protein 2,31,16.399265,16.02918,0.370085,1.29242897509186,Up,0.0736015896107022,0.398191206683372
O75529,TAF5L,TAF5-like RNA polymerase II p300/CBP-associated factor-associated factor 65 kDa subunit 5L,14,13.65513,13.55019,0.104939999999999,1.0754496628332,Up,0.0736196675672918,0.398191206683372
A0A804HLA8,GNG5B,Guanine nucleotide-binding protein G(I)/G(S)/G(O) subunit gamma-5B,2,12.456235,12.81351,-0.357275,0.780637676803247,Down,0.0736437868626883,0.398191206683372
Q9Y4C2,TCAF1,TRPM8 channel-associated factor 1,17,12.725715,12.497475,0.228239999999998,1.17140503447419,Up,0.07374165341999,0.398191206683372
Q16643,DBN1,Drebrin,17,16.604605,16.19112,0.413484999999998,1.33189929106842,Up,0.0738139250875434,0.398191206683372
Q2NL82,TSR1,Pre-rRNA-processing protein TSR1 homolog,22,15.282145,15.034355,0.247789999999998,1.18738681639059,Up,0.0738395642260986,0.398191206683372
P35580,MYH10,Myosin-10,43,13.69258,14.077115,-0.384535,0.766025859190811,Down,0.0738603436408872,0.398191206683372
Q9NSE4,IARS2,"Isoleucine--tRNA ligase, mitochondrial",23,13.904295,14.21525,-0.310955,0.806107974916984,Down,0.0739385793000029,0.398191206683372
Q7Z739,YTHDF3,YTH domain-containing family protein 3,8,14.28216,13.908415,0.373745000000001,1.29571192482996,Up,0.0740107017357607,0.398191206683372
P62888,RPL30,Large ribosomal subunit protein eL30,5,17.45532,17.20142,0.253900000000002,1.19242621677902,Up,0.0740706880491747,0.398191206683372
Q13907,IDI1,Isopentenyl-diphosphate Delta-isomerase 1,3,11.293975,12.166065,-0.87209,0.546354785102239,Down,0.0740855423208744,0.398191206683372
P62917,RPL8,Large ribosomal subunit protein uL2,9,16.14777,16.41785,-0.27008,0.829273559849058,Down,0.0741099877489029,0.398191206683372
P09038,FGF2,Fibroblast growth factor 2,6,13.066405,12.12789,0.938514999999999,1.91655446832637,Up,0.0742047430059104,0.398191206683372
P35610,SOAT1,Sterol O-acyltransferase 1,10,14.24388,13.888045,0.355835000000001,1.27972604412197,Up,0.0742707982602549,0.398191206683372
P46777,RPL5,Large ribosomal subunit protein uL18,15,16.762125,16.64151,0.120615000000001,1.08719822061214,Up,0.0742880553549096,0.398191206683372
Q5VU43,PDE4DIP,Myomegalin,2,8.1695125,12.2947045,-4.125192,0.0573051257826092,Down,0.0743541217944338,0.39822235894604
P46939,UTRN,Utrophin,56,13.960425,14.25295,-0.292525,0.816471821093962,Down,0.0745139693895926,0.398462910240775
P28715,ERCC5,DNA excision repair protein ERCC-5,19,13.895425,13.99307,-0.097645,0.934557282531842,Down,0.0745468303791614,0.398462910240775
Q8N4H5,TOMM5,Mitochondrial import receptor subunit TOM5 homolog,2,9.3115385,11.6863015,-2.374763,0.192808024282728,Down,0.0746626239846099,0.398462910240775
Q9UH62,ARMCX3,Armadillo repeat-containing X-linked protein 3,13,12.18141,12.456025,-0.274615,0.826670895492262,Down,0.0747589782781893,0.398462910240775
P35658,NUP214,Nuclear pore complex protein Nup214,51,17.01256,17.30276,-0.2902,0.817788681115516,Down,0.0747670786226727,0.398462910240775
Q9Y2K1,ZBTB1,Zinc finger and BTB domain-containing protein 1,16,12.52568,12.133545,0.392135,1.31233405033391,Up,0.0747851884502066,0.398462910240775
P78371,CCT2,T-complex protein 1 subunit beta,24,17.061155,16.830155,0.230999999999998,1.17364817828135,Up,0.0748489622402621,0.398462910240775
P83731,RPL24,Large ribosomal subunit protein eL24,5,15.5381,16.110035,-0.571935,0.672713912412009,Down,0.074881363976251,0.398462910240775
Q9HB90,RRAGC,Ras-related GTP-binding protein C,8,12.291335,12.880435,-0.5891,0.66475747501694,Down,0.075065298878675,0.398784997164787
Q15024,EXOSC7,Exosome complex component RRP42,11,15.74906,15.521555,0.227505000000001,1.17080839873781,Up,0.0751540021823317,0.398784997164787
P20674,COX5A,"Cytochrome c oxidase subunit 5A, mitochondrial",4,13.02132,13.364615,-0.343295,0.78823897971667,Down,0.0751897743054579,0.398784997164787
Q8WUB8,PHF10,PHD finger protein 10,10,14.88561,14.590495,0.295114999999999,1.22698277851594,Up,0.0751915033743734,0.398784997164787
O75794,CDC123,Translation initiation factor eIF2 assembly protein,9,12.29776,11.96619,0.331569999999999,1.25838205269672,Up,0.0752435907799197,0.398784997164787
Q96G46,DUS3L,tRNA-dihydrouridine(47) synthase [NAD(P)(+)]-like,9,14.431745,14.785505,-0.35376,0.782541950928311,Down,0.0753713871044515,0.399090739461134
Q5VWG9,TAF3,Transcription initiation factor TFIID subunit 3,11,14.35473,14.060345,0.294385,1.22636208541668,Up,0.0754220507772668,0.399090739461134
Q32P28,P3H1,Prolyl 3-hydroxylase 1,20,14.06066,14.41268,-0.35202,0.783486325447304,Down,0.0755691419526838,0.39954916733223
O76003,GLRX3,Glutaredoxin-3,9,13.176525,13.63492,-0.458395,0.727795481810738,Down,0.0757133890453812,0.399991837091066
Q9H0E3,SAP130,Histone deacetylase complex subunit SAP130,13,14.399005,14.30553,0.093474999999998,1.06693700658847,Up,0.0758386071389797,0.400333350304726
Q7Z5L9,IRF2BP2,Interferon regulatory factor 2-binding protein 2,21,14.80646,14.48827,0.318190000000001,1.24676537992591,Up,0.0759871984502042,0.400797601402554
Q8IWB1,ITPRIP,"Inositol 1,4,5-trisphosphate receptor-interacting protein",10,14.64422,14.102605,0.541615,1.45560105304417,Up,0.0763845458440977,0.402085659839532
P51571,SSR4,Translocon-associated protein subunit delta,6,17.403555,17.34967,0.0538850000000011,1.03805652176067,Up,0.0764328649751838,0.402085659839532
Q96E11,MRRF,"Ribosome-recycling factor, mitochondrial",8,16.02864,15.718995,0.309645,1.23940268600408,Up,0.0765843395039649,0.402085659839532
O94992,HEXIM1,Protein HEXIM1,7,12.60907,12.074465,0.534604999999999,1.44854549844137,Up,0.0766304864482182,0.402085659839532
Q8N357,SLC35F6,Solute carrier family 35 member F6,1,10.457355,11.09646,-0.639105,0.642111169651622,Down,0.0766843784492404,0.402085659839532
O60333,KIF1B,Kinesin-like protein KIF1B,5,12.609635,12.537665,0.0719700000000003,1.05115105078883,Up,0.0767127133474576,0.402085659839532
Q86Y79,PTRH1,Peptidyl-tRNA hydrolase,8,12.99834,12.52612,0.47222,1.3872424969124,Up,0.0767227996156481,0.402085659839532
Q14376,GALE,UDP-glucose 4-epimerase,3,10.818315,11.756605,-0.93829,0.521851054486914,Down,0.0768114430746164,0.402085659839532
P18887,XRCC1,DNA repair protein XRCC1,20,15.07017,14.91039,0.159780000000001,1.1171167732877,Up,0.0768599217207198,0.402085659839532
O60645,EXOC3,Exocyst complex component 3,19,13.81102,14.02679,-0.21577,0.861086455115987,Down,0.0768955528532794,0.402085659839532
Q6ZU65,UBN2,Ubinuclein-2,19,13.559865,13.33984,0.220025,1.16475376993837,Up,0.0770331048820355,0.402085659839532
Q9NTM9,CUTC,Copper homeostasis protein cutC homolog,9,15.902975,16.25109,-0.348115,0.78560989169427,Down,0.0771003786708647,0.402085659839532
O75874,IDH1,Isocitrate dehydrogenase [NADP] cytoplasmic,13,16.196505,16.973055,-0.77655,0.583761107079092,Down,0.0771171690002046,0.402085659839532
Q96EA4,SPDL1,Protein Spindly,7,11.781095,11.65547,0.125625000000001,1.0909802614868,Up,0.0771705082369952,0.402085659839532
P61970,NUTF2,Nuclear transport factor 2,3,13.565505,14.602135,-1.03663,0.487464816815342,Down,0.0772270103127612,0.402085659839532
Q96RP9,GFM1,"Elongation factor G, mitochondrial",21,15.1241,15.389535,-0.265435,0.831947848786979,Down,0.0772425793255019,0.402085659839532
Q03701,CEBPZ,CCAAT/enhancer-binding protein zeta,40,15.93633,15.83541,0.10092,1.07245714551733,Up,0.0773396252166103,0.402085659839532
Q5T6C5,ATXN7L2,Ataxin-7-like protein 2,9,12.676585,12.06245,0.614134999999999,1.5306399925589,Up,0.0773701064356139,0.402085659839532
Q5TC63,GRTP1,Growth hormone-regulated TBC protein 1,2,9.3879085,9.9181415,-0.530233,0.692442893216855,Down,0.0774877981733835,0.402085659839532
Q15528,MED22,Mediator of RNA polymerase II transcription subunit 22,4,14.65705,14.31158,0.345470000000001,1.27056483868703,Up,0.0774881841793971,0.402085659839532
P26447,S100A4,Protein S100-A4,4,14.978965,15.72397,-0.745005,0.59666580362618,Down,0.0775314120705175,0.402085659839532
P53355,DAPK1,Death-associated protein kinase 1,9,14.75101,15.649435,-0.898425,0.536472081919239,Down,0.0775726657483378,0.402085659839532
Q9NPJ6,MED4,Mediator of RNA polymerase II transcription subunit 4,9,15.0847,14.86546,0.219239999999999,1.1641201758833,Up,0.0776675510927928,0.402085659839532
Q8NHQ9,DDX55,ATP-dependent RNA helicase DDX55,21,13.79693,13.515125,0.281805,1.21571495154626,Up,0.0776981979182047,0.402085659839532
Q92620,DHX38,Pre-mRNA-splicing factor ATP-dependent RNA helicase PRP16,39,14.96636,15.034535,-0.068175,0.953843841550249,Down,0.0777523790701955,0.402085659839532
Q8IYB8,SUPV3L1,"ATP-dependent RNA helicase SUPV3L1, mitochondrial",28,14.83798,14.73604,0.101940000000001,1.07321565168112,Up,0.0779183811888168,0.402603944690763
O94913,PCF11,Pre-mRNA cleavage complex 2 protein Pcf11,39,15.137545,15.037165,0.100379999999999,1.07205580048442,Up,0.0779744362542256,0.402603944690763
O43847,NRDC,Nardilysin,10,13.04591,13.4732,-0.42729,0.74365738162706,Down,0.0781343547315969,0.403114715395101
P51572,BCAP31,B-cell receptor-associated protein 31,6,15.06071,14.585155,0.475555,1.39045301963548,Up,0.0783034099164082,0.40316483759786
Q99623,PHB2,Prohibitin-2,12,15.984195,15.746185,0.238009999999999,1.17936476696651,Up,0.0783178331856773,0.40316483759786
Q15436,SEC23A,Protein transport protein Sec23A,14,13.865005,14.34878,-0.483775,0.715104010758578,Down,0.0785253876502555,0.40316483759786
Q9Y617,PSAT1,Phosphoserine aminotransferase,14,12.752115,13.12493,-0.372815,0.772274157178723,Down,0.0786128926681995,0.40316483759786
Q92993,KAT5,Histone acetyltransferase KAT5,12,16.11458,15.57692,0.537659999999999,1.45161613715395,Up,0.0786191937981083,0.40316483759786
Q8N9M1,C19orf47,Uncharacterized protein C19orf47,11,13.0301,12.752335,0.277765,1.21231532943382,Up,0.0787747196941577,0.40316483759786
Q8WWV3,RTN4IP1,"Reticulon-4-interacting protein 1, mitochondrial",6,13.336565,12.91406,0.422505000000001,1.34025266146703,Up,0.0788123475021809,0.40316483759786
O75182,SIN3B,Paired amphipathic helix protein Sin3b,25,15.900615,15.6057,0.294915000000001,1.22681269437485,Up,0.0788466977311094,0.40316483759786
P30626,SRI,Sorcin,11,15.815335,16.29251,-0.477175,0.718382942592257,Down,0.0789185749547047,0.40316483759786
Q9Y265,RUVBL1,RuvB-like 1,19,16.809325,16.49708,0.312245000000001,1.24163832995959,Up,0.0789286460498806,0.40316483759786
Q8NBF2,NHLRC2,NHL repeat-containing protein 2,4,10.94551,11.229855,-0.284345,0.821114319461074,Down,0.0789482074031219,0.40316483759786
Q5C9Z4,NOM1,Nucleolar MIF4G domain-containing protein 1,20,14.836445,14.43018,0.406265000000001,1.32525042199201,Up,0.0789504746060696,0.40316483759786
P20248,CCNA2,Cyclin-A2,13,16.434625,15.839915,0.594710000000001,1.51016899193088,Up,0.0789732425414687,0.40316483759786
Q9BT73,PSMG3,Proteasome assembly chaperone 3,2,11.543515,11.930785,-0.38727,0.764575035532763,Down,0.079018142491012,0.40316483759786
Q03426,MVK,Mevalonate kinase,8,16.702215,17.068535,-0.36632,0.775758766389856,Down,0.0791608331980034,0.40316483759786
P46087,NOP2,28S rRNA (cytosine(4447)-C(5))-methyltransferase,27,18.434315,18.28763,0.146684999999998,1.10702284921831,Up,0.0792469069944384,0.40316483759786
Q969G5,CAVIN3,Caveolae-associated protein 3,7,16.747685,16.16677,0.580914999999997,1.495797627,Up,0.0793000741213188,0.40316483759786
Q5T440,IBA57,"Putative transferase CAF17, mitochondrial",7,13.791805,13.31251,0.479295,1.39406226519254,Up,0.0793008290665087,0.40316483759786
Q9BSD7,NTPCR,Cancer-related nucleoside-triphosphatase,9,13.336075,13.641775,-0.3057,0.809049567999086,Down,0.0793031152787439,0.40316483759786
Q9UH99,SUN2,SUN domain-containing protein 2,16,14.24317,14.482175,-0.239005,0.847329498320765,Down,0.0794013252978096,0.403224130797271
P24666,ACP1,Low molecular weight phosphotyrosine protein phosphatase,5,13.992715,14.53193,-0.539215,0.688145241177728,Down,0.0794425210438554,0.403224130797271
Q99959,PKP2,Plakophilin-2,16,12.582425,13.3356,-0.753175,0.593296427157745,Down,0.0795759386257657,0.403224130797271
Q09472,EP300,Histone acetyltransferase p300,12,13.95174,13.64932,0.302420000000001,1.23321128791982,Up,0.0797182525354186,0.403224130797271
Q9BRJ2,MRPL45,Large ribosomal subunit protein mL45,9,14.430775,13.89257,0.538205000000001,1.4521646108244,Up,0.0797603263446516,0.403224130797271
Q96F86,EDC3,Enhancer of mRNA-decapping protein 3,12,13.57522,13.71574,-0.14052,0.907192111201243,Down,0.0797766560328446,0.403224130797271
Q9NSB2,KRT84,"Keratin, type II cuticular Hb4",1,3.564783,9.9765295,-6.4117465,0.0117455127031217,Down,0.0797999373491489,0.403224130797271
P46940,IQGAP1,Ras GTPase-activating-like protein IQGAP1,59,16.44414,16.720425,-0.276285,0.825714531438654,Down,0.0798593561671935,0.403224130797271
Q99081,TCF12,Transcription factor 12,2,15.880305,16.07663,-0.196325,0.872770957399745,Down,0.0798733262674109,0.403224130797271
Q14914,PTGR1,Prostaglandin reductase 1,5,12.19182,13.255335,-1.063515,0.478464900611691,Down,0.0799248920176161,0.403224130797271
Q99627,COPS8,COP9 signalosome complex subunit 8,4,13.875445,13.734385,0.14106,1.10271502274382,Up,0.0800376224068172,0.40332562497686
P0DI83,RAB34,"Ras-related protein Rab-34, isoform NARR",1,11.801825,10.884295,0.917530000000001,1.88887862442854,Up,0.0800670630911848,0.40332562497686
Q9BTC0,DIDO1,Death-inducer obliterator 1,70,17.40552,17.20497,0.200550000000003,1.1491363578462,Up,0.0801414265423786,0.403392755535857
P62834,RAP1A,Ras-related protein Rap-1A,9,15.24975,15.61273,-0.36298,0.777556815034125,Down,0.0802288987464716,0.403525716754513
Q9H0U4,RAB1B,Ras-related protein Rab-1B,3,13.091025,13.363645,-0.27262,0.827814830420878,Down,0.0804316753524123,0.40376050090887
Q9BVA0,KATNB1,Katanin p80 WD40 repeat-containing subunit B1,13,11.39815,11.50419,-0.10604,0.92913491280398,Down,0.0804385505192617,0.40376050090887
O14618,CCS,Copper chaperone for superoxide dismutase,1,9.8579895,10.902113,-1.0441235,0.484939440794844,Down,0.0804588560594617,0.40376050090887
O43809,NUDT21,Cleavage and polyadenylation specificity factor subunit 5,13,18.05328,17.83022,0.22306,1.16720664356871,Up,0.0806147146400517,0.403973122781872
O75351,VPS4B,Vacuolar protein sorting-associated protein 4B,7,11.467905,12.08152,-0.613615,0.653557012989419,Down,0.0806234754046436,0.403973122781872
P17987,TCP1,T-complex protein 1 subunit alpha,29,16.602165,16.501635,0.100529999999999,1.07216727014751,Up,0.080738048227915,0.404058521588132
Q9Y3D9,MRPS23,Small ribosomal subunit protein mS23,7,14.58366,14.05852,0.52514,1.43907322177173,Up,0.0809499391211533,0.404058521588132
Q9BQ39,DDX50,ATP-dependent RNA helicase DDX50,25,15.65994,15.74511,-0.08517,0.942673449428005,Down,0.0811034582185177,0.404058521588132
P46108,CRK,Adapter molecule crk,5,10.76313,11.596555,-0.833425,0.561195365514861,Down,0.0811288483215944,0.404058521588132
Q15208,STK38,Serine/threonine-protein kinase 38,9,13.53699,14.056425,-0.519435,0.697644997106836,Down,0.0811608810271625,0.404058521588132
O75909,CCNK,Cyclin-K,9,15.045695,14.625995,0.419700000000001,1.3376493694969,Up,0.0812044620759946,0.404058521588132
O14981,BTAF1,TATA-binding protein-associated factor 172,43,13.955715,14.19292,-0.237205,0.848387341395369,Down,0.0812292962075397,0.404058521588132
O15397,IPO8,Importin-8,14,12.28483,12.63837,-0.35354,0.78266129171169,Down,0.081247282352672,0.404058521588132
P62140,PPP1CB,Serine/threonine-protein phosphatase PP1-beta catalytic subunit,16,18.406225,18.14743,0.258794999999999,1.19647893727066,Up,0.0812825076758434,0.404058521588132
P07900,HSP90AA1,Heat shock protein HSP 90-alpha,31,17.02969,17.28341,-0.25372,0.838730950563715,Down,0.081395699525343,0.404058521588132
Q6UB99,ANKRD11,Ankyrin repeat domain-containing protein 11,41,14.44739,14.33954,0.107849999999999,1.07762109671509,Up,0.0814159526736896,0.404058521588132
P04637,TP53,Cellular tumor antigen p53,1,11.4824125,10.178405,1.3040075,2.4691380498243,Up,0.0814782341980832,0.404058521588132
O95696,BRD1,Bromodomain-containing protein 1,14,13.365255,12.823545,0.541710000000002,1.45569690604781,Up,0.0814952787919086,0.404058521588132
P11142,HSPA8,Heat shock cognate 71 kDa protein,26,19.37954,19.29314,0.0863999999999976,1.06171753875255,Up,0.0815615570845147,0.404058521588132
Q92734,TFG,Protein TFG,3,12.31474,12.93491,-0.62017,0.650594260415869,Down,0.0816029642284013,0.404058521588132
P15328,FOLR1,Folate receptor alpha,10,17.87435,18.166705,-0.292355,0.816568035736513,Down,0.0817186934427988,0.404058521588132
Q9NV31,IMP3,U3 small nucleolar ribonucleoprotein protein IMP3,8,13.67897,13.553885,0.125084999999999,1.09057198455864,Up,0.0817408767519345,0.404058521588132
Q9UHR4,BAIAP2L1,BAR/IMD domain-containing adapter protein 2-like 1,16,13.335125,13.11716,0.217965,1.16309182442192,Up,0.0818334006931036,0.404058521588132
Q9H9Q2,COPS7B,COP9 signalosome complex subunit 7b,5,12.57818,12.39906,0.179120000000001,1.13219307136646,Up,0.0818512349791076,0.404058521588132
Q8NFD5,ARID1B,AT-rich interactive domain-containing protein 1B,34,16.13734,15.908765,0.228575000000003,1.17167707134951,Up,0.0819040123278181,0.404058521588132
Q5VZF2,MBNL2,Muscleblind-like protein 2,2,11.88866,10.7136,1.17506,2.25802271618428,Up,0.081993402829653,0.404058521588132
Q8NEJ9,NGDN,Neuroguidin,11,15.38112,14.89543,0.485689999999998,1.40025540780164,Up,0.0820102694296673,0.404058521588132
Q9UKB1,FBXW11,F-box/WD repeat-containing protein 11,13,14.4797,14.20169,0.27801,1.21252122358928,Up,0.0821164681933342,0.404058521588132
Q969Z0,TBRG4,FAST kinase domain-containing protein 4,16,14.576125,14.198915,0.37721,1.29882764750238,Up,0.0822373516497845,0.404058521588132
Q9H7Z6,KAT8,Histone acetyltransferase KAT8,14,13.91482,13.72719,0.18763,1.1388912546372,Up,0.0822622617840436,0.404058521588132
Q9BZJ0,CRNKL1,Crooked neck-like protein 1,28,19.933875,19.79072,0.143155,1.10431748624538,Up,0.0822836475420478,0.404058521588132
P07741,APRT,Adenine phosphoribosyltransferase,5,12.519125,13.891895,-1.37277,0.386149123019433,Down,0.0823104235978926,0.404058521588132
P28074,PSMB5,Proteasome subunit beta type-5,9,13.19372,12.969365,0.224354999999999,1.16825482849953,Up,0.0823523723073406,0.404058521588132
Q96EV2,RBM33,RNA-binding protein 33,13,13.896845,13.729545,0.167299999999999,1.12295490970544,Up,0.082459375937899,0.404167714055273
Q9NYP7,ELOVL5,Very long chain fatty acid elongase 5,4,14.08208,13.70884,0.373240000000003,1.2952584540718,Up,0.0824969354305587,0.404167714055273
P34896,SHMT1,"Serine hydroxymethyltransferase, cytosolic",12,13.561095,13.82499,-0.263895,0.832836382884859,Down,0.0827340641874144,0.405029207566386
Q13951,CBFB,Core-binding factor subunit beta,7,13.106095,12.638735,0.467359999999999,1.38257716209415,Up,0.0832089124920089,0.407052333574898
Q96EY7,PTCD3,Small ribosomal subunit protein mS39,15,13.76564,13.564555,0.201085000000001,1.14956257540443,Up,0.0832799440135315,0.407098483717034
P11177,PDHB,"Pyruvate dehydrogenase E1 component subunit beta, mitochondrial",10,12.847795,13.141775,-0.29398,0.815648800553963,Down,0.0833447773281906,0.407114289254998
Q96D15,RCN3,Reticulocalbin-3,5,11.619965,12.118455,-0.49849,0.707847263531021,Down,0.0835833304646582,0.407978014062722
P09496,CLTA,Clathrin light chain A,6,14.80338,15.035575,-0.232195,0.851338629892599,Down,0.0837053271864017,0.407985908082939
O60506,SYNCRIP,Heterogeneous nuclear ribonucleoprotein Q,14,17.734155,17.43876,0.295394999999999,1.22722093592912,Up,0.0837084114632266,0.407985908082939
P06400,RB1,Retinoblastoma-associated protein,20,13.453985,13.358815,0.0951699999999995,1.0681912709727,Up,0.0839629961483481,0.408925159575853
Q9NTI5,PDS5B,Sister chromatid cohesion protein PDS5 homolog B,46,16.196745,16.324045,-0.1273,0.915543284748405,Down,0.0841675117988226,0.409339255293658
Q9BRQ8,AIFM2,Ferroptosis suppressor protein 1,10,13.181355,12.84526,0.336095,1.26233515286033,Up,0.0841718940753642,0.409339255293658
P28288,ABCD3,ATP-binding cassette sub-family D member 3,28,15.312305,15.11821,0.194094999999999,1.14400630237419,Up,0.0843289836485279,0.409623876636707
Q9H814,PHAX,Phosphorylated adapter RNA export protein,8,13.60276,13.788695,-0.185935,0.879079166550548,Down,0.0843866482792439,0.409623876636707
Q9Y388,RBMX2,"RNA-binding motif protein, X-linked 2",7,13.045255,12.70255,0.342705000000002,1.26813206717361,Up,0.0844163595066114,0.409623876636707
P68104,EEF1A1,Elongation factor 1-alpha 1,7,18.7937,18.54398,0.249720000000003,1.18897633464203,Up,0.0846076053331662,0.410012309378636
P52292,KPNA2,Importin subunit alpha-1,16,15.76252,15.545685,0.216835,1.16218118208637,Up,0.0846980857842936,0.410012309378636
P54098,POLG,DNA polymerase subunit gamma-1,24,13.25186,13.3187,-0.06684,0.954726890868974,Down,0.0850118165320352,0.410012309378636
Q9HCI6,KIAA1586,E3 SUMO-protein ligase KIAA1586,6,10.726355,9.983614,0.742741000000001,1.67335204967259,Up,0.0850285470845899,0.410012309378636
Q93045,STMN2,Stathmin-2,1,11.789905,13.109705,-1.3198,0.400590468576462,Down,0.085051290370492,0.410012309378636
O43813,LANCL1,Glutathione S-transferase LANCL1,9,12.475155,13.44249,-0.967335,0.511449960194956,Down,0.0850708685207119,0.410012309378636
P11532,DMD,Dystrophin,11,13.73577,13.287355,0.448415000000001,1.3645402967423,Up,0.0851036239791578,0.410012309378636
Q6IQ23,PLEKHA7,Pleckstrin homology domain-containing family A member 7,6,12.48823,12.94147,-0.45324,0.730400673125548,Down,0.0851840987798435,0.410012309378636
Q9Y4C8,RBM19,Probable RNA-binding protein 19,23,13.73731,13.49789,0.239420000000001,1.18051796784991,Up,0.0852930500694167,0.410012309378636
P16949,STMN1,Stathmin,3,13.15663,13.76824,-0.61161,0.654465931890519,Down,0.0853746383009189,0.410012309378636
P62750,RPL23A,Large ribosomal subunit protein uL23,7,17.706045,17.662715,0.043330000000001,1.03048963938992,Up,0.0853842255831208,0.410012309378636
Q9NZI8,IGF2BP1,Insulin-like growth factor 2 mRNA-binding protein 1,20,16.309965,16.14415,0.165814999999998,1.12179962044178,Up,0.0854466923773335,0.410012309378636
Q96HA7,TONSL,Tonsoku-like protein,27,14.23148,14.496885,-0.265405,0.831965148836026,Down,0.0854520528510325,0.410012309378636
Q9H4G0,EPB41L1,Band 4.1-like protein 1,13,14.70176,14.404565,0.297195,1.22875305203113,Up,0.0855989694811943,0.410012309378636
Q10570,CPSF1,Cleavage and polyadenylation specificity factor subunit 1,52,16.523505,16.38433,0.139175000000002,1.10127517550829,Up,0.0856512857521989,0.410012309378636
Q96F63,CCDC97,Coiled-coil domain-containing protein 97,6,14.768875,14.462765,0.30611,1.23636952579284,Up,0.0857266913421686,0.410012309378636
P37108,SRP14,Signal recognition particle 14 kDa protein,6,15.8626,15.429315,0.433285000000001,1.35030470734853,Up,0.0858094922355463,0.410012309378636
O60427,FADS1,Acyl-CoA (8-3)-desaturase,8,12.986495,12.60845,0.378045,1.29957959782029,Up,0.0858339959080621,0.410012309378636
P61086,UBE2K,Ubiquitin-conjugating enzyme E2 K,5,11.72355,12.122115,-0.398565,0.758612474299043,Down,0.0860672521553798,0.410012309378636
Q96RK0,CIC,Protein capicua homolog,37,14.281895,14.095975,0.185920000000001,1.13754214739298,Up,0.0861681729694412,0.410012309378636
P62699,YPEL5,Protein yippee-like 5,4,12.5661,12.145205,0.420894999999998,1.33875781803092,Up,0.0861944470541386,0.410012309378636
Q9UIV1,CNOT7,CCR4-NOT transcription complex subunit 7,6,13.086125,13.43027,-0.344145,0.787774705717003,Down,0.0862201012888874,0.410012309378636
Q15084,PDIA6,Protein disulfide-isomerase A6,12,15.685525,15.861535,-0.17601,0.885147629182446,Down,0.0862862122891984,0.410012309378636
P27635,RPL10,Large ribosomal subunit protein uL16,8,16.04827,16.252175,-0.203905,0.868197395633605,Down,0.0863025572979825,0.410012309378636
Q15691,MAPRE1,Microtubule-associated protein RP/EB family member 1,12,14.808895,14.96885,-0.159955,0.89505298864807,Down,0.0863745894331517,0.410012309378636
Q5VWQ8,DAB2IP,Disabled homolog 2-interacting protein,9,11.325645,11.49102,-0.165375,0.891696710396544,Down,0.0864540091156404,0.410012309378636
Q9NUA8,ZBTB40,Zinc finger and BTB domain-containing protein 40,35,14.482275,14.16356,0.318714999999999,1.24721916323894,Up,0.0865891693997039,0.410012309378636
Q7Z4I7,LIMS2,LIM and senescent cell antigen-like-containing domain protein 2,3,10.842075,11.068625,-0.22655,0.854676286723882,Down,0.0866837939889714,0.410012309378636
Q9BS26,ERP44,Endoplasmic reticulum resident protein 44,8,14.156605,14.545625,-0.38902,0.763648162495556,Down,0.0867305923683421,0.410012309378636
O60832,DKC1,H/ACA ribonucleoprotein complex subunit DKC1,24,17.714025,17.40985,0.304175000000001,1.23471236935479,Up,0.0868359230362139,0.410012309378636
O75586,MED6,Mediator of RNA polymerase II transcription subunit 6,10,13.174175,12.83814,0.336035000000003,1.26228265490888,Up,0.086901921554841,0.410012309378636
P49792,RANBP2,E3 SUMO-protein ligase RanBP2,121,16.961065,17.210715,-0.24965,0.841100442744185,Down,0.0869028407416614,0.410012309378636
O96007,MOCS2,Molybdopterin synthase catalytic subunit,1,8.749824,9.3404785,-0.5906545,0.664041586390943,Down,0.086906352823473,0.410012309378636
Q9H4I2,ZHX3,Zinc fingers and homeoboxes protein 3,14,15.15352,14.97618,0.177340000000001,1.13079703070765,Up,0.0869074572905441,0.410012309378636
P19022,CDH2,Cadherin-2,7,13.87745,12.74004,1.13741,2.19985738803063,Up,0.0869218635377861,0.410012309378636
O95297,MPZL1,Myelin protein zero-like protein 1,4,11.6708,10.87814,0.79266,1.73226542162745,Up,0.086987840105212,0.410012309378636
Q9BR76,CORO1B,Coronin-1B,16,16.798545,16.9136,-0.115055,0.923347109208906,Down,0.0870082812035887,0.410012309378636
Q96I51,RCC1L,RCC1-like G exchanging factor-like protein,8,13.648495,13.32875,0.319745000000001,1.2481099228162,Up,0.0871369421678849,0.410012309378636
Q14789,GOLGB1,Golgin subfamily B member 1,84,16.770035,16.257575,0.512459999999997,1.42648047488396,Up,0.0871481306732406,0.410012309378636
O43772,SLC25A20,Mitochondrial carnitine/acylcarnitine carrier protein,3,11.232325,11.794715,-0.56239,0.677179403849507,Down,0.0871731406212422,0.410012309378636
Q01130,SRSF2,Serine/arginine-rich splicing factor 2,5,17.986075,18.263545,-0.27747,0.825036584988592,Down,0.0872695570465095,0.410012309378636
Q96AG4,LRRC59,Leucine-rich repeat-containing protein 59,8,16.36724,16.138775,0.228465,1.17158773884274,Up,0.0873993895133177,0.410012309378636
Q12873,CHD3,Chromodomain-helicase-DNA-binding protein 3,52,15.410485,15.22807,0.182415000000002,1.13478186489395,Up,0.08748407910914,0.410012309378636
P20338,RAB4A,Ras-related protein Rab-4A,4,12.186905,12.77206,-0.585155,0.666577719046027,Down,0.0876542766059847,0.410012309378636
Q9UKA9,PTBP2,Polypyrimidine tract-binding protein 2,12,15.5864,15.240785,0.345615,1.27069254492774,Up,0.0877134787524703,0.410012309378636
O60942,RNGTT,mRNA-capping enzyme,19,13.451905,13.91002,-0.458115,0.727936746946897,Down,0.0878468574771778,0.410012309378636
Q96EY5,MVB12A,Multivesicular body subunit 12A,5,12.96944,12.819085,0.150354999999999,1.10984253436999,Up,0.0879217109358659,0.410012309378636
P35232,PHB1,Prohibitin 1,17,16.08089,15.920475,0.160415,1.11760857874048,Up,0.0879531876228995,0.410012309378636
Q9UQ16,DNM3,Dynamin-3,3,13.99736,14.693455,-0.696095,0.617240657439499,Down,0.0879724704476303,0.410012309378636
Q96RS0,TGS1,Trimethylguanosine synthase,7,13.55347,13.355685,0.197785000000001,1.14693608745363,Up,0.0880045113270005,0.410012309378636
O14519,CDK2AP1,Cyclin-dependent kinase 2-associated protein 1,3,15.75187,15.452655,0.299215,1.23047470460359,Up,0.0881352905927363,0.410012309378636
P36551,CPOX,"Oxygen-dependent coproporphyrinogen-III oxidase, mitochondrial",11,11.086615,11.394195,-0.30758,0.807995968626903,Down,0.0882306283421914,0.410012309378636
P17480,UBTF,Nucleolar transcription factor 1,26,16.00975,15.6609,0.348850000000001,1.27354505531797,Up,0.0882695817260695,0.410012309378636
P21266,GSTM3,Glutathione S-transferase Mu 3,11,13.0962,13.681385,-0.585185,0.666563858096146,Down,0.0882737799454835,0.410012309378636
Q8IY57,YAF2,YY1-associated factor 2,2,12.090345,11.540885,0.54946,1.46353779198109,Up,0.0883187176904657,0.410012309378636
Q9UBL3,ASH2L,Set1/Ash2 histone methyltransferase complex subunit ASH2,16,14.81986,14.633295,0.186565,1.13805083336144,Up,0.0883271957074411,0.410012309378636
Q8WXG6,MADD,MAP kinase-activating death domain protein,18,11.77776,12.22485,-0.44709,0.733520911240686,Down,0.0884183329775232,0.410012309378636
P10244,MYBL2,Myb-related protein B,17,14.74574,14.4066,0.33914,1.26500229298613,Up,0.0884963802493023,0.410012309378636
Q15061,WDR43,WD repeat-containing protein 43,18,16.161745,15.97234,0.189405000000001,1.14029333616646,Up,0.0885571247755545,0.410012309378636
Q96K76,USP47,Ubiquitin carboxyl-terminal hydrolase 47,6,11.71673,12.014335,-0.297605,0.813601926263127,Down,0.0886481447930788,0.410012309378636
Q12906,ILF3,Interleukin enhancer-binding factor 3,28,18.965265,18.77802,0.187245000000001,1.13858736877084,Up,0.0887251783776277,0.410012309378636
Q9BSG1,ZNF2,Zinc finger protein 2,1,10.6034015,10.0325945,0.570807,1.48535420053728,Up,0.0887750362796443,0.410012309378636
O00308,WWP2,NEDD4-like E3 ubiquitin-protein ligase WWP2,17,13.187335,13.04823,0.139105000000001,1.10122174259979,Up,0.0887945709413401,0.410012309378636
Q9BVG9,PTDSS2,Phosphatidylserine synthase 2,2,10.2508185,9.6806685,0.57015,1.48467792765244,Up,0.0888985492371775,0.410012309378636
O00478,BTN3A3,Butyrophilin subfamily 3 member A3,1,9.749775,9.364368,0.385406999999999,1.30622823634131,Up,0.0889410425314235,0.410012309378636
Q53HC9,EIPR1,EARP and GARP complex-interacting protein 1,4,13.11923,13.400015,-0.280785,0.82314300637822,Down,0.0891826126987983,0.410012309378636
P30040,ERP29,Endoplasmic reticulum resident protein 29,11,16.594,16.365935,0.228065000000001,1.17126295077483,Up,0.0892170446167813,0.410012309378636
Q92830,KAT2A,Histone acetyltransferase KAT2A,21,14.82127,14.62197,0.199300000000001,1.14814113827133,Up,0.0892405767631485,0.410012309378636
Q3B726,POLR1F,DNA-directed RNA polymerase I subunit RPA43,7,15.017045,14.812365,0.20468,1.15243070113869,Up,0.0892730097816159,0.410012309378636
Q8IY17,PNPLA6,Patatin-like phospholipase domain-containing protein 6,23,13.59335,13.782155,-0.188805,0.877332124175311,Down,0.0893659251481324,0.410012309378636
O14776,TCERG1,Transcription elongation regulator 1,46,17.204185,17.080605,0.12358,1.08943490777442,Up,0.089405731180316,0.410012309378636
Q6ZN55,ZNF574,Zinc finger protein 574,13,13.56203,13.793035,-0.231005,0.852041142120172,Down,0.0894577814016258,0.410012309378636
Q06787,FMR1,Fragile X messenger ribonucleoprotein 1,20,15.94748,15.731585,0.215895,1.16142419986911,Up,0.0894719288595766,0.410012309378636
Q9UMS0,NFU1,"NFU1 iron-sulfur cluster scaffold homolog, mitochondrial",4,11.74363,11.96948,-0.22585,0.855091078865848,Down,0.0894758829710258,0.410012309378636
Q8N4T8,CBR4,3-oxoacyl-[acyl-carrier-protein] reductase,3,16.15178,15.680765,0.471015000000001,1.38608429698183,Up,0.089495186952976,0.410012309378636
P14174,MIF,Macrophage migration inhibitory factor,2,15.011785,15.8486,-0.836815,0.559878234157737,Down,0.0895206727696844,0.410012309378636
Q03468,ERCC6,DNA excision repair protein ERCC-6,32,14.160505,13.75383,0.406675,1.3256270988868,Up,0.0895876814477388,0.410012309378636
Q9NQG5,RPRD1B,Regulation of nuclear pre-mRNA domain-containing protein 1B,10,15.37326,15.190985,0.182274999999999,1.1346717503178,Up,0.0896246286555792,0.410012309378636
P13073,COX4I1,"Cytochrome c oxidase subunit 4 isoform 1, mitochondrial",8,14.761175,14.954695,-0.19352,0.874469517334042,Down,0.089627032244549,0.410012309378636
Q96IY1,NSL1,Kinetochore-associated protein NSL1 homolog,11,12.979965,12.71633,0.263635000000001,1.20049966418148,Up,0.0896288729709032,0.410012309378636
Q96Q11,TRNT1,"CCA tRNA nucleotidyltransferase 1, mitochondrial",5,10.89359,11.534835,-0.641245,0.641159409765235,Down,0.0896314590617131,0.410012309378636
P52815,MRPL12,Large ribosomal subunit protein bL12m,6,14.863815,14.40957,0.454245,1.37006562620676,Up,0.0898736039043644,0.410012309378636
P11498,PC,"Pyruvate carboxylase, mitochondrial",24,12.318955,12.8328,-0.513845,0.700353400839402,Down,0.0898899799679669,0.410012309378636
Q9HAV0,GNB4,Guanine nucleotide-binding protein subunit beta-4,7,16.3923,16.79741,-0.40511,0.755178711086863,Down,0.0900081730658756,0.410012309378636
P53999,SUB1,Activated RNA polymerase II transcriptional coactivator p15,6,16.271585,16.90932,-0.637735,0.642721215498282,Down,0.0900130081135879,0.410012309378636
Q13569,TDG,G/T mismatch-specific thymine DNA glycosylase,5,12.89514,12.44951,0.44563,1.36190870867036,Up,0.0902120283447683,0.410012309378636
O94760,DDAH1,"N(G),N(G)-dimethylarginine dimethylaminohydrolase 1",5,14.182825,14.895535,-0.71271,0.610172895299974,Down,0.0902342347750061,0.410012309378636
P48681,NES,Nestin,20,14.041355,15.07816,-1.036805,0.48740569055035,Down,0.0902930030134467,0.410012309378636
Q9H116,GZF1,GDNF-inducible zinc finger protein 1,8,11.82226,12.136385,-0.314125,0.804338677286914,Down,0.090305060781341,0.410012309378636
P06737,PYGL,"Glycogen phosphorylase, liver form",17,14.67969,15.24704,-0.56735,0.674855251795024,Down,0.0903706331780863,0.410012309378636
Q9H0E9,BRD8,Bromodomain-containing protein 8,29,17.277345,17.06754,0.209804999999999,1.15653185221578,Up,0.0905234364379355,0.410012309378636
Q9H9B4,SFXN1,Sideroflexin-1,9,14.106785,14.49541,-0.388625,0.76385727274618,Down,0.0905609941700957,0.410012309378636
P30520,ADSS2,Adenylosuccinate synthetase isozyme 2,9,11.74617,12.537685,-0.791515,0.577737081196133,Down,0.090583440546603,0.410012309378636
Q9H7D0,DOCK5,Dedicator of cytokinesis protein 5,42,15.22009,15.42075,-0.20066,0.870152397397767,Down,0.0906529034185108,0.410012309378636
O75531,BANF1,Barrier-to-autointegration factor,7,14.739625,15.10958,-0.369955,0.773806632679633,Down,0.0906585316846061,0.410012309378636
Q9NVH2,INTS7,Integrator complex subunit 7,29,14.789865,14.694115,0.0957500000000007,1.06862079729246,Up,0.0906808994753135,0.410012309378636
Q99497,PARK7,Parkinson disease protein 7,7,13.285545,14.14213,-0.856585,0.552258261181672,Down,0.0906980201971111,0.410012309378636
Q9NWY4,HPF1,Histone PARylation factor 1,10,13.000525,13.722295,-0.72177,0.606353068967395,Down,0.0907152982616031,0.410012309378636
Q9Y4F3,MARF1,Meiosis regulator and mRNA stability factor 1,6,11.1872,11.35752,-0.17032,0.888645551414276,Down,0.0907431980236303,0.410012309378636
Q96E29,MTERF3,"Transcription termination factor 3, mitochondrial",10,15.22174,14.827905,0.393835000000001,1.31388135088564,Up,0.0907740865973062,0.410012309378636
P49756,RBM25,RNA-binding protein 25,28,17.09735,16.89095,0.206399999999999,1.15380546351776,Up,0.0907873259188887,0.410012309378636
P06576,ATP5F1B,"ATP synthase subunit beta, mitochondrial",18,16.079885,16.14792,-0.068035,0.953936407625237,Down,0.0908319475669451,0.410012309378636
Q92552,MRPS27,Small ribosomal subunit protein mS27,19,14.34601,14.09544,0.25057,1.18967705630063,Up,0.0909537800876131,0.410012309378636
P61964,WDR5,WD repeat-containing protein 5,12,16.68138,16.31951,0.36187,1.28509053385753,Up,0.0910273670800864,0.410012309378636
Q9Y520,PRRC2C,Protein PRRC2C,41,13.5169,13.38742,0.129479999999999,1.09389934890576,Up,0.091155215024088,0.410012309378636
Q8NBU5,ATAD1,Outer mitochondrial transmembrane helix translocase,13,13.85581,14.4239,-0.56809,0.674509187784579,Down,0.0912040121344918,0.410012309378636
Q9H8Y8,GORASP2,Golgi reassembly-stacking protein 2,4,11.81953,12.041265,-0.221735,0.857533537361267,Down,0.0912843538592247,0.410012309378636
P13473,LAMP2,Lysosome-associated membrane glycoprotein 2,4,13.443895,13.684785,-0.24089,0.846223115428926,Down,0.0913805756698363,0.410012309378636
Q96A35,MRPL24,Large ribosomal subunit protein uL24m,9,14.44481,14.210895,0.233915,1.17602195996378,Up,0.0913956555382873,0.410012309378636
P22694,PRKACB,cAMP-dependent protein kinase catalytic subunit beta,8,13.50999,13.648395,-0.138405,0.908523035873278,Down,0.0914219786437095,0.410012309378636
P07954,FH,"Fumarate hydratase, mitochondrial",8,14.428965,14.851555,-0.42259,0.74608401309252,Down,0.0914368146541412,0.410012309378636
Q5T8D3,ACBD5,Acyl-CoA-binding domain-containing protein 5,16,14.928165,14.68457,0.243594999999999,1.18393920432915,Up,0.0915568340875896,0.410012309378636
Q5T2T1,MPP7,MAGUK p55 subfamily member 7,16,15.16557,14.84009,0.325479999999999,1.25308128275996,Up,0.0916744979654855,0.410012309378636
P37268,FDFT1,Squalene synthase,16,13.86423,13.524625,0.339604999999999,1.26541008594052,Up,0.0917177405022268,0.410012309378636
Q7L1W4,LRRC8D,Volume-regulated anion channel subunit LRRC8D,10,12.599425,11.89351,0.705915000000001,1.63117887884836,Up,0.0917845810409199,0.410012309378636
Q8N1G1,REXO1,RNA exonuclease 1 homolog,6,12.301755,11.466485,0.83527,1.78419091846074,Up,0.091840995458396,0.410012309378636
Q15758,SLC1A5,Neutral amino acid transporter B(0),6,12.557145,12.119095,0.43805,1.35477192948891,Up,0.0918806477276581,0.410012309378636
Q6P1L8,MRPL14,Large ribosomal subunit protein uL14m,5,13.794355,13.368395,0.42596,1.34346617641322,Up,0.0918859227725825,0.410012309378636
Q08211,DHX9,ATP-dependent RNA helicase A,53,19.04575,18.905805,0.139944999999997,1.101863109,Up,0.0919331189900506,0.410012309378636
P55290,CDH13,Cadherin-13,9,12.1093,12.62985,-0.52055,0.697106024119759,Down,0.0919410262519501,0.410012309378636
Q658P3,STEAP3,Metalloreductase STEAP3,8,14.649065,14.149895,0.499169999999999,1.41340018211023,Up,0.0921619936869435,0.41007773620097
P12259,F5,Coagulation factor V,7,13.465375,12.54852,0.916855,1.88799507328738,Up,0.0924859552152026,0.41007773620097
O75027,ABCB7,"Iron-sulfur clusters transporter ABCB7, mitochondrial",12,12.653455,12.466995,0.18646,1.13796800851921,Up,0.0925246859378065,0.41007773620097
O60504,SORBS3,Vinexin,14,14.5911,14.421595,0.169505000000001,1.12467253450114,Up,0.0925807630320921,0.41007773620097
Q9NWT1,PAK1IP1,p21-activated protein kinase-interacting protein 1,15,15.838715,15.59116,0.247555,1.18719341919357,Up,0.0925922708943405,0.41007773620097
Q9NPF4,OSGEP,tRNA N6-adenosine threonylcarbamoyltransferase,7,12.121165,12.43993,-0.318765,0.801755916453922,Down,0.0926816910049993,0.41007773620097
Q9UKV3,ACIN1,Apoptotic chromatin condensation inducer in the nucleus,37,16.483095,16.248195,0.2349,1.17682516308728,Up,0.0927282790088676,0.41007773620097
Q9C0A6,SETD5,Histone-lysine N-methyltransferase SETD5,14,13.381865,13.20446,0.177405,1.13084797942566,Up,0.0927368889912989,0.41007773620097
O14713,ITGB1BP1,Integrin beta-1-binding protein 1,6,11.734225,11.19453,0.539695,1.453665166,Up,0.0927406028443683,0.41007773620097
P08754,GNAI3,Guanine nucleotide-binding protein G(i) subunit alpha-3,12,15.11968,15.635625,-0.515945,0.69933470166426,Down,0.0927608000805413,0.41007773620097
Q9Y4E5,ZNF451,E3 SUMO-protein ligase ZNF451,22,13.15379,13.365025,-0.211235,0.863797472326187,Down,0.0928126647903573,0.41007773620097
O14497,ARID1A,AT-rich interactive domain-containing protein 1A,40,14.935285,14.67449,0.260795,1.19813875950988,Up,0.0928288849732074,0.41007773620097
P42285,MTREX,Exosome RNA helicase MTR4,43,17.41825,17.26166,0.156590000000001,1.1146494011148,Up,0.0928324415476986,0.41007773620097
Q92738,USP6NL,USP6 N-terminal-like protein,12,11.526715,11.700085,-0.17337,0.886768851294721,Down,0.0928777664673905,0.41007773620097
P61019,RAB2A,Ras-related protein Rab-2A,10,13.527065,13.886285,-0.35922,0.77958595262953,Down,0.0930013997546368,0.41007773620097
Q93050,ATP6V0A1,V-type proton ATPase 116 kDa subunit a 1,14,14.00822,14.220235,-0.212015,0.863330582300364,Down,0.0930417902001234,0.41007773620097
Q9H1E5,TMX4,Thioredoxin-related transmembrane protein 4,5,12.24513,12.54613,-0.301,0.811689580977279,Down,0.0930458663670964,0.41007773620097
Q96P16,RPRD1A,Regulation of nuclear pre-mRNA domain-containing protein 1A,15,14.65824,14.434175,0.224065,1.1680200180635,Up,0.0931915834320686,0.41007773620097
Q9UQE7,SMC3,Structural maintenance of chromosomes protein 3,66,17.034865,17.08936,-0.054495,0.962931447991044,Down,0.0932488886760623,0.41007773620097
Q8IU81,IRF2BP1,Interferon regulatory factor 2-binding protein 1,18,15.57622,15.244285,0.331935,1.25870046202334,Up,0.0932822808918925,0.41007773620097
P0CG38,POTEI,POTE ankyrin domain family member I,1,8.860177,11.5023695,-2.6421925,0.16018461552745,Down,0.0932994602482144,0.41007773620097
Q16531,DDB1,DNA damage-binding protein 1,51,16.9975,16.91251,0.0849900000000048,1.06068038926653,Up,0.0933207618771764,0.41007773620097
Q9NZB2,FAM120A,Constitutive coactivator of PPAR-gamma-like protein 1,23,13.35678,13.472015,-0.115235,0.923231913615153,Down,0.0934295333470676,0.410179711597397
A6NHT5,HMX3,Homeobox protein HMX3,6,14.17363,13.94243,0.231199999999999,1.17381089174468,Up,0.0935269367080184,0.410179711597397
Q5VYK3,ECPAS,Proteasome adapter and scaffold protein ECM29,40,15.18746,14.87411,0.313350000000002,1.24258969936213,Up,0.0935778232743057,0.410179711597397
Q13526,PIN1,Peptidyl-prolyl cis-trans isomerase NIMA-interacting 1,5,14.45408,14.657065,-0.202985,0.868751217690524,Down,0.0936772299857826,0.410179711597397
P26196,DDX6,Probable ATP-dependent RNA helicase DDX6,23,16.02491,15.812445,0.212464999999998,1.15866619970397,Up,0.0937071434687065,0.410179711597397
Q15645,TRIP13,Pachytene checkpoint protein 2 homolog,11,13.83178,14.09648,-0.2647,0.832371803567219,Down,0.093768710180227,0.410179711597397
Q5QJE6,DNTTIP2,Deoxynucleotidyltransferase terminal-interacting protein 2,18,14.15762,13.87474,0.282880000000002,1.21662115872222,Up,0.0937784149226309,0.410179711597397
Q96A33,CCDC47,PAT complex subunit CCDC47,14,14.30004,14.136165,0.163875000000001,1.12029214407136,Up,0.0938712999012258,0.410314431909525
P60709,ACTB,"Actin, cytoplasmic 1",24,21.67138,21.420485,0.250895,1.18994508841131,Up,0.0939754738720731,0.410498286067767
Q9Y4D8,HECTD4,Probable E3 ubiquitin-protein ligase HECTD4,2,11.55951,13.851815,-2.292305,0.204149084079627,Down,0.0942995646527695,0.411641890878569
P36956,SREBF1,Sterol regulatory element-binding protein 1,4,12.63471,12.124295,0.510414999999998,1.42445989121686,Up,0.094475250715074,0.412136588762986
Q92973,TNPO1,Transportin-1,24,15.25939,15.12802,0.13137,1.09533334884675,Up,0.0946716679727676,0.412494052189424
Q8IWX8,CHERP,Calcium homeostasis endoplasmic reticulum protein,22,16.706745,16.44308,0.263665,1.20052462812976,Up,0.0946820210578538,0.412494052189424
P42695,NCAPD3,Condensin-2 complex subunit D3,41,17.0218,16.871575,0.150224999999999,1.10974253192656,Up,0.0949818570599271,0.412612008499512
Q15326,ZMYND11,Zinc finger MYND domain-containing protein 11,5,14.27401,13.94071,0.333300000000001,1.25989193987372,Up,0.0950382610209296,0.412612008499512
Q969X6,UTP4,U3 small nucleolar RNA-associated protein 4 homolog,21,15.454895,15.305655,0.149240000000001,1.10898511383603,Up,0.0951403461820143,0.412612008499512
P61247,RPS3A,Small ribosomal subunit protein eS1,18,17.879655,17.76514,0.114514999999997,1.08261103608182,Up,0.0951538664464905,0.412612008499512
P17812,CTPS1,CTP synthase 1,16,12.697815,13.458035,-0.76022,0.590406291389407,Down,0.095154383115763,0.412612008499512
Q96RL1,UIMC1,BRCA1-A complex subunit RAP80,9,13.761365,13.52004,0.241325,1.18207780695987,Up,0.0951758311513932,0.412612008499512
Q9H9P8,L2HGDH,"L-2-hydroxyglutarate dehydrogenase, mitochondrial",5,11.34761,12.46872,-1.12111,0.459739968318539,Down,0.0952001463832971,0.412612008499512
Q16514,TAF12,Transcription initiation factor TFIID subunit 12,3,14.43849,14.167235,0.271255,1.20685721593741,Up,0.0952894441385612,0.412612008499512
Q15257,PTPA,Serine/threonine-protein phosphatase 2A activator,5,14.394935,15.179095,-0.78416,0.580689961814033,Down,0.0953090146159948,0.412612008499512
Q96IR7,HPDL,4-hydroxyphenylpyruvate dioxygenase-like protein,13,13.887085,14.306755,-0.41967,0.747595608711525,Down,0.0953432064454806,0.412612008499512
Q56P03,EAPP,E2F-associated phosphoprotein,6,14.23007,13.76691,0.463160000000002,1.37855803147613,Up,0.095493826688825,0.412612008499512
Q9NR12,PDLIM7,PDZ and LIM domain protein 7,12,15.38989,15.11306,0.27683,1.21152989136899,Up,0.0955035587557624,0.412612008499512
Q9H0B6,KLC2,Kinesin light chain 2,18,17.06155,17.263035,-0.201485,0.869654946107439,Down,0.095588859462773,0.412612008499512
Q96EL3,MRPL53,Large ribosomal subunit protein mL53,5,13.183865,12.73398,0.449885000000002,1.36593137139465,Up,0.0956144423399013,0.412612008499512
Q9NVI1,FANCI,Fanconi anemia group I protein,49,14.517665,14.399645,0.118020000000001,1.08524441645968,Up,0.0956939111186117,0.412612008499512
Q7Z7K6,CENPV,Centromere protein V,3,13.369865,12.98285,0.387015000000002,1.30768494473807,Up,0.0957131668207662,0.412612008499512
P18846,ATF1,Cyclic AMP-dependent transcription factor ATF-1,3,16.18423,16.021905,0.162324999999999,1.11908917303131,Up,0.0957704374395903,0.412612008499512
Q96KP4,CNDP2,Cytosolic non-specific dipeptidase,8,12.87367,13.366605,-0.492935,0.710578035655014,Down,0.0958750327988612,0.41279354512552
P30405,PPIF,"Peptidyl-prolyl cis-trans isomerase F, mitochondrial",8,16.97734,16.65447,0.322869999999998,1.25081636505622,Up,0.0959602892808514,0.412891635323663
O15294,OGT,UDP-N-acetylglucosamine--peptide N-acetylglucosaminyltransferase 110 kDa subunit,32,15.115035,15.0329,0.0821349999999992,1.05858344704844,Up,0.0961222075110582,0.413319238412872
Q01780,EXOSC10,Exosome complex component 10,48,15.81341,15.69146,0.121950000000002,1.08820472671535,Up,0.0961982167794973,0.41337712268901
P58107,EPPK1,Epiplakin,69,13.473835,14.527395,-1.05356,0.481777859510488,Down,0.0963563833162992,0.413647985004031
O00422,SAP18,Histone deacetylase complex subunit SAP18,8,16.7239,16.55964,0.164259999999999,1.1205911469921,Up,0.0963864271306109,0.413647985004031
Q9Y2T3,GDA,Guanine deaminase,8,12.78959,13.61575,-0.82616,0.564028512495755,Down,0.0965374261235592,0.413973997243961
Q9Y237,PIN4,Peptidyl-prolyl cis-trans isomerase NIMA-interacting 4,5,14.039785,14.34523,-0.305445,0.809192582196655,Down,0.0966330947149154,0.413973997243961
Q86UE8,TLK2,Serine/threonine-protein kinase tousled-like 2,22,16.0397,16.324875,-0.285175,0.820642058270279,Down,0.0966833715840669,0.413973997243961
Q8ND56,LSM14A,Protein LSM14 homolog A,6,12.898895,12.623305,0.275589999999999,1.21048902577118,Up,0.0968007472855182,0.413973997243961
Q9Y3B4,SF3B6,Splicing factor 3B subunit 6,6,15.7846,15.50798,0.276620000000001,1.21135355281234,Up,0.096812910206123,0.413973997243961
O43747,AP1G1,AP-1 complex subunit gamma-1,15,13.365875,13.66302,-0.297145,0.813861382729869,Down,0.0968382205687947,0.413973997243961
Q4VC05,BCL7A,B-cell CLL/lymphoma 7 protein family member A,1,12.4141,12.68623,-0.27213,0.828096038956016,Down,0.0969957307774762,0.414379304918126
P49005,POLD2,DNA polymerase delta subunit 2,12,14.249005,14.186765,0.062240000000001,1.0440856021734,Up,0.0971495242675301,0.414768220855366
O75915,ARL6IP5,PRA1 family protein 3,2,14.67614,14.37087,0.30527,1.23564986703875,Up,0.0974187837507908,0.415649284576486
P98175,RBM10,RNA-binding protein 10,25,15.86493,15.74744,0.117489999999998,1.08484580560563,Up,0.0975546180216391,0.415661921310323
Q9UPW0,FOXJ3,Forkhead box protein J3,4,13.1755,13.329035,-0.153535,0.899044854155702,Down,0.0975974503985024,0.415661921310323
Q00610,CLTC,Clathrin heavy chain 1,77,18.057545,18.31559,-0.258045,0.83622031643831,Down,0.0976104254612833,0.415661921310323
Q9BZ95,NSD3,Histone-lysine N-methyltransferase NSD3,34,14.163375,14.036435,0.126939999999999,1.09197513083229,Up,0.0978624917276312,0.416466972200847
O43314,PPIP5K2,Inositol hexakisphosphate and diphosphoinositol-pentakisphosphate kinase 2,20,14.81427,15.22286,-0.40859,0.753359300336316,Down,0.0979324374932809,0.416473570783499
Q08AF3,SLFN5,Schlafen family member 5,21,14.351485,14.74743,-0.395945,0.759991400872813,Down,0.0979900745299351,0.416473570783499
Q96L91,EP400,E1A-binding protein p400,75,16.055685,15.841345,0.21434,1.16017304031818,Up,0.0980878651116221,0.416621272829505
O14802,POLR3A,DNA-directed RNA polymerase III subunit RPC1,17,12.66325,12.10849,0.554760000000002,1.46892424958312,Up,0.098260230853957,0.417085334434041
P17535,JUND,Transcription factor JunD,4,14.6446,14.083115,0.561485000000001,1.47578749860217,Up,0.0984613188667974,0.417670639531877
Q5TFE4,NT5DC1,5'-nucleotidase domain-containing protein 1,4,10.638685,11.542565,-0.90388,0.534447447845757,Down,0.0985441878458998,0.417697199062924
Q9NWU2,GID8,Glucose-induced degradation protein 8 homolog,7,14.13009,13.63357,0.49652,1.4108063750131,Up,0.0985939825296054,0.417697199062924
Q9NPD3,EXOSC4,Exosome complex component RRP41,4,15.246775,15.12423,0.122544999999999,1.08865361946846,Up,0.0987565359116423,0.418117838462552
P41250,GARS1,Glycine--tRNA ligase,16,13.894325,14.084455,-0.19013,0.87652673469285,Down,0.0988275953424002,0.418127635043937
Q9UNS2,COPS3,COP9 signalosome complex subunit 3,10,14.035085,13.870245,0.164839999999998,1.12104174362625,Up,0.0989770719655708,0.418127635043937
P34897,SHMT2,"Serine hydroxymethyltransferase, mitochondrial",24,17.25727,17.143075,0.114194999999995,1.08237093189927,Up,0.0989858416876736,0.418127635043937
Q86Y91,KIF18B,Kinesin-like protein KIF18B,16,14.87337,14.19036,0.683010000000001,1.60548590577363,Up,0.0990119153947285,0.418127635043937
O43670,ZNF207,BUB3-interacting and GLEBS motif-containing protein ZNF207,8,17.729745,17.51635,0.213395000000002,1.15941334786886,Up,0.0990939476995123,0.418206832915758
Q9BWT3,PAPOLG,Poly(A) polymerase gamma,21,14.076825,13.87945,0.197374999999999,1.14661018560362,Up,0.0991590931611858,0.418214707531766
Q6Y7W6,GIGYF2,GRB10-interacting GYF protein 2,16,12.84256,12.58698,0.255579999999998,1.19381559071806,Up,0.0993558243112878,0.418517212288315
Q8TDN6,BRIX1,Ribosome biogenesis protein BRX1 homolog,21,17.09421,17.28269,-0.18848,0.877529785532035,Down,0.0993574680103445,0.418517212288315
P42765,ACAA2,"3-ketoacyl-CoA thiolase, mitochondrial",12,16.0355,15.790275,0.245224999999998,1.18527761019019,Up,0.0995578403474622,0.419094119016801
Q86XI2,NCAPG2,Condensin-2 complex subunit G2,39,14.31875,14.131175,0.187575000000001,1.13884783740539,Up,0.0997432503484273,0.419479001257862
P51946,CCNH,Cyclin-H,20,14.474395,14.36057,0.113825000000002,1.08209337781906,Up,0.0997762127367771,0.419479001257862
Q9GZS3,SKIC8,Superkiller complex protein 8,9,15.44871,15.379015,0.0696950000000012,1.04949478659082,Up,0.100025140944913,0.419853922587315
Q14669,TRIP12,E3 ubiquitin-protein ligase TRIP12,46,15.15269,14.94558,0.20711,1.15437343073723,Up,0.100240012272607,0.419853922587315
Q99633,PRPF18,Pre-mRNA-splicing factor 18,9,14.634305,14.3355,0.298805000000002,1.23012506525838,Up,0.100324440490802,0.419853922587315
Q8WU90,ZC3H15,Zinc finger CCCH domain-containing protein 15,12,13.00673,12.855075,0.151655000000002,1.11084305457297,Up,0.100388299361904,0.419853922587315
Q15544,TAF11,Transcription initiation factor TFIID subunit 11,6,12.566895,12.183195,0.383699999999999,1.30468361814781,Up,0.100546429638492,0.419853922587315
Q9UHL9,GTF2IRD1,General transcription factor II-I repeat domain-containing protein 1,23,15.5032,15.05175,0.451450000000001,1.36741390402119,Up,0.100548980646682,0.419853922587315
Q8N3U4,STAG2,Cohesin subunit SA-2,43,16.11081,16.168455,-0.057645,0.960831263973106,Down,0.100565784348373,0.419853922587315
P06703,S100A6,Protein S100-A6,3,13.97743,14.601385,-0.623955,0.648889623074509,Down,0.100616741777531,0.419853922587315
Q06265,EXOSC9,Exosome complex component RRP45,10,15.988015,15.807625,0.180389999999999,1.13319017624904,Up,0.100624215558162,0.419853922587315
Q9Y5K5,UCHL5,Ubiquitin carboxyl-terminal hydrolase isozyme L5,9,14.52716,14.292245,0.234914999999999,1.17683739884654,Up,0.100669456508819,0.419853922587315
Q6PK04,CCDC137,Coiled-coil domain-containing protein 137,7,13.858805,13.474245,0.38456,1.30546158048244,Up,0.100679503484649,0.419853922587315
Q8IYH5,ZZZ3,ZZ-type zinc finger-containing protein 3,13,15.56624,15.230525,0.335715,1.26200270270545,Up,0.100684746493335,0.419853922587315
Q14CZ7,FASTKD3,"FAST kinase domain-containing protein 3, mitochondrial",15,15.12941,14.842685,0.286725000000001,1.21986796239865,Up,0.100771872510578,0.419853922587315
O14828,SCAMP3,Secretory carrier-associated membrane protein 3,5,13.781625,14.097245,-0.31562,0.803505608992935,Down,0.100780651081562,0.419853922587315
P46736,BRCC3,Lys-63-specific deubiquitinase BRCC36,7,13.775115,13.61111,0.164005,1.12039309717403,Up,0.100818304606759,0.419853922587315
Q15003,NCAPH,Condensin complex subunit 2,15,14.17128,14.38987,-0.21859,0.859404954835691,Down,0.100891337680173,0.419893482826364
P55010,EIF5,Eukaryotic translation initiation factor 5,13,14.90869,14.674005,0.234684999999999,1.17664979785023,Up,0.10097336194839,0.419901977665668
P63098,PPP3R1,Calcineurin subunit B type 1,6,13.56446,13.920245,-0.355785,0.781444327520685,Down,0.10107605283248,0.419901977665668
P48444,ARCN1,Coatomer subunit delta,17,12.937845,13.271225,-0.33338,0.793674852672843,Down,0.101111280247203,0.419901977665668
Q9NW08,POLR3B,DNA-directed RNA polymerase III subunit RPC2,11,13.411465,12.89111,0.520354999999999,1.43430814085494,Up,0.101147518299855,0.419901977665668
P61221,ABCE1,ATP-binding cassette sub-family E member 1,25,16.84049,17.05378,-0.21329,0.862567940019644,Down,0.10131534033447,0.419989447337705
Q6VN20,RANBP10,Ran-binding protein 10,9,13.219095,12.95991,0.259184999999999,1.19680242203286,Up,0.101346565111162,0.419989447337705
Q7Z412,PEX26,Peroxisome assembly protein 26,1,11.1578,10.490465,0.667335,1.58813659120556,Up,0.101387158882564,0.419989447337705
Q96C57,CUSTOS,Protein CUSTOS,9,14.99783,14.65226,0.34557,1.2706529105829,Up,0.101506745730762,0.419989447337705
Q86YN6,PPARGC1B,Peroxisome proliferator-activated receptor gamma coactivator 1-beta,3,14.14194,13.5545,0.587439999999999,1.50257812049298,Up,0.101509950789033,0.419989447337705
O75564,JRK,Jerky protein homolog,4,11.690575,11.05198,0.638594999999999,1.55681228525556,Up,0.101561148283241,0.419989447337705
Q8N6G5,CSGALNACT2,Chondroitin sulfate N-acetylgalactosaminyltransferase 2,1,9.878323,8.414885,1.463438,2.75764739639193,Up,0.101613425070811,0.419989447337705
P05114,HMGN1,Non-histone chromosomal protein HMG-14,1,17.09734,16.290415,0.806925,1.74947857898674,Up,0.101750938055964,0.420294968507416
Q92506,HSD17B8,(3R)-3-hydroxyacyl-CoA dehydrogenase,5,12.437975,12.277445,0.160530000000001,1.11769766902328,Up,0.101839764808424,0.420399129056134
Q9H553,ALG2,"Alpha-1,3/1,6-mannosyltransferase ALG2",2,9.9052575,10.5555085,-0.650251,0.637169449311784,Down,0.102011304499237,0.420624659169277
Q6P2Q9,PRPF8,Pre-mRNA-processing-splicing factor 8,98,17.356455,17.243595,0.112860000000001,1.08136982160987,Up,0.102021686888841,0.420624659169277
Q6P4E1,GOLM2,Protein GOLM2,2,10.997966,9.8845775,1.1133885,2.16353206105766,Up,0.102127260943653,0.420768002976989
Q99594,TEAD3,Transcriptional enhancer factor TEF-5,5,13.787765,13.45848,0.329285,1.25639055274721,Up,0.102183786469673,0.420768002976989
Q9NS56,TOPORS,E3 ubiquitin-protein ligase Topors,5,11.44807,11.729795,-0.281725,0.822606855365199,Down,0.102311242175278,0.421030510296646
Q9ULU4,ZMYND8,MYND-type zinc finger-containing chromatin reader ZMYND8,24,13.923595,13.781175,0.14242,1.10375502043961,Up,0.1023809294051,0.421055110415872
P09497,CLTB,Clathrin light chain B,8,14.119345,14.232305,-0.11296,0.924688915578876,Down,0.102722069418973,0.422195371138053
Q96L73,NSD1,"Histone-lysine N-methyltransferase, H3 lysine-36 specific",32,15.65688,15.36822,0.288659999999998,1.22150519556941,Up,0.102786617078878,0.42219810582617
Q9UPQ9,TNRC6B,Trinucleotide repeat-containing gene 6B protein,8,16.5124,16.758235,-0.245835,0.843327555504189,Down,0.102858173381835,0.422229607379222
Q96P48,ARAP1,"Arf-GAP with Rho-GAP domain, ANK repeat and PH domain-containing protein 1",23,12.490225,12.832695,-0.34247,0.788689860263375,Down,0.102985019752046,0.422309743240495
Q99460,PSMD1,26S proteasome non-ATPase regulatory subunit 1,27,14.47352,14.04911,0.424410000000002,1.34202356083115,Up,0.103078847000262,0.422309743240495
P51610,HCFC1,Host cell factor 1,48,17.004045,16.862275,0.141769999999998,1.10325784040688,Up,0.103087189157471,0.422309743240495
Q5T1V6,DDX59,Probable ATP-dependent RNA helicase DDX59,15,12.880335,13.10859,-0.228255,0.853666813285647,Down,0.103133291812704,0.422309743240495
Q14653,IRF3,Interferon regulatory factor 3,6,13.976055,14.11551,-0.139455,0.907862049247159,Down,0.103534492209582,0.423142359243616
P84095,RHOG,Rho-related GTP-binding protein RhoG,4,12.718665,13.137325,-0.41866,0.748119167682633,Down,0.103599240133718,0.423142359243616
Q8N9Q2,SREK1IP1,Protein SREK1IP1,2,12.20532,11.920925,0.284395,1.21789942552209,Up,0.103696691265413,0.423142359243616
O94880,PHF14,PHD finger protein 14,24,15.239365,15.05546,0.183904999999999,1.13595446087881,Up,0.1039376535781,0.423142359243616
P31937,HIBADH,"3-hydroxyisobutyrate dehydrogenase, mitochondrial",3,11.508245,11.84544,-0.337195,0.791578865911656,Down,0.104111384690982,0.423142359243616
O95831,AIFM1,"Apoptosis-inducing factor 1, mitochondrial",17,14.9131,15.04714,-0.13404,0.911276014350876,Down,0.104137319125331,0.423142359243616
Q8N587,ZNF561,Zinc finger protein 561,3,10.382645,9.7448215,0.6378235,1.55597998213225,Up,0.10414396896925,0.423142359243616
O14867,BACH1,Transcription regulator protein BACH1,15,14.30137,13.873105,0.428265000000001,1.3456143536536,Up,0.10420089595612,0.423142359243616
P23743,DGKA,Diacylglycerol kinase alpha,12,12.406555,12.8096,-0.403045,0.756260409284417,Down,0.104243061638452,0.423142359243616
O43242,PSMD3,26S proteasome non-ATPase regulatory subunit 3,23,14.08819,13.694975,0.393215000000001,1.31331683004064,Up,0.104250744496289,0.423142359243616
Q7Z3K3,POGZ,Pogo transposable element with ZNF domain,27,15.013595,14.86763,0.145964999999999,1.10647050962466,Up,0.10425111079272,0.423142359243616
Q8WUI4,HDAC7,Histone deacetylase 7,7,13.37676,13.307535,0.0692249999999994,1.0491529387317,Up,0.104310047708477,0.423142359243616
Q8IZL8,PELP1,"Proline-, glutamic acid- and leucine-rich protein 1",24,16.803705,16.71572,0.0879850000000033,1.06288462326891,Up,0.104428215399288,0.423142359243616
O95568,METTL18,Histidine protein methyltransferase 1 homolog,3,12.378515,11.830985,0.54753,1.46158121810806,Up,0.104434435847569,0.423142359243616
Q8TBQ9,TMEM167A,Protein kish-A,2,12.924805,12.774865,0.149940000000001,1.10952332733033,Up,0.104471691961811,0.423142359243616
O00566,MPHOSPH10,U3 small nucleolar ribonucleoprotein protein MPP10,12,13.817185,13.468055,0.349130000000001,1.27379225047119,Up,0.104487879017675,0.423142359243616
Q9NWK9,ZNHIT6,Box C/D snoRNA protein 1,11,12.382595,11.513715,0.868880000000001,1.82624459095164,Up,0.10453143670557,0.423142359243616
P00403,MT-CO2,Cytochrome c oxidase subunit 2,5,15.28567,15.83704,-0.55137,0.682371832378165,Down,0.104658516469993,0.423142359243616
O75391,SPAG7,Sperm-associated antigen 7,6,14.298275,14.764575,-0.4663,0.723818556701914,Down,0.104672531737163,0.423142359243616
P04183,TK1,"Thymidine kinase, cytosolic",11,13.92593,13.72777,0.198160000000001,1.14723424952085,Up,0.104764765902965,0.423142359243616
P16403,H1-2,Histone H1.2,1,17.682385,17.294445,0.38794,1.30852365035463,Up,0.104907141846313,0.423142359243616
Q14444,CAPRIN1,Caprin-1,14,16.063945,15.64753,0.416415000000001,1.33460702229064,Up,0.105048740994303,0.423142359243616
Q15124,PGM5,Phosphoglucomutase-like protein 5,6,10.88635,11.76022,-0.87387,0.545681107163882,Down,0.105099306483824,0.423142359243616
P55196,AFDN,Afadin,40,15.329035,15.048945,0.280090000000001,1.21427063217619,Up,0.105120099860569,0.423142359243616
Q76L83,ASXL2,Putative Polycomb group protein ASXL2,28,13.443805,13.334835,0.108969999999999,1.07845800555751,Up,0.105205062680222,0.423142359243616
Q8N6T7,SIRT6,NAD-dependent protein deacylase sirtuin-6,13,14.20656,13.914715,0.291844999999999,1.22420485944178,Up,0.105267516192679,0.423142359243616
Q9BUB7,TMEM70,"Transmembrane protein 70, mitochondrial",3,11.479825,12.09364,-0.613815,0.65346641702902,Down,0.10533317628389,0.423142359243616
O15516,CLOCK,Circadian locomoter output cycles protein kaput,9,13.26231,12.991405,0.270904999999999,1.20656446606283,Up,0.105441810058534,0.423142359243616
Q9NZM4,BICRA,BRD4-interacting chromatin-remodeling complex-associated protein,6,11.841875,12.63765,-0.795775,0.576033651292421,Down,0.105453084835766,0.423142359243616
O00716,E2F3,Transcription factor E2F3,4,12.056725,11.46637,0.590354999999999,1.50561718491182,Up,0.105499099393961,0.423142359243616
O95619,YEATS4,YEATS domain-containing protein 4,14,15.172475,14.855225,0.31725,1.24595330411858,Up,0.105571585493728,0.423142359243616
P58546,MTPN,Myotrophin,5,14.125685,14.871035,-0.74535,0.596523136544528,Down,0.105573938244821,0.423142359243616
Q68D85,NCR3LG1,Natural cytotoxicity triggering receptor 3 ligand 1,8,14.03114,13.623915,0.407225,1.32613256530773,Up,0.105596248572367,0.423142359243616
Q8WYK2,JDP2,Jun dimerization protein 2,2,13.84499,13.47476,0.370229999999999,1.29255887892736,Up,0.10569949176455,0.423142359243616
Q96QE3,ATAD5,ATPase family AAA domain-containing protein 5,43,13.77099,13.5648,0.206189999999999,1.15363752676974,Up,0.105795816548776,0.423142359243616
Q15819,UBE2V2,Ubiquitin-conjugating enzyme E2 variant 2,3,14.531975,15.398835,-0.86686,0.548339002860945,Down,0.105909090265989,0.423142359243616
Q9BSC4,NOL10,Nucleolar protein 10,27,14.68167,14.292065,0.389605,1.31003467624933,Up,0.105940473373536,0.423142359243616
Q13423,NNT,"NAD(P) transhydrogenase, mitochondrial",30,13.64244,13.96995,-0.32751,0.796910714769663,Down,0.105953031110369,0.423142359243616
P14866,HNRNPL,Heterogeneous nuclear ribonucleoprotein L,16,19.22436,18.92268,0.301680000000001,1.23257890039244,Up,0.105959313009642,0.423142359243616
Q4KMQ1,TPRN,Taperin,9,12.26396,11.649325,0.614635000000002,1.53117056389225,Up,0.106010373891218,0.423142359243616
Q69YN2,CWF19L1,CWF19-like protein 1,16,13.891155,13.98179,-0.090635,0.939109310716968,Down,0.106016337396805,0.423142359243616
P78417,GSTO1,Glutathione S-transferase omega-1,7,12.9268,13.60861,-0.68181,0.623382689962954,Down,0.106055628370044,0.423142359243616
P14550,AKR1A1,Aldo-keto reductase family 1 member A1,10,12.634,13.485185,-0.851185,0.55432923437079,Down,0.106259187716843,0.423142359243616
Q9ULV4,CORO1C,Coronin-1C,17,17.604635,17.4939,0.110735000000002,1.07977820363338,Up,0.106261733226297,0.423142359243616
P23921,RRM1,Ribonucleoside-diphosphate reductase large subunit,22,13.762065,14.169025,-0.40696,0.754210949221121,Down,0.106437884078128,0.423142359243616
Q9NVH1,DNAJC11,DnaJ homolog subfamily C member 11,15,14.31399,13.924815,0.389175000000002,1.30964427429033,Up,0.106538391484453,0.423142359243616
Q6N043,ZNF280D,Zinc finger protein 280D,9,11.494595,11.080305,0.414290000000001,1.33264267624936,Up,0.106617054330043,0.423142359243616
P84077,ARF1,ADP-ribosylation factor 1,1,10.708215,11.64558,-0.937365,0.522185752391152,Down,0.106627007102306,0.423142359243616
Q9UGU5,HMGXB4,HMG domain-containing protein 4,9,12.477605,12.24174,0.235865,1.17761258949485,Up,0.106695202577256,0.423142359243616
O95249,GOSR1,Golgi SNAP receptor complex member 1,4,10.43443,11.259395,-0.824965,0.564495896992828,Down,0.106708688972228,0.423142359243616
Q9UBU9,NXF1,Nuclear RNA export factor 1,22,15.136235,14.91506,0.221174999999999,1.1656825877389,Up,0.106912175349066,0.423142359243616
Q96CX2,KCTD12,BTB/POZ domain-containing protein KCTD12,8,12.56967,12.388595,0.181075,1.13372834929213,Up,0.10711605119607,0.423142359243616
O15265,ATXN7,Ataxin-7,9,14.902105,14.595985,0.30612,1.23637809568305,Up,0.107204282019462,0.423142359243616
P11234,RALB,Ras-related protein Ral-B,2,13.09826,13.4748,-0.37654,0.770282737966981,Down,0.107273298165037,0.423142359243616
Q6PEV8,FAM199X,Protein FAM199X,2,11.23333,12.385335,-1.152005,0.449999405314958,Down,0.107294027203647,0.423142359243616
Q86WR7,PROSER2,Proline and serine-rich protein 2,10,15.794455,15.98243,-0.187975,0.877837009233918,Down,0.10747555592465,0.423142359243616
P11388,TOP2A,DNA topoisomerase 2-alpha,52,17.05489,16.794995,0.259895,1.19739155474664,Up,0.107631988218995,0.423142359243616
Q99747,NAPG,Gamma-soluble NSF attachment protein,4,11.824915,11.51942,0.305495000000001,1.23584259169168,Up,0.107651254249406,0.423142359243616
P52756,RBM5,RNA-binding protein 5,19,14.17869,13.926785,0.251904999999999,1.19077843523532,Up,0.107707568408262,0.423142359243616
Q86VS8,HOOK3,Protein Hook homolog 3,10,13.71883,13.98833,-0.2695,0.829607015878812,Down,0.107727620265425,0.423142359243616
Q15424,SAFB,Scaffold attachment factor B1,15,17.049965,16.689025,0.360939999999999,1.28426239690719,Up,0.107750997681625,0.423142359243616
Q9BUL5,PHF23,PHD finger protein 23,9,14.10875,13.92916,0.179590000000001,1.13256197637856,Up,0.107751404503915,0.423142359243616
Q9H6R4,NOL6,Nucleolar protein 6,29,14.62022,14.79547,-0.17525,0.88561404058602,Down,0.107839740449234,0.423142359243616
P36955,SERPINF1,Pigment epithelium-derived factor,2,10.730125,11.122985,-0.39286,0.76161827416403,Down,0.10795413341895,0.423142359243616
Q9Y450,HBS1L,HBS1-like protein,12,12.33128,12.56917,-0.23789,0.847984617764505,Down,0.107994778788355,0.423142359243616
P19419,ELK1,ETS domain-containing protein Elk-1,3,16.13445,16.287755,-0.153305,0.899188194774706,Down,0.108065223734545,0.423142359243616
Q8WU79,SMAP2,Stromal membrane-associated protein 2,1,8.128876,10.0591645,-1.9302885,0.262376697414067,Down,0.108126015758176,0.423142359243616
Q9UGY1,NOL12,Nucleolar protein 12,4,15.5318,15.012405,0.519394999999999,1.43335403915181,Up,0.108317745249193,0.423142359243616
O95834,EML2,Echinoderm microtubule-associated protein-like 2,8,12.50852,12.95242,-0.4439,0.735144622770807,Down,0.108424783268316,0.423142359243616
Q15785,TOMM34,Mitochondrial import receptor subunit TOM34,15,15.00912,14.809065,0.200054999999999,1.14874214776822,Up,0.108459037792497,0.423142359243616
O60479,DLX3,Homeobox protein DLX-3,2,9.806008,10.1971405,-0.3911325,0.76253079105809,Down,0.108526443610573,0.423142359243616
Q11206,ST3GAL4,"CMP-N-acetylneuraminate-beta-galactosamide-alpha-2,3-sialyltransferase 4",6,12.471825,11.995665,0.476159999999998,1.3910362340107,Up,0.108605240583938,0.423142359243616
P17010,ZFX,Zinc finger X-chromosomal protein,8,15.042445,14.7163,0.326145,1.25365901478963,Up,0.108673246081484,0.423142359243616
Q9Y6J9,TAF6L,TAF6-like RNA polymerase II p300/CBP-associated factor-associated factor 65 kDa subunit 6L,18,14.479495,14.3368,0.142695,1.10396543328007,Up,0.10871527810251,0.423142359243616
Q9NRR3,CDC42SE2,CDC42 small effector protein 2,1,11.182335,10.602765,0.57957,1.4944037702933,Up,0.108836511145897,0.423142359243616
O15514,POLR2D,DNA-directed RNA polymerase II subunit RPB4,2,13.708085,13.398065,0.310020000000002,1.23972488605605,Up,0.108938802451322,0.423142359243616
Q06520,SULT2A1,Sulfotransferase 2A1,2,8.587937,10.562498,-1.974561,0.254447337437342,Down,0.108956606611269,0.423142359243616
Q96T58,SPEN,Msx2-interacting protein,74,15.5524,15.27303,0.279370000000002,1.21366478221742,Up,0.108996755237435,0.423142359243616
Q8IYW5,RNF168,E3 ubiquitin-protein ligase RNF168,13,15.78888,15.46555,0.323329999999999,1.25121524856934,Up,0.109005538738372,0.423142359243616
Q8NE01,CNNM3,Metal transporter CNNM3,11,12.31582,12.052915,0.262905000000002,1.19989236808061,Up,0.109069740807565,0.423142359243616
Q9Y287,ITM2B,Integral membrane protein 2B,2,9.957258,9.6286165,0.3286415,1.25583027700239,Up,0.109079547540054,0.423142359243616
Q92530,PSMF1,Proteasome inhibitor PI31 subunit,1,11.774005,12.34987,-0.575865,0.670883887376134,Down,0.109252039805418,0.423142359243616
O43251,RBFOX2,RNA binding protein fox-1 homolog 2,7,17.93844,18.056705,-0.118265,0.921294943512564,Down,0.109297911890819,0.423142359243616
Q86VI3,IQGAP3,Ras GTPase-activating-like protein IQGAP3,16,12.181935,11.86664,0.315294999999999,1.24426605284236,Up,0.109301845174139,0.423142359243616
Q9Y3E1,HDGFL3,Hepatoma-derived growth factor-related protein 3,3,13.12172,12.85666,0.26506,1.20168602520445,Up,0.10931092650947,0.423142359243616
P38571,LIPA,Lysosomal acid lipase/cholesteryl ester hydrolase,2,10.0676595,10.868419,-0.8007595,0.574046893657796,Down,0.109341183372648,0.423142359243616
Q96GM8,TOE1,Target of EGR1 protein 1,9,14.669145,14.313325,0.355820000000001,1.27971273861365,Up,0.109357817803598,0.423142359243616
O43237,DYNC1LI2,Cytoplasmic dynein 1 light intermediate chain 2,9,13.875535,14.0848,-0.209265,0.864977793408531,Down,0.109372614887717,0.423142359243616
P83876,TXNL4A,Thioredoxin-like protein 4A,6,15.58943,15.19791,0.39152,1.31177474055734,Up,0.109401083834988,0.423142359243616
P02545,LMNA,Prelamin-A/C,55,19.411245,19.25024,0.161005000000003,1.11806572587968,Up,0.109476366438268,0.423142359243616
Q9Y4B6,DCAF1,DDB1- and CUL4-associated factor 1,30,16.41255,16.215615,0.196935,1.14626054029295,Up,0.109597623943439,0.423142359243616
O77932,DXO,Decapping and exoribonuclease protein,4,12.165095,12.46487,-0.299775,0.812379083588079,Down,0.109622650022055,0.423142359243616
P48163,ME1,NADP-dependent malic enzyme,5,14.248465,14.50955,-0.261085,0.834460115394577,Down,0.109640319279173,0.423142359243616
P32519,ELF1,ETS-related transcription factor Elf-1,12,14.170405,13.803005,0.3674,1.29002587219519,Up,0.109661793821417,0.423142359243616
O60888,CUTA,Protein CutA,1,11.14709,11.57886,-0.43177,0.741351684621734,Down,0.109672360059358,0.423142359243616
O95071,UBR5,E3 ubiquitin-protein ligase UBR5,36,16.597555,16.45563,0.141925000000001,1.10337637838404,Up,0.109686495464643,0.423142359243616
O14734,ACOT8,Acyl-coenzyme A thioesterase 8,8,12.864465,13.01952,-0.155055,0.898098133950873,Down,0.10975790464639,0.423142359243616
Q9UH65,SWAP70,Switch-associated protein 70,15,14.47209,14.62528,-0.15319,0.899259873654127,Down,0.109777232583171,0.423142359243616
Q6PGP7,SKIC3,Superkiller complex protein 3,18,12.35335,12.91308,-0.55973,0.678429119676086,Down,0.109795417994376,0.423142359243616
O15033,AREL1,Apoptosis-resistant E3 ubiquitin protein ligase 1,2,9.796427,10.324917,-0.52849,0.693279977493644,Down,0.109817607056597,0.423142359243616
P38606,ATP6V1A,V-type proton ATPase catalytic subunit A,23,13.03614,13.355905,-0.319765,0.801200374159464,Down,0.109836702231737,0.423142359243616
O60287,URB1,Nucleolar pre-ribosomal-associated protein 1,65,18.01565,17.79442,0.221230000000002,1.16572702801395,Up,0.109888405604762,0.423142359243616
Q8IUD2,ERC1,ELKS/Rab6-interacting/CAST family member 1,32,15.080765,14.828715,0.252050000000001,1.19089812203354,Up,0.109931219673368,0.423142359243616
Q9P2Y4,ZNF219,Zinc finger protein 219,4,12.1282,13.005745,-0.877545,0.544292853919967,Down,0.109997697161103,0.423151793095302
O00499,BIN1,Myc box-dependent-interacting protein 1,13,16.636535,16.445485,0.191050000000004,1.1415942710837,Up,0.110091056823225,0.423196236936813
P99999,CYCS,Cytochrome c,9,18.043645,17.63654,0.407104999999998,1.3260222652892,Up,0.110137316921065,0.423196236936813
Q9H0U9,TSPYL1,Testis-specific Y-encoded-like protein 1,11,15.21916,14.8945,0.324659999999998,1.25236925792802,Up,0.110315647955785,0.423588548894707
Q9BQC6,MRPL57,Large ribosomal subunit protein mL63,3,11.12385,10.589545,0.534305,1.44824431318887,Up,0.110418246472869,0.423588548894707
Q71RC2,LARP4,La-related protein 4,15,14.33029,14.1348,0.195490000000001,1.14511302317098,Up,0.110540417361688,0.423588548894707
P62263,RPS14,Small ribosomal subunit protein uS11,6,16.82719,16.722055,0.105135000000004,1.07559503441328,Up,0.110628132649427,0.423588548894707
P10696,ALPG,"Alkaline phosphatase, germ cell type",1,9.591058,11.6216205,-2.0305625,0.244759625165533,Down,0.110642671369936,0.423588548894707
Q9NXG2,THUMPD1,THUMP domain-containing protein 1,8,12.700895,12.909125,-0.20823,0.865598557463154,Down,0.110674528813263,0.423588548894707
Q13416,ORC2,Origin recognition complex subunit 2,12,15.251495,15.143435,0.10806,1.07777796763718,Up,0.110688065356508,0.423588548894707
Q9NRL2,BAZ1A,Bromodomain adjacent to zinc finger domain protein 1A,45,15.58491,15.277555,0.307355000000001,1.23743693392967,Up,0.110767050603167,0.423645507775654
Q9ULH0,KIDINS220,Kinase D-interacting substrate of 220 kDa,21,15.581755,15.204935,0.37682,1.29847658625372,Up,0.110911737083717,0.423722159547947
Q96Q89,KIF20B,Kinesin-like protein KIF20B,12,14.127215,14.016985,0.11023,1.07940030494211,Up,0.110977189540392,0.423722159547947
Q14980,NUMA1,Nuclear mitotic apparatus protein 1,97,16.608005,16.665385,-0.05738,0.96100776951586,Down,0.111032478088078,0.423722159547947
Q5T280,SPOUT1,Putative methyltransferase C9orf114,10,15.04286,14.57646,0.4664,1.38165747183549,Up,0.111101651097843,0.423722159547947
P50548,ERF,ETS domain-containing transcription factor ERF,7,11.407645,11.906305,-0.49866,0.707763859248143,Down,0.111134613962236,0.423722159547947
P08559,PDHA1,"Pyruvate dehydrogenase E1 component subunit alpha, somatic form, mitochondrial",13,15.001325,15.16358,-0.162255,0.893627197527885,Down,0.111171769504636,0.423722159547947
Q5MIZ7,PPP4R3B,Serine/threonine-protein phosphatase 4 regulatory subunit 3B,14,15.0258,14.782865,0.242934999999999,1.18339770308067,Up,0.111446092720396,0.424174113913364
Q9Y4A5,TRRAP,Transformation/transcription domain-associated protein,155,16.00717,15.882245,0.124925000000001,1.09045104296179,Up,0.111548514804503,0.424174113913364
Q9BVI4,NOC4L,Nucleolar complex protein 4 homolog,19,14.186095,13.809765,0.376330000000001,1.29803564380073,Up,0.111572845837052,0.424174113913364
Q15287,RNPS1,RNA-binding protein with serine-rich domain 1,6,17.286875,17.0627,0.224175000000002,1.16810907853478,Up,0.111601266993602,0.424174113913364
Q7Z7C8,TAF8,Transcription initiation factor TFIID subunit 8,6,15.47831,15.22423,0.25408,1.1925750008971,Up,0.11161125496979,0.424174113913364
Q9BW60,ELOVL1,Very long chain fatty acid elongase 1,3,12.562385,11.71545,0.846934999999998,1.79867558392076,Up,0.111717907696524,0.424180804952826
O75934,BCAS2,Pre-mRNA-splicing factor SPF27,12,16.32412,15.99916,0.324960000000001,1.25262970787265,Up,0.111794189365198,0.424180804952826
P49458,SRP9,Signal recognition particle 9 kDa protein,4,16.504745,16.10615,0.398595,1.31822350476854,Up,0.11180556244936,0.424180804952826
O75817,POP7,Ribonuclease P protein subunit p20,4,13.677725,13.244255,0.433470000000002,1.35047787103252,Up,0.11198565250887,0.424199377583917
Q9H832,UBE2Z,Ubiquitin-conjugating enzyme E2 Z,7,13.56858,14.124005,-0.555425,0.680456574684805,Down,0.11215987624898,0.424199377583917
Q14203,DCTN1,Dynactin subunit 1,35,15.013745,15.25529,-0.241545,0.845839007686058,Down,0.112259501696897,0.424199377583917
Q9NY61,AATF,Protein AATF,11,13.981735,13.633045,0.348690000000001,1.27340382248342,Up,0.112313938449166,0.424199377583917
Q9NPE2,NGRN,Neugrin,6,11.905985,11.194245,0.711740000000001,1.63777821157074,Up,0.112355441808883,0.424199377583917
Q9BYE7,PCGF6,Polycomb group RING finger protein 6,8,12.4827,12.255295,0.227405000000001,1.17072724729628,Up,0.11236123592002,0.424199377583917
P50990,CCT8,T-complex protein 1 subunit theta,32,17.267625,17.053975,0.213650000000001,1.15961829522457,Up,0.112364127211288,0.424199377583917
Q15723,ELF2,ETS-related transcription factor Elf-2,12,14.798825,14.492865,0.305960000000002,1.23624098456767,Up,0.112489683443686,0.424199377583917
O60828,PQBP1,Polyglutamine-binding protein 1,6,15.91578,15.420175,0.495604999999999,1.40991188343768,Up,0.112497284833667,0.424199377583917
Q03164,KMT2A,Histone-lysine N-methyltransferase 2A,64,15.40735,15.31231,0.0950399999999991,1.06809502151943,Up,0.112502260484196,0.424199377583917
O75554,WBP4,WW domain-binding protein 4,5,14.26106,14.65452,-0.39346,0.761301591885183,Down,0.112527701289638,0.424199377583917
Q15004,PCLAF,PCNA-associated factor,4,13.845725,13.502385,0.34334,1.26869035640568,Up,0.112580679116688,0.424199377583917
Q66PJ3,ARL6IP4,ADP-ribosylation factor-like protein 6-interacting protein 4,3,12.42395,13.16497,-0.74102,0.5983161871343,Down,0.112876419434117,0.424566030914489
O95352,ATG7,Ubiquitin-like modifier-activating enzyme ATG7,6,10.80483,11.11313,-0.3083,0.807592825940827,Down,0.112889377411135,0.424566030914489
Q9BV40,VAMP8,Vesicle-associated membrane protein 8,4,13.99,14.102215,-0.112215,0.925166543298935,Down,0.112913710275874,0.424566030914489
P58557,YBEY,Endoribonuclease YbeY,2,11.59826,11.791825,-0.193565,0.874442241635812,Down,0.112934949666768,0.424566030914489
Q14247,CTTN,Src substrate cortactin,22,15.46496,15.26921,0.19575,1.14531941205243,Up,0.113065966266055,0.424799866083107
Q9Y4C1,KDM3A,Lysine-specific demethylase 3A,26,17.56734,17.363195,0.204145,1.15200342017985,Up,0.113129955084475,0.424799866083107
P25205,MCM3,DNA replication licensing factor MCM3,36,17.01832,17.14637,-0.12805,0.915067453757085,Down,0.11320812429566,0.424799866083107
P13667,PDIA4,Protein disulfide-isomerase A4,22,13.912935,14.08089,-0.167955,0.890103496592311,Down,0.11326150823397,0.424799866083107
P28331,NDUFS1,"NADH-ubiquinone oxidoreductase 75 kDa subunit, mitochondrial",27,13.5085,13.8556,-0.3471,0.786162797599056,Down,0.113329260236363,0.424799866083107
P30085,CMPK1,UMP-CMP kinase,8,13.26423,13.7482,-0.48397,0.715007361186353,Down,0.113389472962508,0.424799866083107
Q9Y6X8,ZHX2,Zinc fingers and homeoboxes protein 2,23,13.98684,13.76349,0.22335,1.16744129048972,Up,0.113609729077792,0.424799866083107
Q86VU5,COMTD1,Catechol O-methyltransferase domain-containing protein 1,5,12.531835,13.08155,-0.549715,0.683155070246168,Down,0.11366467959348,0.424799866083107
P32780,GTF2H1,General transcription factor IIH subunit 1,18,14.638175,14.45986,0.178315000000001,1.13156150255494,Up,0.113712217381294,0.424799866083107
Q9UN37,VPS4A,Vacuolar protein sorting-associated protein 4A,14,13.363515,13.844125,-0.48061,0.716674535766931,Down,0.113804846597536,0.424799866083107
P61586,RHOA,Transforming protein RhoA,6,15.460135,15.6451,-0.184965,0.87967041660099,Down,0.113876079543891,0.424799866083107
O43172,PRPF4,U4/U6 small nuclear ribonucleoprotein Prp4,23,16.75265,16.565905,0.186744999999998,1.13819283283041,Up,0.113878067504305,0.424799866083107
P15924,DSP,Desmoplakin,127,15.269865,15.82315,-0.553285,0.681466668683816,Down,0.113881075830231,0.424799866083107
P32121,ARRB2,Beta-arrestin-2,13,12.939615,12.684175,0.25544,1.19369974775137,Up,0.113898353971761,0.424799866083107
O15027,SEC16A,Protein transport protein Sec16A,40,13.204155,14.19321,-0.989055,0.503807673131388,Down,0.113986772894237,0.424799866083107
Q8N8R7,ARL14EP,ARL14 effector protein,6,12.34263,11.996655,0.345974999999999,1.2710096641957,Up,0.114025565506345,0.424799866083107
P62873,GNB1,Guanine nucleotide-binding protein G(I)/G(S)/G(T) subunit beta-1,2,14.41893,14.881995,-0.463065,0.725443418641865,Down,0.11418209113961,0.424922491413333
P03923,MT-ND6,NADH-ubiquinone oxidoreductase chain 6,1,11.23172,11.96939,-0.73767,0.599707117356208,Down,0.114194833895515,0.424922491413333
O00471,EXOC5,Exocyst complex component 5,16,14.180535,14.375915,-0.19538,0.873342830673018,Down,0.114251364388182,0.424922491413333
O95382,MAP3K6,Mitogen-activated protein kinase kinase kinase 6,3,12.438985,12.089725,0.349259999999999,1.27390703595864,Up,0.114528780885906,0.425574146183436
O15120,AGPAT2,1-acyl-sn-glycerol-3-phosphate acyltransferase beta,4,11.96356,11.49636,0.467200000000002,1.38242383788252,Up,0.114557406019582,0.425574146183436
P15509,CSF2RA,Granulocyte-macrophage colony-stimulating factor receptor subunit alpha,2,9.6388185,12.406548,-2.7677295,0.146835274893445,Down,0.114619757937134,0.425574146183436
P0DPB5,POLR1D,"Protein POLR1D, isoform 2",2,12.452655,11.895015,0.557639999999999,1.47185953883621,Up,0.114690912435943,0.425599236546406
P12277,CKB,Creatine kinase B-type,7,12.749865,13.369765,-0.6199,0.650716030355989,Down,0.114888372704404,0.425736079943439
O14562,UBFD1,Ubiquitin domain-containing protein UBFD1,6,13.04,13.331645,-0.291645,0.816969995938152,Down,0.114902141909259,0.425736079943439
O60524,NEMF,Ribosome quality control complex subunit NEMF,8,12.466725,12.222245,0.244479999999999,1.184665697,Up,0.11496039184189,0.425736079943439
Q99996,AKAP9,A-kinase anchor protein 9,30,12.630325,12.94724,-0.316915,0.802784685397646,Down,0.115204855458858,0.425736079943439
Q14166,TTLL12,Tubulin--tyrosine ligase-like protein 12,14,12.02681,12.478615,-0.451805,0.731127539425304,Down,0.115268920888161,0.425736079943439
Q9NZL3,ZNF224,Zinc finger protein 224,4,11.60098,11.80757,-0.20659,0.866583095957149,Down,0.11527194639265,0.425736079943439
O14744,PRMT5,Protein arginine N-methyltransferase 5,13,16.14916,16.291075,-0.141915,0.906315334537434,Down,0.115283107437858,0.425736079943439
O75152,ZC3H11A,Zinc finger CCCH domain-containing protein 11A,32,18.210635,18.057485,0.15315,1.1119947679126,Up,0.115299974860108,0.425736079943439
Q7L0Y3,TRMT10C,tRNA methyltransferase 10 homolog C,19,15.28161,15.163485,0.118124999999999,1.0853234039153,Up,0.115321461197378,0.425736079943439
Q8TEX9,IPO4,Importin-4,20,13.4319,13.52708,-0.09518,0.936155439317174,Down,0.115429999515801,0.425736079943439
Q96DP5,MTFMT,"Methionyl-tRNA formyltransferase, mitochondrial",2,9.9376525,9.298249,0.6394035,1.55768498215388,Up,0.115568554898116,0.425736079943439
P61081,UBE2M,NEDD8-conjugating enzyme Ubc12,8,15.557695,15.98501,-0.427315,0.743644495138279,Down,0.11568530002366,0.425736079943439
Q14C86,GAPVD1,GTPase-activating protein and VPS9 domain-containing protein 1,18,15.26811,15.810845,-0.542735,0.686468297292183,Down,0.115720757223621,0.425736079943439
O95785,WIZ,Protein Wiz,25,15.22061,15.033555,0.187055000000001,1.13843742900578,Up,0.115737081054646,0.425736079943439
Q96CW1,AP2M1,AP-2 complex subunit mu,21,15.94563,16.27036,-0.32473,0.798447801672187,Down,0.11575391354636,0.425736079943439
Q08379,GOLGA2,Golgin subfamily A member 2,22,13.651915,13.595445,0.0564699999999991,1.03991816367822,Up,0.115758471123976,0.425736079943439
Q96BD5,PHF21A,PHD finger protein 21A,14,13.302045,13.6101,-0.308055,0.807729983855783,Down,0.115878114071727,0.425939074471658
P61457,PCBD1,Pterin-4-alpha-carbinolamine dehydratase,3,11.929025,12.524175,-0.59515,0.66197562463886,Down,0.116056874738623,0.426198763543872
A8MTY0,ZNF724,Zinc finger protein 724,8,12.87338,12.55324,0.320140000000002,1.24845169353155,Up,0.116184499380888,0.426198763543872
Q9UGR2,ZC3H7B,Zinc finger CCCH domain-containing protein 7B,7,12.74975,12.571485,0.178265000000001,1.13152228630126,Up,0.11621474060229,0.426198763543872
O95602,POLR1A,DNA-directed RNA polymerase I subunit RPA1,66,14.86275,14.784055,0.0786949999999997,1.05606233972714,Up,0.11625274104347,0.426198763543872
Q9H2F5,EPC1,Enhancer of polycomb homolog 1,11,13.891865,13.390675,0.501189999999998,1.41538055079002,Up,0.116271201493358,0.426198763543872
O96028,NSD2,Histone-lysine N-methyltransferase NSD2,33,16.912515,16.633595,0.278919999999999,1.21328627950618,Up,0.116425185341275,0.426526635210914
P49368,CCT3,T-complex protein 1 subunit gamma,28,17.0965,17.06259,0.0339099999999988,1.02378303152732,Up,0.116600472730405,0.426765308949572
Q9UJA3,MCM8,DNA helicase MCM8,8,14.958645,14.62811,0.330535000000001,1.2574796039362,Up,0.116619480702516,0.426765308949572
P22061,PCMT1,Protein-L-isoaspartate(D-aspartate) O-methyltransferase,6,12.871065,13.205975,-0.33491,0.792833594600962,Down,0.116715181941801,0.426879157417468
P09012,SNRPA,U1 small nuclear ribonucleoprotein A,6,17.529,16.994815,0.534185000000001,1.44812385662309,Up,0.117011487030849,0.427726171342302
Q9UIF9,BAZ2A,Bromodomain adjacent to zinc finger domain protein 2A,33,13.67223,13.433455,0.238775,1.17999029992141,Up,0.11733699200082,0.428678927658055
Q96HR8,NAF1,H/ACA ribonucleoprotein complex non-core subunit NAF1,3,12.36804,12.050195,0.317845,1.24646726936355,Up,0.117587946257721,0.429196722788031
P51149,RAB7A,Ras-related protein Rab-7a,12,15.324065,15.491955,-0.16789,0.89014360072313,Down,0.117696658467608,0.429196722788031
O00232,PSMD12,26S proteasome non-ATPase regulatory subunit 12,16,13.68355,13.49211,0.19144,1.14190291701118,Up,0.117737121893048,0.429196722788031
O14908,GIPC1,PDZ domain-containing protein GIPC1,13,13.450995,13.560455,-0.10946,0.926934948233434,Down,0.117765901351491,0.429196722788031
Q8IWC1,MAP7D3,MAP7 domain-containing protein 3,23,15.93339,15.785595,0.147794999999999,1.10787491300349,Up,0.117831390040703,0.429196722788031
P62070,RRAS2,Ras-related protein R-Ras2,8,12.7151,13.231295,-0.516195,0.699213526694394,Down,0.117868369172383,0.429196722788031
P11387,TOP1,DNA topoisomerase 1,35,19.02918,18.739595,0.289584999999995,1.22228862836207,Up,0.117952895404911,0.429267998750581
O00255,MEN1,Menin,14,14.71984,14.49353,0.226310000000002,1.16983900693616,Up,0.118124749052897,0.429498279460624
Q96IX5,ATP5MK,"ATP synthase membrane subunit K, mitochondrial",3,14.51383,14.340175,0.173655000000002,1.12791238099964,Up,0.118146144962841,0.429498279460624
Q9GZZ9,UBA5,Ubiquitin-like modifier-activating enzyme 5,2,12.48198,12.941805,-0.459825,0.727074447991976,Down,0.118275566844162,0.429732392123729
Q9Y3B8,REXO2,"Oligoribonuclease, mitochondrial",4,10.96319,11.477315,-0.514125,0.700217488592983,Down,0.118375840441743,0.429860400812902
Q9UNP9,PPIE,Peptidyl-prolyl cis-trans isomerase E,9,15.59554,15.32767,0.26787,1.20402888234385,Up,0.118449315375019,0.429891007860242
Q9NYY8,FASTKD2,"FAST kinase domain-containing protein 2, mitochondrial",25,16.077975,15.819265,0.258710000000001,1.19640844578711,Up,0.118662422205294,0.430217686284011
P30048,PRDX3,"Thioredoxin-dependent peroxide reductase, mitochondrial",7,14.58206,14.723245,-0.141185,0.906774043821256,Down,0.118669517641966,0.430217686284011
P55327,TPD52,Tumor protein D52,3,11.373905,11.554135,-0.18023,0.882562283596009,Down,0.118842071319405,0.430454482742074
P20339,RAB5A,Ras-related protein Rab-5A,2,12.57328,12.801715,-0.228435,0.85356031091569,Down,0.118931445481218,0.430454482742074
Q13217,DNAJC3,DnaJ homolog subfamily C member 3,10,14.96126,14.64629,0.314969999999999,1.24398578507232,Up,0.119013551058923,0.430454482742074
Q9H0C8,ILKAP,Integrin-linked kinase-associated serine/threonine phosphatase 2C,13,14.79976,15.1173,-0.31754,0.802436980755563,Down,0.119072506037073,0.430454482742074
Q9UNF1,MAGED2,Melanoma-associated antigen D2,12,13.453825,13.64285,-0.189025,0.877198347912077,Down,0.119117171578097,0.430454482742074
P13804,ETFA,"Electron transfer flavoprotein subunit alpha, mitochondrial",12,15.741525,15.97565,-0.234125,0.850200492613547,Down,0.119165075764888,0.430454482742074
Q15459,SF3A1,Splicing factor 3A subunit 1,29,16.851405,16.637545,0.213859999999997,1.15978710260204,Up,0.119190755548191,0.430454482742074
O15144,ARPC2,Actin-related protein 2/3 complex subunit 2,19,15.993335,15.77714,0.216195000000001,1.16166573635417,Up,0.119365181390399,0.43054089808921
Q96A65,EXOC4,Exocyst complex component 4,22,13.636785,13.880315,-0.24353,0.844676020462014,Down,0.119377794066245,0.43054089808921
O00461,GOLIM4,Golgi integral membrane protein 4,6,13.799285,13.19586,0.603425000000001,1.51931919641874,Up,0.119410117445532,0.43054089808921
Q92610,ZNF592,Zinc finger protein 592,10,12.957945,12.828405,0.12954,1.09394484384677,Up,0.119797105678568,0.43138593186687
Q86WC4,OSTM1,Osteopetrosis-associated transmembrane protein 1,2,11.312435,10.976995,0.335440000000002,1.26176216838677,Up,0.119830809596887,0.43138593186687
Q92665,MRPS31,Small ribosomal subunit protein mS31,7,13.65259,13.482565,0.170024999999999,1.12507798063564,Up,0.120170537646752,0.43138593186687
Q9Y262,EIF3L,Eukaryotic translation initiation factor 3 subunit L,24,14.20968,14.120335,0.0893449999999998,1.063887056,Up,0.120178279041077,0.43138593186687
P62316,SNRPD2,Small nuclear ribonucleoprotein Sm D2,10,18.678345,18.5268,0.151544999999999,1.11075836025137,Up,0.120197520921305,0.43138593186687
Q9NRX4,PHPT1,14 kDa phosphohistidine phosphatase,1,10.62312,11.24871,-0.62559,0.648154655839944,Down,0.120299464655834,0.43138593186687
Q8NC26,ZNF114,Zinc finger protein 114,8,16.09089,15.7686,0.322290000000002,1.25031360621854,Up,0.120314435480546,0.43138593186687
P39019,RPS19,Small ribosomal subunit protein eS19,7,16.43877,16.20528,0.233489999999996,1.17567556955746,Up,0.12031908343668,0.43138593186687
Q7RTP6,MICAL3,[F-actin]-monooxygenase MICAL3,22,14.93278,14.402395,0.530385000000001,1.44431457629045,Up,0.12038424399434,0.43138593186687
P40227,CCT6A,T-complex protein 1 subunit zeta,18,16.76232,16.657975,0.104345000000002,1.07500621456706,Up,0.120477418267269,0.43138593186687
Q07065,CKAP4,Cytoskeleton-associated protein 4,23,15.618275,15.383185,0.235090000000001,1.17698015877168,Up,0.120551465866172,0.43138593186687
O75369,FLNB,Filamin-B,114,17.06534,16.942145,0.123194999999999,1.08914421815023,Up,0.120594067350905,0.43138593186687
Q86XZ4,SPATS2,Spermatogenesis-associated serine-rich protein 2,10,13.3173,13.055765,0.261534999999999,1.19875347716191,Up,0.120674554919082,0.43138593186687
Q12965,MYO1E,Unconventional myosin-Ie,33,14.635575,14.212375,0.4232,1.34089846669448,Up,0.120738193304588,0.43138593186687
O95433,AHSA1,Activator of 90 kDa heat shock protein ATPase homolog 1,10,15.21878,15.701985,-0.483205,0.715386599806958,Down,0.120738531669162,0.43138593186687
Q8N8A6,DDX51,ATP-dependent RNA helicase DDX51,25,14.947095,14.79168,0.155415000000001,1.11374194679672,Up,0.12074204971252,0.43138593186687
Q15583,TGIF1,Homeobox protein TGIF1,9,13.40403,13.177075,0.226955,1.1703621354106,Up,0.120937900285484,0.43138593186687
P17029,ZKSCAN1,Zinc finger protein with KRAB and SCAN domains 1,10,13.327215,13.563555,-0.23634,0.848896163477001,Down,0.120996056130098,0.43138593186687
Q9UBS4,DNAJB11,DnaJ homolog subfamily B member 11,10,14.801155,14.998415,-0.19726,0.872205504241496,Down,0.121048168894603,0.43138593186687
O15355,PPM1G,Protein phosphatase 1G,10,14.021005,14.38085,-0.359845,0.77924829589596,Down,0.121183538654087,0.43138593186687
O75489,NDUFS3,"NADH dehydrogenase [ubiquinone] iron-sulfur protein 3, mitochondrial",12,14.512715,14.758275,-0.24556,0.843488322108284,Down,0.121189591884745,0.43138593186687
O75030,MITF,Microphthalmia-associated transcription factor,3,12.42584,11.971955,0.453885,1.36972379229259,Up,0.121210275725887,0.43138593186687
Q9UJ41,RABGEF1,Rab5 GDP/GTP exchange factor,1,8.660047,8.4789105,0.181136500000001,1.13377667951969,Up,0.121295242641856,0.43138593186687
Q9UKD1,GMEB2,Glucocorticoid modulatory element-binding protein 2,6,12.971115,12.73152,0.239595000000001,1.18066117425793,Up,0.121390743696063,0.43138593186687
Q9Y2Z4,YARS2,"Tyrosine--tRNA ligase, mitochondrial",13,14.893615,14.680495,0.21312,1.15919236680511,Up,0.12141499384803,0.43138593186687
Q7L014,DDX46,Probable ATP-dependent RNA helicase DDX46,47,16.840155,16.910895,-0.07074,0.952149487766766,Down,0.121520671492103,0.43138593186687
P62851,RPS25,Small ribosomal subunit protein eS25,4,17.302385,17.040875,0.261510000000001,1.19873270452707,Up,0.121592040318251,0.43138593186687
Q8IXM2,BACC1,BPTF-associated chromatin complex component 1,4,14.58213,14.355795,0.226334999999999,1.16985927887703,Up,0.121774861969324,0.43138593186687
Q9Y2A7,NCKAP1,Nck-associated protein 1,36,15.455435,15.6546,-0.199165,0.871054564557634,Down,0.121855906952656,0.43138593186687
P07737,PFN1,Profilin-1,9,15.76919,16.221405,-0.452215,0.730919789559996,Down,0.121864013495552,0.43138593186687
O60610,DIAPH1,Protein diaphanous homolog 1,33,13.546345,13.72401,-0.177665,0.884132806674142,Down,0.121984710052215,0.43138593186687
P43686,PSMC4,26S proteasome regulatory subunit 6B,14,13.06431,12.691955,0.372354999999999,1.29446414052687,Up,0.122008018661524,0.43138593186687
P61313,RPL15,Large ribosomal subunit protein eL15,8,16.634385,16.868995,-0.23461,0.849914723324616,Down,0.122057908121587,0.43138593186687
Q9Y6M7,SLC4A7,Sodium bicarbonate cotransporter 3,9,12.947595,12.295505,0.652090000000001,1.57144306199696,Up,0.122113845309815,0.43138593186687
O14929,HAT1,Histone acetyltransferase type B catalytic subunit,5,12.676015,13.35762,-0.681605,0.623471275927184,Down,0.12216559961659,0.43138593186687
Q86YV9,HPS6,BLOC-2 complex member HPS6,10,14.99282,15.43008,-0.43726,0.738535922133281,Down,0.122179745949854,0.43138593186687
Q14331,FRG1,Protein FRG1,12,13.888775,13.67826,0.210514999999999,1.15710116151541,Up,0.122193242335417,0.43138593186687
Q6ZRQ5,MMS22L,Protein MMS22-like,17,12.87018,13.191845,-0.321665,0.8001459040869,Down,0.122207398742582,0.43138593186687
Q969Z3,MTARC2,Mitochondrial amidoxime reducing component 2,7,11.91923,12.251765,-0.332535,0.794139851632693,Down,0.122247842686098,0.43138593186687
P29144,TPP2,Tripeptidyl-peptidase 2,30,13.170355,12.83521,0.335145000000001,1.26150419163059,Up,0.122255386652542,0.43138593186687
P36969,GPX4,Phospholipid hydroperoxide glutathione peroxidase GPX4,5,12.767125,13.11908,-0.351955,0.783521625879459,Down,0.122488650326182,0.431978383140735
Q8IX15,HOMEZ,Homeobox and leucine zipper protein Homez,8,14.35786,14.137335,0.220524999999999,1.16515751279347,Up,0.122579677667955,0.431997007847266
Q7Z3B4,NUP54,Nucleoporin p54,26,16.744505,16.619615,0.124889999999997,1.09042458877537,Up,0.122701674765489,0.431997007847266
Q9UPN4,CEP131,Centrosomal protein of 131 kDa,15,12.90084,13.289425,-0.388585,0.763878451660378,Down,0.12290128779492,0.431997007847266
Q75N03,CBLL1,E3 ubiquitin-protein ligase Hakai,9,14.844505,14.71037,0.134134999999999,1.09743462507637,Up,0.122950046850396,0.431997007847266
Q7KZF4,SND1,Staphylococcal nuclease domain-containing protein 1,39,16.60249,16.477255,0.125235000000004,1.09068537948794,Up,0.12301794323578,0.431997007847266
Q7L592,NDUFAF7,"Protein arginine methyltransferase NDUFAF7, mitochondrial",11,16.334765,16.46649,-0.131725,0.912739454226953,Down,0.123083028387372,0.431997007847266
Q6NVY1,HIBCH,"3-hydroxyisobutyryl-CoA hydrolase, mitochondrial",8,16.751555,17.01054,-0.258985,0.83567564756997,Down,0.123117614493029,0.431997007847266
Q86W56,PARG,Poly(ADP-ribose) glycohydrolase,12,11.678785,12.018935,-0.34015,0.789959173897303,Down,0.123163181334879,0.431997007847266
Q86VN1,VPS36,Vacuolar protein-sorting-associated protein 36,12,14.39701,14.56893,-0.17192,0.88766055825785,Down,0.123215940976033,0.431997007847266
O75398,DEAF1,Deformed epidermal autoregulatory factor 1 homolog,5,12.81523,12.1583,0.656929999999999,1.5767238431385,Up,0.123265875177906,0.431997007847266
Q9BYE0,HES7,Transcription factor HES-7,3,11.1952,10.58982,0.60538,1.52137942561754,Up,0.123417036257233,0.431997007847266
Q96ES7,SGF29,SAGA-associated factor 29,10,14.68581,14.30738,0.37843,1.29992645207393,Up,0.12344944123235,0.431997007847266
Q99549,MPHOSPH8,M-phase phosphoprotein 8,13,14.986915,14.840545,0.146370000000001,1.10678116672739,Up,0.123450940865299,0.431997007847266
P21926,CD9,CD9 antigen,3,11.658825,11.88769,-0.228865,0.853305942368396,Down,0.123653899406512,0.431997007847266
Q9NV56,MRGBP,MRG/MORF4L-binding protein,7,14.58735,14.263535,0.323815,1.25163594829611,Up,0.123700079482931,0.431997007847266
P46199,MTIF2,"Translation initiation factor IF-2, mitochondrial",10,14.3439,14.005685,0.338215000000002,1.26419148262913,Up,0.123721278900375,0.431997007847266
A9YTQ3,AHRR,Aryl hydrocarbon receptor repressor,10,12.20713,12.088375,0.118755,1.08579744939167,Up,0.123735457674428,0.431997007847266
Q13573,SNW1,SNW domain-containing protein 1,19,15.70728,15.475715,0.231565,1.17410790196889,Up,0.123737214364366,0.431997007847266
Q9NR31,SAR1A,Small COPII coat GTPase SAR1A,5,13.30245,13.841095,-0.538645,0.688417176876488,Down,0.123814371992358,0.431997007847266
Q9H981,ACTR8,Actin-related protein 8,17,14.484905,14.176275,0.308629999999999,1.23853101786411,Up,0.123913324015708,0.431997007847266
Q29RF7,PDS5A,Sister chromatid cohesion protein PDS5 homolog A,58,16.55039,16.510675,0.0397150000000011,1.02791074596864,Up,0.123917419580156,0.431997007847266
P19784,CSNK2A2,Casein kinase II subunit alpha',15,15.106645,14.86274,0.243905,1.1841936313409,Up,0.12398472888467,0.431997007847266
Q9Y6X9,MORC2,ATPase MORC2,31,17.857415,17.60504,0.252374999999997,1.19116642924815,Up,0.124132323317395,0.431997007847266
Q09666,AHNAK,Neuroblast differentiation-associated protein AHNAK,199,18.677135,18.43171,0.245424999999997,1.18544193594686,Up,0.124172220969774,0.431997007847266
P00568,AK1,Adenylate kinase isoenzyme 1,7,12.57117,13.37038,-0.79921,0.574663769349047,Down,0.124180035399818,0.431997007847266
Q86YS7,C2CD5,C2 domain-containing protein 5,12,11.788455,11.8199,-0.031445,0.978439803605342,Down,0.124193420322258,0.431997007847266
Q9BTE3,MCMBP,Mini-chromosome maintenance complex-binding protein,13,14.100385,14.418855,-0.31847,0.801919874997972,Down,0.124332982206269,0.432044682582045
Q8NCW5,NAXE,NAD(P)H-hydrate epimerase,6,10.90579,11.684375,-0.778585,0.582938260686593,Down,0.124356249274222,0.432044682582045
Q9NQW6,ANLN,Anillin,39,15.00117,14.776385,0.224784999999999,1.16860308258853,Up,0.124443456550967,0.432044682582045
Q92614,MYO18A,Unconventional myosin-XVIIIa,63,18.145495,18.395865,-0.25037,0.840680782863549,Down,0.124481108518219,0.432044682582045
A0JNW5,BLTP3B,Bridge-like lipid transfer protein family member 3B,2,14.234075,13.27117,0.962905000000001,1.94923090268606,Up,0.124535538645377,0.432044682582045
Q9Y3B2,EXOSC1,Exosome complex component CSL4,6,16.79841,16.538715,0.259695000000001,1.19722557253588,Up,0.124665398881611,0.432044682582045
Q5BJF6,ODF2,Outer dense fiber protein 2,7,12.15556,11.38496,0.7706,1.70597913279625,Up,0.124727312459155,0.432044682582045
Q9H4M9,EHD1,EH domain-containing protein 1,18,13.795135,14.123075,-0.32794,0.796673228304738,Down,0.124773459952665,0.432044682582045
P49916,LIG3,DNA ligase 3,37,16.534265,16.390105,0.144160000000003,1.10508703607824,Up,0.124810544234466,0.432044682582045
O95573,ACSL3,Fatty acid CoA ligase Acsl3,20,14.931,14.74705,0.183950000000001,1.13598989369484,Up,0.124860847894039,0.432044682582045
Q9UBI6,GNG12,Guanine nucleotide-binding protein G(I)/G(S)/G(O) subunit gamma-12,4,14.91278,15.24963,-0.33685,0.791768183374431,Down,0.125037287783623,0.432171104666938
Q8WY22,BRI3BP,BRI3-binding protein,2,13.618775,12.66533,0.953444999999999,1.93649127336891,Up,0.125084248254708,0.432171104666938
Q10713,PMPCA,Mitochondrial-processing peptidase subunit alpha,20,16.861195,17.03484,-0.173645,0.886599835538246,Down,0.125111640508034,0.432171104666938
Q12959,DLG1,Disks large homolog 1,17,13.424305,13.170025,0.254280000000001,1.19274033835705,Up,0.12515894905924,0.432171104666938
P16455,MGMT,Methylated-DNA--protein-cysteine methyltransferase,6,12.400345,12.977775,-0.57743,0.670156523665164,Down,0.125254704144251,0.432204604592663
P18031,PTPN1,Tyrosine-protein phosphatase non-receptor type 1,19,14.758215,14.52187,0.236345,1.17800445892697,Up,0.125299443546609,0.432204604592663
P20226,TBP,TATA-box-binding protein,5,13.746345,13.573725,0.17262,1.12710349857158,Up,0.125406985748248,0.432349905482612
P0DP23,CALM1,Calmodulin-1,8,17.368495,17.537565,-0.16907,0.889415837765321,Down,0.125617389471825,0.432451065104553
Q9NY93,DDX56,Probable ATP-dependent RNA helicase DDX56,18,14.169525,13.83434,0.335184999999999,1.26153916843842,Up,0.125631407140174,0.432451065104553
Q3ZCQ8,TIMM50,Mitochondrial import inner membrane translocase subunit TIM50,4,12.953865,13.268925,-0.31506,0.803817560215456,Down,0.125650937197005,0.432451065104553
P09669,COX6C,Cytochrome c oxidase subunit 6C,3,13.804255,14.22775,-0.423495,0.745616142697719,Down,0.125759168729432,0.432451065104553
P35659,DEK,Protein DEK,15,18.529925,18.329535,0.200389999999999,1.14900892161265,Up,0.125763496312748,0.432451065104553
P61218,POLR2F,"DNA-directed RNA polymerases I, II, and III subunit RPABC2",1,13.81493,13.54865,0.26628,1.20270264823414,Up,0.125913559375845,0.432599642194124
Q9H3G5,CPVL,Probable serine carboxypeptidase CPVL,9,11.97495,12.772605,-0.797655,0.575283501094754,Down,0.125967560814206,0.432599642194124
O00458,IFRD1,Interferon-related developmental regulator 1,5,11.517185,11.075875,0.44131,1.35783671454956,Up,0.126042113405656,0.432599642194124
P62081,RPS7,Small ribosomal subunit protein eS7,7,17.701285,17.342255,0.359029999999997,1.28256327263844,Up,0.126125311417344,0.432599642194124
Q01167,FOXK2,Forkhead box protein K2,14,13.76607,13.557065,0.209004999999998,1.1558907125598,Up,0.126178172890797,0.432599642194124
O14617,AP3D1,AP-3 complex subunit delta-1,14,12.728725,12.89034,-0.161615,0.894023711181287,Down,0.126199441693187,0.432599642194124
P49750,YLPM1,YLP motif-containing protein 1,54,15.37901,15.68045,-0.30144,0.811442065771781,Down,0.126266608111149,0.432605501817823
Q99717,SMAD5,Mothers against decapentaplegic homolog 5,6,15.95915,15.6759,0.283250000000001,1.21693321882129,Up,0.126511819845243,0.432714370673711
Q9NWH9,SLTM,SAFB-like transcription modulator,22,14.61944,14.220135,0.399305000000002,1.31887240769224,Up,0.126535136753724,0.432714370673711
Q9H9F9,ACTR5,Actin-related protein 5,15,13.581885,13.408025,0.173859999999999,1.12807266329083,Up,0.126554398589443,0.432714370673711
Q12933,TRAF2,TNF receptor-associated factor 2,9,12.228295,12.7529,-0.524605,0.695149411005865,Down,0.126639456064112,0.432714370673711
O14925,TIMM23,Mitochondrial import inner membrane translocase subunit Tim23,4,12.68719,12.917445,-0.230255,0.852484199710774,Down,0.126675617927404,0.432714370673711
P18084,ITGB5,Integrin beta-5,9,15.814825,15.608705,0.206119999999999,1.15358155328574,Up,0.126691225185903,0.432714370673711
Q8N5Y2,MSL3,MSL complex subunit 3,10,12.703345,12.479245,0.224099999999998,1.1680483547496,Up,0.12675794299016,0.432718618399778
P62306,SNRPF,Small nuclear ribonucleoprotein F,2,17.197655,16.86786,0.329795000000001,1.25683477167975,Up,0.12696481229309,0.432925918349754
P48449,LSS,Lanosterol synthase,14,13.035305,13.359695,-0.32439,0.798635994073438,Down,0.126968869685091,0.432925918349754
P12270,TPR,Nucleoprotein TPR,82,16.33611,16.25953,0.0765799999999999,1.0545152799745,Up,0.127015184699678,0.432925918349754
P21333,FLNA,Filamin-A,127,19.498145,19.366695,0.131450000000001,1.09539408870861,Up,0.127117364928543,0.433050858150897
Q70IA8,MOB3C,MOB kinase activator 3C,2,10.358346,9.9724495,0.385896499999999,1.30667150895846,Up,0.127201851360197,0.433115422792138
P00374,DHFR,Dihydrofolate reductase,4,14.71158,15.252465,-0.540885,0.687349135525632,Down,0.127446664550557,0.433419149724117
Q9BZM5,ULBP2,UL16-binding protein 2,3,10.93599,11.42011,-0.48412,0.71493302425043,Down,0.127495719366764,0.433419149724117
Q9Y3Y2,CHTOP,Chromatin target of PRMT1 protein,4,17.064395,16.80386,0.260535000000001,1.19792285247486,Up,0.127583144724591,0.433419149724117
O75153,CLUH,Clustered mitochondria protein homolog,16,14.643395,14.80912,-0.165725,0.891480409663793,Down,0.127600004047971,0.433419149724117
Q96DB5,RMDN1,Regulator of microtubule dynamics protein 1,10,14.43356,14.313115,0.120445,1.08707011813494,Up,0.127618953754446,0.433419149724117
P48729,CSNK1A1,Casein kinase I isoform alpha,13,14.6776,14.405515,0.272085000000001,1.20755173533253,Up,0.127863345443335,0.433605175172325
Q96JC9,EAF1,ELL-associated factor 1,1,10.625895,9.5557865,1.0701085,2.09959126415414,Up,0.127865584521004,0.433605175172325
Q6P3W7,SCYL2,SCY1-like protein 2,24,14.61003,14.76735,-0.15732,0.896689245563382,Down,0.127870553247218,0.433605175172325
P36404,ARL2,ADP-ribosylation factor-like protein 2,4,11.271245,11.690635,-0.41939,0.747740717053217,Down,0.128147752815506,0.433945558461634
Q9NSP4,CENPM,Centromere protein M,3,13.30751,13.186325,0.121185000000001,1.08762785085605,Up,0.128150075979536,0.433945558461634
Q53S58,TMEM177,Transmembrane protein 177,3,11.373025,11.556435,-0.18341,0.880619075124465,Down,0.128167911955986,0.433945558461634
Q6PCB5,RSBN1L,Lysine-specific demethylase RSBN1L,22,15.769985,15.605715,0.16427,1.12059891436497,Up,0.128319262747112,0.433982284917564
P27448,MARK3,MAP/microtubule affinity-regulating kinase 3,12,13.071435,13.24409,-0.172655,0.887208443066911,Down,0.128394066375879,0.433982284917564
Q9H853,TUBA4B,Putative tubulin-like protein alpha-4B,1,15.174175,15.747755,-0.57358,0.67194730290797,Down,0.128485826038265,0.433982284917564
O75947,ATP5PD,"ATP synthase subunit d, mitochondrial",7,14.712985,14.89053,-0.177545,0.884206349832135,Down,0.128524831739463,0.433982284917564
Q9BRJ6,C7orf50,Protein cholesin,6,14.848485,14.610135,0.238350000000001,1.17964274066371,Up,0.12857164130892,0.433982284917564
O60293,ZFC3H1,Zinc finger C3H1 domain-containing protein,50,14.2904,14.423245,-0.132845,0.91203114688802,Down,0.128621260202007,0.433982284917564
P40818,USP8,Ubiquitin carboxyl-terminal hydrolase 8,22,12.994335,13.14339,-0.149055,0.901840996756955,Down,0.128682228504004,0.433982284917564
P25440,BRD2,Bromodomain-containing protein 2,21,14.39529,14.783135,-0.387845,0.764270367508615,Down,0.128704082075719,0.433982284917564
Q14134,TRIM29,Tripartite motif-containing protein 29,30,16.21742,16.38614,-0.16872,0.889631637569045,Down,0.129011268894224,0.434796265233007
P49773,HINT1,Adenosine 5'-monophosphoramidase HINT1,6,12.557135,13.08501,-0.527875,0.693575575706755,Down,0.1292057476949,0.435002555813147
Q9P2R7,SUCLA2,"Succinate--CoA ligase [ADP-forming] subunit beta, mitochondrial",16,12.55436,13.074495,-0.520135,0.697306579750095,Down,0.129236222889506,0.435002555813147
O43592,XPOT,Exportin-T,18,12.38714,12.79513,-0.40799,0.753672678822009,Down,0.129320958420122,0.435002555813147
Q9H270,VPS11,Vacuolar protein sorting-associated protein 11 homolog,17,12.73459,12.905825,-0.171235,0.888082124729114,Down,0.129343154786861,0.435002555813147
P63104,YWHAZ,14-3-3 protein zeta/delta,6,15.153585,15.56206,-0.408475,0.753419354450421,Down,0.129446602833629,0.435002555813147
Q15428,SF3A2,Splicing factor 3A subunit 2,11,16.71646,16.40534,0.311119999999999,1.24067048949392,Up,0.129467397077389,0.435002555813147
O15234,CASC3,Protein CASC3,1,11.324665,10.435665,0.888999999999999,1.85189204505465,Up,0.129709587608156,0.435546102109037
Q13123,IK,Protein Red,14,15.60445,15.459885,0.144565,1.10539730475137,Up,0.129760973680238,0.435546102109037
P62993,GRB2,Growth factor receptor-bound protein 2,10,11.782915,12.3495,-0.566585,0.675213193808898,Down,0.129889895109904,0.435578640925714
Q9H9A7,RMI1,RecQ-mediated genome instability protein 1,16,13.32334,13.18341,0.13993,1.10185165240395,Up,0.130038019664326,0.435578640925714
Q9GZU7,CTDSP1,Carboxy-terminal domain RNA polymerase II polypeptide A small phosphatase 1,1,9.465326,7.465884,1.999442,3.99845319464597,Up,0.130203256169958,0.435578640925714
O95400,CD2BP2,CD2 antigen cytoplasmic tail-binding protein 2,9,15.509785,15.26631,0.243475,1.18384073113002,Up,0.130213713692207,0.435578640925714
Q9NZJ0,DTL,Denticleless protein homolog,13,13.459725,13.665375,-0.20565,0.867147909393523,Down,0.13026173156722,0.435578640925714
P02649,APOE,Apolipoprotein E,2,11.992525,11.249715,0.742810000000002,1.67343208325508,Up,0.130306719801161,0.435578640925714
Q8N5S9,CAMKK1,Calcium/calmodulin-dependent protein kinase kinase 1,2,8.5822225,9.75322,-1.1709975,0.444114167511743,Down,0.130389562240283,0.435578640925714
P48067,SLC6A9,Sodium- and chloride-dependent glycine transporter 1,4,12.00933,11.01923,0.9901,1.98632266749817,Up,0.130410510961925,0.435578640925714
P09651,HNRNPA1,Heterogeneous nuclear ribonucleoprotein A1,18,20.44194,20.042685,0.399255000000004,1.31882669984975,Up,0.13049669432407,0.435578640925714
Q9NW64,RBM22,Pre-mRNA-splicing factor RBM22,12,14.21364,14.04814,0.1655,1.1215547119227,Up,0.130533927571616,0.435578640925714
P04843,RPN1,Dolichyl-diphosphooligosaccharide--protein glycosyltransferase subunit 1,26,16.28004,16.20553,0.0745100000000001,1.05300333093035,Up,0.130558532975634,0.435578640925714
O43852,CALU,Calumenin,9,13.6593,14.14618,-0.48688,0.713566603192091,Down,0.130598214730965,0.435578640925714
Q6Y288,B3GLCT,"Beta-1,3-glucosyltransferase",8,13.415925,13.01919,0.396735000000001,1.31652507525256,Up,0.130663076875012,0.435578640925714
O75695,RP2,Protein XRP2,5,12.84654,13.39528,-0.54874,0.683616915125803,Down,0.130725320661167,0.435578640925714
P62913,RPL11,Large ribosomal subunit protein uL5,5,17.19533,17.07642,0.11891,1.08591411136182,Up,0.130759271235681,0.435578640925714
P08174,CD55,Complement decay-accelerating factor,8,15.59229,16.21201,-0.61972,0.650797222977664,Down,0.130832863321656,0.435604228560618
Q9P031,CCDC59,Thyroid transcription factor 1-associated protein 26,5,12.4144,12.55566,-0.14126,0.906726905456144,Down,0.13100606932869,0.435858039911402
Q9UPN6,SCAF8,SR-related and CTD-associated factor 8,19,15.933575,15.71988,0.213695,1.15965446616552,Up,0.131098474774649,0.435858039911402
P16333,NCK1,SH2/SH3 adapter protein NCK1,11,12.80976,12.956,-0.14624,0.903602395178589,Down,0.131197306109548,0.435858039911402
O15269,SPTLC1,Serine palmitoyltransferase 1,8,12.234355,12.072385,0.16197,1.11881383571414,Up,0.13125761754613,0.435858039911402
Q9Y5Q9,GTF3C3,General transcription factor 3C polypeptide 3,33,16.45182,16.37857,0.073249999999998,1.05208407568632,Up,0.131450558273896,0.435858039911402
Q96JD6,AKR1E2,"1,5-anhydro-D-fructose reductase",1,11.13579,12.23071,-1.09492,0.468162083415737,Down,0.131473623248919,0.435858039911402
Q9H3M7,TXNIP,Thioredoxin-interacting protein,9,12.412525,12.80372,-0.391195,0.762497757644382,Down,0.131505633453461,0.435858039911402
Q9Y5S9,RBM8A,RNA-binding protein 8A,6,16.6475,16.377405,0.270095000000001,1.20588723152319,Up,0.131520050097728,0.435858039911402
P51114,FXR1,RNA-binding protein FXR1,17,15.23217,15.010175,0.221995,1.16634532753659,Up,0.131538790569942,0.435858039911402
P20073,ANXA7,Annexin A7,12,14.313895,14.73888,-0.424985,0.744846475844612,Down,0.131580189742363,0.435858039911402
Q12824,SMARCB1,SWI/SNF-related matrix-associated actin-dependent regulator of chromatin subfamily B member 1,14,15.856175,15.78839,0.0677850000000007,1.04810626811818,Up,0.131634535884878,0.435858039911402
Q9UL03,INTS6,Integrator complex subunit 6,31,14.76354,14.686105,0.0774349999999977,1.05514041401684,Up,0.131708357653198,0.435884094006003
Q6W2J9,BCOR,BCL-6 corepressor,41,13.5166,13.294675,0.221925000000001,1.16628873748121,Up,0.131830101659075,0.435994883931976
Q9UJU6,DBNL,Drebrin-like protein,12,14.7874,14.5443,0.2431,1.18353305516951,Up,0.131873774092907,0.435994883931976
A6NCE7,MAP1LC3B2,Microtubule-associated protein 1 light chain 3 beta 2,3,14.503335,14.07803,0.425305,1.34285636589017,Up,0.131965424333241,0.436079744709193
O75151,PHF2,Lysine-specific demethylase PHF2,22,13.87033,13.554,0.316329999999999,1.24515901870331,Up,0.132169733360111,0.436536615580696
Q5RKV6,EXOSC6,Exosome complex component MTR3,6,16.31962,16.15389,0.16573,1.12173352874803,Up,0.132256701202299,0.436551408492577
Q8WUQ7,CACTIN,Splicing factor Cactin,10,13.88701,13.570175,0.316835000000001,1.24559494961924,Up,0.132397544626589,0.436551408492577
P55795,HNRNPH2,Heterogeneous nuclear ribonucleoprotein H2,4,17.81508,18.04165,-0.22657,0.854664438476841,Down,0.132446645673779,0.436551408492577
Q8NC56,LEMD2,LEM domain-containing protein 2,15,14.314835,14.119045,0.195790000000001,1.14535116748951,Up,0.132495597403664,0.436551408492577
Q9P0J0,NDUFA13,NADH dehydrogenase [ubiquinone] 1 alpha subcomplex subunit 13,8,13.17418,13.30966,-0.13548,0.910366894441077,Down,0.132504482589818,0.436551408492577
P83111,LACTB,"Serine beta-lactamase-like protein LACTB, mitochondrial",13,12.76581,12.611795,0.154014999999999,1.11266168909938,Up,0.132583318580979,0.436593499004328
Q8TBA6,GOLGA5,Golgin subfamily A member 5,5,11.972115,11.08727,0.884844999999999,1.84656621976487,Up,0.132678394728676,0.436688999383376
Q9NQZ2,UTP3,Something about silencing protein 10,5,14.509225,14.090505,0.41872,1.33674103390959,Up,0.132874546876432,0.436785632090621
Q8WUD4,CCDC12,Coiled-coil domain-containing protein 12,2,13.764175,13.466105,0.298069999999999,1.2294985214477,Up,0.132898537394069,0.436785632090621
Q9UNL2,SSR3,Translocon-associated protein subunit gamma,1,15.246115,14.952105,0.29401,1.22604335830867,Up,0.132928208519749,0.436785632090621
Q9UHB6,LIMA1,LIM domain and actin-binding protein 1,29,17.63946,17.46726,0.1722,1.12677542191189,Up,0.133009938902408,0.436785632090621
Q8WUM0,NUP133,Nuclear pore complex protein Nup133,39,16.62476,16.84636,-0.2216,0.857613784704519,Down,0.133081401676074,0.436785632090621
Q96KB5,PBK,Lymphokine-activated killer T-cell-originated protein kinase,5,12.601625,13.073515,-0.47189,0.721019408617071,Down,0.133104291576715,0.436785632090621
Q6PL18,ATAD2,ATPase family AAA domain-containing protein 2,24,18.166465,17.805545,0.360919999999997,1.2842445933734,Up,0.133221358448784,0.436821792112532
Q99496,RNF2,E3 ubiquitin-protein ligase RING2,11,15.66421,15.54696,0.117250000000002,1.0846653507411,Up,0.133390472607152,0.436821792112532
Q00013,MPP1,55 kDa erythrocyte membrane protein,5,10.0213525,10.8788445,-0.857492,0.551911174092432,Down,0.133391323813372,0.436821792112532
Q7L523,RRAGA,Ras-related GTP-binding protein A,5,14.205055,14.679355,-0.4743,0.719815962172155,Down,0.133443477566609,0.436821792112532
Q9BYD1,MRPL13,Large ribosomal subunit protein uL13m,10,16.036315,15.750745,0.285570000000003,1.21889174523839,Up,0.13344578578835,0.436821792112532
Q8N568,DCLK2,Serine/threonine-protein kinase DCLK2,3,10.8458,11.608315,-0.762515,0.589467835765019,Down,0.133594799701866,0.437093084767145
Q9H074,PAIP1,Polyadenylate-binding protein-interacting protein 1,9,13.46616,13.68425,-0.21809,0.859702853515318,Down,0.133952544316319,0.437374552982612
O75940,SMNDC1,Survival of motor neuron-related-splicing factor 30,6,17.119315,16.907545,0.211770000000001,1.15810816141306,Up,0.133980020216852,0.437374552982612
Q9NP80,PNPLA8,Calcium-independent phospholipase A2-gamma,8,12.029895,11.75755,0.272345,1.2077693778245,Up,0.134086275013063,0.437374552982612
Q7Z5Q1,CPEB2,Cytoplasmic polyadenylation element-binding protein 4,4,11.88511,11.49103,0.394080000000001,1.31410449455507,Up,0.134095125218576,0.437374552982612
O14874,BCKDK,Branched-chain alpha-ketoacid dehydrogenase kinase,7,13.001585,13.20987,-0.208285,0.865565558796186,Down,0.134153703863076,0.437374552982612
Q5BJH7,YIF1B,Protein YIF1B,2,12.15548,12.4421,-0.28662,0.819820516587763,Down,0.134184923928493,0.437374552982612
P42566,EPS15,Epidermal growth factor receptor substrate 15,22,13.77196,13.85608,-0.08412,0.943359781171233,Down,0.13420541577684,0.437374552982612
Q6P1M3,LLGL2,LLGL scribble cell polarity complex component 2,16,12.898635,13.086805,-0.18817,0.877718365553909,Down,0.134222534266552,0.437374552982612
P68871,HBB,Hemoglobin subunit beta,8,18.351695,17.377565,0.974130000000002,1.96445619799742,Up,0.134276436374901,0.437374552982612
Q6IAA8,LAMTOR1,Ragulator complex protein LAMTOR1,5,12.80599,13.35863,-0.55264,0.681771406871433,Down,0.134512885246522,0.437609682326103
Q6BDS2,BLTP3A,Bridge-like lipid transfer protein family member 3A,12,14.57688,14.438235,0.138645,1.10087067654788,Up,0.134546926994858,0.437609682326103
P60510,PPP4C,Serine/threonine-protein phosphatase 4 catalytic subunit,8,14.43937,14.223375,0.215994999999999,1.16150470645018,Up,0.134684453770101,0.437609682326103
Q9Y285,FARSA,Phenylalanine--tRNA ligase alpha subunit,13,14.182215,14.447715,-0.2655,0.831910366581484,Down,0.134687109641887,0.437609682326103
P25398,RPS12,Small ribosomal subunit protein eS12,6,16.650945,16.393715,0.25723,1.19518173014394,Up,0.134708957155463,0.437609682326103
Q9NX61,TMEM161A,Transmembrane protein 161A,1,9.8509715,10.323287,-0.4723155,0.720806786744711,Down,0.134745907631052,0.437609682326103
Q9UKK6,NXT1,NTF2-related export protein 1,1,13.75526,13.52402,0.23124,1.17384343714426,Up,0.134992482906491,0.438195147116405
Q9BQE9,BCL7B,B-cell CLL/lymphoma 7 protein family member B,5,14.946235,14.34244,0.603795000000002,1.5197088977613,Up,0.135264034476392,0.43882249847665
Q96GA3,LTV1,Protein LTV1 homolog,5,12.22628,11.86401,0.362269999999999,1.28544688600827,Up,0.135409812848023,0.43882249847665
Q8IZ69,TRMT2A,tRNA (uracil-5-)-methyltransferase homolog A,14,13.29371,13.03545,0.25826,1.19603532476794,Up,0.13547889406541,0.43882249847665
P25788,PSMA3,Proteasome subunit alpha type-3,7,14.05647,13.818545,0.237925000000001,1.17929528377756,Up,0.135495922804424,0.43882249847665
P42785,PRCP,Lysosomal Pro-X carboxypeptidase,6,11.86025,12.707775,-0.847525,0.555737307889622,Down,0.135614148621319,0.43882249847665
Q9H875,PRKRIP1,PRKR-interacting protein 1,5,14.04124,13.66585,0.375390000000001,1.29719017330536,Up,0.135632543018429,0.43882249847665
Q9NVN8,GNL3L,Guanine nucleotide-binding protein-like 3-like protein,16,14.936955,14.35495,0.582005000000001,1.49692817474142,Up,0.135650531757875,0.43882249847665
Q9UJA5,TRMT6,tRNA (adenine(58)-N(1))-methyltransferase non-catalytic subunit TRM6,10,12.53766,12.2473,0.29036,1.2229454048382,Up,0.135844910385389,0.439236307601291
Q14687,GSE1,Genetic suppressor element 1,15,12.462445,12.04389,0.418555,1.33658816053576,Up,0.135921799447131,0.439270011024981
Q8N884,CGAS,Cyclic GMP-AMP synthase,2,10.68322,12.9198,-2.23658,0.212188739206704,Down,0.136074969102945,0.439550083480628
P02788,LTF,Lactotransferrin,2,12.66459,13.21981,-0.55522,0.680553271148722,Down,0.136161416514197,0.439614461036801
Q9Y446,PKP3,Plakophilin-3,32,14.923255,15.242155,-0.3189,0.801680895758849,Down,0.136371625851117,0.439994048386379
Q9BVC6,TMEM109,Voltage-gated monoatomic cation channel TMEM109,4,15.1315,14.89736,0.23414,1.17620538443549,Up,0.136418403168048,0.439994048386379
Q9UBE0,SAE1,SUMO-activating enzyme subunit 1,6,14.562585,15.172305,-0.60972,0.655323875638859,Down,0.136488335143012,0.439994048386379
O00442,RTCA,RNA 3'-terminal phosphate cyclase,9,11.88142,11.982455,-0.101035,0.932363866873962,Down,0.136590136635319,0.439994048386379
O95777,LSM8,U6 snRNA-associated Sm-like protein LSm8,6,15.688745,15.188115,0.500630000000001,1.41483125986258,Up,0.136648883023869,0.439994048386379
Q96RL7,VPS13A,Intermembrane lipid transfer protein VPS13A,23,14.352345,14.840045,-0.4877,0.713161140954561,Down,0.136678435669123,0.439994048386379
Q8WYQ5,DGCR8,Microprocessor complex subunit DGCR8,17,15.055605,14.832995,0.22261,1.16684262964523,Up,0.13684638296262,0.440108483940028
P53602,MVD,Diphosphomevalonate decarboxylase,5,14.320165,14.837105,-0.51694,0.698852549781633,Down,0.136862590177344,0.440108483940028
P53582,METAP1,Methionine aminopeptidase 1,18,15.17993,14.98736,0.19257,1.14279767004568,Up,0.136950731042988,0.440108483940028
P33993,MCM7,DNA replication licensing factor MCM7,32,16.3512,16.592185,-0.240985,0.846167394332707,Down,0.137002774205117,0.440108483940028
Q9P2N5,RBM27,RNA-binding protein 27,24,15.24667,15.159005,0.0876649999999994,1.06264889405952,Up,0.137063026402179,0.440108483940028
P40617,ARL4A,ADP-ribosylation factor-like protein 4A,3,10.625854,9.377951,1.247903,2.37495964571011,Up,0.137145891328661,0.440108483940028
Q92560,BAP1,Ubiquitin carboxyl-terminal hydrolase BAP1,13,12.724335,12.49606,0.228275,1.1714334532823,Up,0.137180129659019,0.440108483940028
Q9HAH7,FBRS,Probable fibrosin-1,4,13.205645,13.500375,-0.29473,0.815224887251553,Down,0.137324654703697,0.440358390556397
O14545,TRAFD1,TRAF-type zinc finger domain-containing protein 1,5,12.61837,13.166465,-0.548095,0.683922614860379,Down,0.137513827845533,0.440751158211024
Q08AM6,VAC14,Protein VAC14 homolog,7,11.239815,11.059905,0.17991,1.13281321452577,Up,0.137706942329698,0.441156171525436
Q9GZL7,WDR12,Ribosome biogenesis protein WDR12,11,13.68974,13.81678,-0.12704,0.915708297241182,Down,0.137892502391296,0.441332599236953
O95789,ZMYM6,Zinc finger MYM-type protein 6,6,10.63,10.199265,0.430734999999999,1.34792011763365,Up,0.137924117410166,0.441332599236953
Q9HCK8,CHD8,Chromodomain-helicase-DNA-binding protein 8,54,17.73334,17.81014,-0.0768,0.948158398682308,Down,0.138127765330968,0.441332599236953
Q9Y224,RTRAF,"RNA transcription, translation and transport factor protein",15,16.031485,15.852715,0.17877,1.13191843292932,Up,0.13813589088808,0.441332599236953
Q7Z5K2,WAPL,Wings apart-like protein homolog,36,15.05726,15.150265,-0.093005,0.937567847088929,Down,0.138190025347029,0.441332599236953
P40222,TXLNA,Alpha-taxilin,11,13.91533,13.605605,0.309725,1.23947141498783,Up,0.138277126065567,0.441332599236953
Q9H5Q4,TFB2M,"Dimethyladenosine transferase 2, mitochondrial",15,14.56127,14.390855,0.170415000000002,1.12538216115373,Up,0.13830038031418,0.441332599236953
Q9GZT3,SLIRP,"SRA stem-loop-interacting RNA-binding protein, mitochondrial",7,15.798795,15.391445,0.407349999999999,1.32624747091665,Up,0.138393953488357,0.441332599236953
Q9NQT4,EXOSC5,Exosome complex component RRP46,6,14.586695,14.22218,0.364514999999999,1.28744874688897,Up,0.138469202229321,0.441332599236953
Q71UM5,RPS27L,Ribosomal protein eS27-like,1,13.9694,14.22605,-0.25665,0.837029282624051,Down,0.138509894030126,0.441332599236953
Q8N488,RYBP,RING1 and YY1-binding protein,5,11.88672,11.139645,0.747075000000001,1.67838652461172,Up,0.138530973880039,0.441332599236953
P48730,CSNK1D,Casein kinase I isoform delta,4,12.71935,12.19461,0.524739999999998,1.43867428126067,Up,0.138583644854566,0.441332599236953
Q9UBH6,XPR1,Solute carrier family 53 member 1,3,11.06069,10.61338,0.447310000000002,1.36349555776891,Up,0.138637952275892,0.441332599236953
Q9BW71,HIRIP3,HIRA-interacting protein 3,5,13.048785,12.98496,0.0638249999999978,1.04523330492443,Up,0.138696899472712,0.441332599236953
Q92793,CREBBP,CREB-binding protein,37,14.51695,14.20212,0.314829999999999,1.24386507379583,Up,0.138988382922164,0.441880528966002
Q9Y6C9,MTCH2,Mitochondrial carrier homolog 2,10,15.521615,16.03153,-0.509915,0.702263812285575,Down,0.139035117851611,0.441880528966002
Q9H9G7,AGO3,Protein argonaute-3,6,11.892935,12.17902,-0.286085,0.820124590074238,Down,0.139069677749929,0.441880528966002
Q5VSL9,STRIP1,Striatin-interacting protein 1,10,11.546265,11.878475,-0.33221,0.794318769919367,Down,0.139313634800411,0.442115922557344
P14927,UQCRB,Cytochrome b-c1 complex subunit 7,3,13.426455,13.765795,-0.33934,0.790402820387192,Down,0.139317629217588,0.442115922557344
P30043,BLVRB,Flavin reductase (NADPH),6,12.497505,12.88917,-0.391665,0.762249392212401,Down,0.13935369380284,0.442115922557344
Q8N1G2,CMTR1,Cap-specific mRNA (nucleoside-2'-O-)-methyltransferase 1,29,14.18066,14.545245,-0.364585,0.776692263121747,Down,0.13945284789345,0.442115922557344
P60866,RPS20,Small ribosomal subunit protein uS10,3,16.02093,15.741065,0.279865000000001,1.21408127158308,Up,0.139478241569384,0.442115922557344
Q9Y385,UBE2J1,Ubiquitin-conjugating enzyme E2 J1,2,10.286465,9.4535065,0.8329585,1.78133455930473,Up,0.139686671636644,0.442191106465904
Q9H9A6,LRRC40,Leucine-rich repeat-containing protein 40,24,12.72928,13.144485,-0.415205,0.749912928065281,Down,0.139718509461973,0.442191106465904
P28070,PSMB4,Proteasome subunit beta type-4,4,15.571895,15.25595,0.315944999999999,1.24482677782814,Up,0.139750803087306,0.442191106465904
P78347,GTF2I,General transcription factor II-I,44,17.184205,17.14295,0.0412549999999996,1.02900857169017,Up,0.139769590166027,0.442191106465904
Q16795,NDUFA9,"NADH dehydrogenase [ubiquinone] 1 alpha subcomplex subunit 9, mitochondrial",13,14.30293,14.68866,-0.38573,0.765391614348908,Down,0.139919743743766,0.442243218470581
Q9P015,MRPL15,Large ribosomal subunit protein uL15m,15,14.137765,13.792575,0.345190000000001,1.27031826985301,Up,0.139919892543802,0.442243218470581
O14829,PPEF1,Serine/threonine-protein phosphatase with EF-hands 1,3,13.91484,14.45266,-0.53782,0.688810958357813,Down,0.140042949690368,0.442330497155268
Q14839,CHD4,Chromodomain-helicase-DNA-binding protein 4,72,17.23819,17.008785,0.229405000000003,1.17235134535651,Up,0.140180890067713,0.442330497155268
Q5SWX8,ODR4,Protein odr-4 homolog,10,12.6601,12.434515,0.225584999999999,1.16925127343409,Up,0.140314001076879,0.442330497155268
Q15363,TMED2,Transmembrane emp24 domain-containing protein 2,4,13.55069,13.717705,-0.167015,0.890683639935732,Down,0.14032983771055,0.442330497155268
O15015,ZNF646,Zinc finger protein 646,7,12.3758,12.176155,0.199645,1.14841573272625,Up,0.140388800861496,0.442330497155268
Q6P1J9,CDC73,Parafibromin,32,15.610125,15.41824,0.191884999999999,1.14225519185845,Up,0.140439314553822,0.442330497155268
Q5VV41,ARHGEF16,Rho guanine nucleotide exchange factor 16,13,13.76733,13.68657,0.0807600000000015,1.05757501575021,Up,0.140440902321431,0.442330497155268
P23634,ATP2B4,Plasma membrane calcium-transporting ATPase 4,8,13.018955,13.218805,-0.19985,0.870641080951969,Down,0.140482934,0.442330497155268
P62258,YWHAE,14-3-3 protein epsilon,15,18.58499,18.830675,-0.245685,0.84341524258022,Down,0.140679302828636,0.442737863044978
Q7LFL8,CXXC5,CXXC-type zinc finger protein 5,5,14.20245,13.82701,0.375439999999998,1.29723513126998,Up,0.140867873706687,0.44312031286411
Q9H1A4,ANAPC1,Anaphase-promoting complex subunit 1,46,15.07682,15.17348,-0.09666,0.935195569361482,Down,0.141043189824179,0.443418352328998
P31948,STIP1,Stress-induced-phosphoprotein 1,25,14.813995,14.872685,-0.05869,0.960135548602054,Down,0.14114741011267,0.443418352328998
Q7L7X3,TAOK1,Serine/threonine-protein kinase TAO1,9,13.86363,13.98895,-0.12532,0.91680066775509,Down,0.141163899727676,0.443418352328998
O95807,TMEM50A,Transmembrane protein 50A,2,10.919835,10.501575,0.41826,1.33631488504324,Up,0.141310744764482,0.443668746863879
Q8TB72,PUM2,Pumilio homolog 2,12,14.73288,14.45472,0.27816,1.21264729849343,Up,0.141500142181825,0.443852916203554
P49116,NR2C2,Nuclear receptor subfamily 2 group C member 2,15,16.37634,16.222875,0.153465000000001,1.11223758887259,Up,0.141503721355861,0.443852916203554
Q5VWN6,TASOR2,Protein TASOR 2,22,15.159465,15.33816,-0.178695,0.883501812760292,Down,0.141654997455278,0.444116640503764
Q00577,PURA,Transcriptional activator protein Pur-alpha,1,11.766805,11.547705,0.219099999999999,1.16400721443783,Up,0.141856458935046,0.444537381271561
Q9UNE7,STUB1,E3 ubiquitin-protein ligase CHIP,15,14.189185,14.008925,0.180259999999999,1.13308807006462,Up,0.142012272020644,0.444814742077932
O15381,NVL,Nuclear valosin-containing protein-like,28,12.90938,13.015755,-0.106375,0.928919188723847,Down,0.142212522094177,0.445181692996996
Q9P2X0,DPM3,Dolichol-phosphate mannosyltransferase subunit 3,1,10.68159,11.033365,-0.351775,0.783619389223186,Down,0.142264145197406,0.445181692996996
P08962,CD63,CD63 antigen,1,13.22015,12.323155,0.896995,1.86218318581415,Up,0.142507228977959,0.44573131865373
Q9Y2G8,DNAJC16,DnaJ homolog subfamily C member 16,5,12.553705,12.195735,0.357970000000002,1.28162127331794,Up,0.142749406093599,0.445916978242814
Q96BW9,TAMM41,"Phosphatidate cytidylyltransferase, mitochondrial",5,12.000925,11.788115,0.212809999999998,1.1589433113786,Up,0.142764972883575,0.445916978242814
Q14694,USP10,Ubiquitin carboxyl-terminal hydrolase 10,18,14.83163,14.39749,0.434139999999999,1.3511051902397,Up,0.142769000750763,0.445916978242814
Q9C0D5,TANC1,Protein TANC1,25,13.155645,13.285245,-0.1296,0.914084853234186,Down,0.142866990872985,0.445922296361155
A8MPP1,DDX11L8,Putative ATP-dependent DNA helicase DDX11-like protein 8,1,9.811449,11.363675,-1.552226,0.340983539033831,Down,0.143005716930823,0.445922296361155
P53611,RABGGTB,Geranylgeranyl transferase type-2 subunit beta,2,10.282695,11.05529,-0.772595,0.585363623648142,Down,0.14302039684143,0.445922296361155
P67812,SEC11A,Signal peptidase complex catalytic subunit SEC11A,5,14.62982,14.18189,0.447929999999999,1.36408164761929,Up,0.143040591358095,0.445922296361155
Q8TBP6,SLC25A40,Mitochondrial glutathione transporter SLC25A40,3,11.068145,11.415235,-0.34709,0.786168246883208,Down,0.14338845780757,0.446431366922065
Q96EK6,GNPNAT1,Glucosamine 6-phosphate N-acetyltransferase,5,15.3178,15.60909,-0.29129,0.817171050233074,Down,0.14344243365587,0.446431366922065
Q6UX53,TMT1B,Thiol S-methyltransferase TMT1B,1,9.574111,11.4379895,-1.8638785,0.274736691024931,Down,0.1434699842218,0.446431366922065
Q9H7B4,SMYD3,Histone-lysine N-methyltransferase SMYD3,8,11.74899,12.24477,-0.49578,0.70917815385889,Down,0.143543268393419,0.446431366922065
Q9H4F8,SMOC1,SPARC-related modular calcium-binding protein 1,3,12.086665,11.352245,0.73442,1.66372847390895,Up,0.143644855162618,0.446431366922065
Q9NP81,SARS2,"Serine--tRNA ligase, mitochondrial",11,13.244395,12.90365,0.340745000000002,1.26641039269755,Up,0.14374621593874,0.446431366922065
Q8WTS6,SETD7,Histone-lysine N-methyltransferase SETD7,2,10.4332005,11.944754,-1.5115535,0.350733344403538,Down,0.143853580889417,0.446431366922065
Q9UQB8,BAIAP2,BAR/IMD domain-containing adapter protein 2,18,13.79885,13.62083,0.17802,1.13133014630321,Up,0.143935092369686,0.446431366922065
P80723,BASP1,Brain acid soluble protein 1,3,13.50943,14.031435,-0.522005,0.696403326780323,Down,0.144016722789158,0.446431366922065
O43760,SYNGR2,Synaptogyrin-2,2,11.709475,12.18809,-0.478615,0.717666259363811,Down,0.144059340468937,0.446431366922065
P26599,PTBP1,Polypyrimidine tract-binding protein 1,14,19.64223,19.308905,0.333324999999995,1.25991377232653,Up,0.144215620245522,0.446431366922065
Q8WVK2,SNRNP27,U4/U6.U5 small nuclear ribonucleoprotein 27 kDa protein,8,15.10606,14.8881,0.21796,1.16308779345981,Up,0.1443406537395,0.446431366922065
P61024,CKS1B,Cyclin-dependent kinases regulatory subunit 1,2,15.518125,15.20057,0.317555,1.24621673881501,Up,0.144448976388858,0.446431366922065
Q9BTT4,MED10,Mediator of RNA polymerase II transcription subunit 10,3,13.88501,13.4142,0.47081,1.3858873550878,Up,0.144467524966944,0.446431366922065
Q567V2,MPV17L2,Mpv17-like protein 2,2,10.91509,10.6258,0.289289999999998,1.22203872226776,Up,0.144468802228894,0.446431366922065
Q13421,MSLN,Mesothelin,9,12.65406,13.10891,-0.45485,0.729586024751147,Down,0.144542395071916,0.446431366922065
Q16186,ADRM1,Proteasomal ubiquitin receptor ADRM1,5,13.42042,12.939765,0.480654999999999,1.39537703964803,Up,0.144570021382748,0.446431366922065
P48643,CCT5,T-complex protein 1 subunit epsilon,33,17.202655,17.03109,0.171565000000001,1.12627958257502,Up,0.144602170348674,0.446431366922065
O15382,BCAT2,"Branched-chain-amino-acid aminotransferase, mitochondrial",7,13.797825,14.16905,-0.371225,0.773125752816934,Down,0.144635937397113,0.446431366922065
O60318,MCM3AP,Germinal-center associated nuclear protein,31,12.86628,13.617545,-0.751265,0.594082419068981,Down,0.144678890440366,0.446431366922065
Q86UN3,RTN4RL2,Reticulon-4 receptor-like 2,6,12.534615,13.351215,-0.8166,0.56777845086474,Down,0.144730479978791,0.446431366922065
P06132,UROD,Uroporphyrinogen decarboxylase,3,9.724368,10.198976,-0.474608,0.719662305546116,Down,0.144731344400678,0.446431366922065
Q14938,NFIX,Nuclear factor 1 X-type,7,14.02827,13.73512,0.293149999999999,1.22531272359092,Up,0.144802165940539,0.446431366922065
Q13601,KRR1,KRR1 small subunit processome component homolog,11,14.650965,14.540765,0.110199999999999,1.07937785967714,Up,0.144825064409276,0.446431366922065
Q9UQ80,PA2G4,Proliferation-associated protein 2G4,18,16.952235,16.80608,0.146155,1.10661623913428,Up,0.144903664964015,0.44646486822127
O43688,PLPP2,Phospholipid phosphatase 2,3,13.739915,13.310125,0.429790000000001,1.34703748659495,Up,0.145146147943999,0.44646486822127
O95630,STAMBP,STAM-binding protein,5,10.48262,11.000555,-0.517935,0.698370730315569,Down,0.145261466073314,0.44646486822127
Q15572,TAF1C,TATA box-binding protein-associated factor RNA polymerase I subunit C,21,13.48528,13.32943,0.155849999999999,1.1140778118133,Up,0.145315282457099,0.44646486822127
Q92817,EVPL,Envoplakin,21,14.586095,14.358125,0.227969999999999,1.17118582684098,Up,0.145419358515027,0.44646486822127
Q96FV9,THOC1,THO complex subunit 1,30,16.35675,16.210275,0.146474999999999,1.10686172169452,Up,0.145505980891201,0.44646486822127
Q9UM54,MYO6,Unconventional myosin-VI,20,13.288715,13.673175,-0.38446,0.76606568287578,Down,0.145593094446531,0.44646486822127
Q92922,SMARCC1,SWI/SNF complex subunit SMARCC1,23,16.39364,16.13683,0.256810000000002,1.19483383731046,Up,0.145641950197166,0.44646486822127
Q96G21,IMP4,U3 small nucleolar ribonucleoprotein protein IMP4,9,14.904335,14.584495,0.319839999999999,1.24819211229025,Up,0.145690383169802,0.44646486822127
P30622,CLIP1,CAP-Gly domain-containing linker protein 1,39,14.30305,14.56222,-0.25917,0.835568493889883,Down,0.145701026822647,0.44646486822127
P31930,UQCRC1,"Cytochrome b-c1 complex subunit 1, mitochondrial",12,14.123475,14.630645,-0.50717,0.70360127390705,Down,0.145766445890794,0.44646486822127
P21291,CSRP1,Cysteine and glycine-rich protein 1,7,17.392035,17.593815,-0.20178,0.86947713861914,Down,0.145768188488746,0.44646486822127
O43293,DAPK3,Death-associated protein kinase 3,7,14.167935,13.752105,0.41583,1.3340659607255,Up,0.145891918285447,0.44646486822127
Q8NCY6,MSANTD4,Myb/SANT-like DNA-binding domain-containing protein 4,3,10.2332985,9.6686155,0.564683,1.47906248260874,Up,0.145909350442404,0.44646486822127
Q9NZL4,HSPBP1,Hsp70-binding protein 1,10,13.28491,13.682555,-0.397645,0.75909639226866,Down,0.145960089606437,0.44646486822127
O43815,STRN,Striatin,17,15.21173,15.49356,-0.28183,0.822546987843453,Down,0.146074586989368,0.44646486822127
Q13523,PRP4K,Serine/threonine-protein kinase PRP4 homolog,26,15.71682,15.587025,0.129794999999998,1.09413821845596,Up,0.146123795220216,0.44646486822127
Q9H9Y6,POLR1B,DNA-directed RNA polymerase I subunit RPA2,43,15.026425,14.95603,0.0703949999999995,1.0500041281945,Up,0.146129711134145,0.44646486822127
P36776,LONP1,"Lon protease homolog, mitochondrial",30,15.420955,15.634885,-0.21393,0.862185377498172,Down,0.146169012920921,0.44646486822127
O75431,MTX2,Metaxin-2,4,12.646905,12.7035,-0.056595,0.961530815866447,Down,0.146188343171468,0.44646486822127
O43447,PPIH,Peptidyl-prolyl cis-trans isomerase H,12,16.56806,16.341795,0.226265000000001,1.16980251832781,Up,0.146254567967779,0.44646486822127
P52948,NUP98,Nuclear pore complex protein Nup98-Nup96,55,16.789835,16.84431,-0.054475,0.962944797147937,Down,0.146333030869484,0.446498153747194
P78316,NOP14,Nucleolar protein 14,25,14.491805,14.21246,0.279344999999999,1.21364375119159,Up,0.146577894821189,0.446690387573415
Q8WXX5,DNAJC9,DnaJ homolog subfamily C member 9,8,14.423225,14.866675,-0.44345,0.735373962076433,Down,0.146661090602038,0.446690387573415
Q9BXW7,HDHD5,Haloacid dehalogenase-like hydrolase domain-containing 5,7,11.96491,12.38943,-0.42452,0.745086588567438,Down,0.146673529986339,0.446690387573415
Q96JB5,CDK5RAP3,CDK5 regulatory subunit-associated protein 3,12,13.2517,13.16503,0.0866699999999998,1.06191625750706,Up,0.146706847342911,0.446690387573415
Q5W0Q7,USPL1,SUMO-specific isopeptidase USPL1,3,12.21421,11.391775,0.822435,1.76838818442866,Up,0.146754936423701,0.446690387573415
P35250,RFC2,Replication factor C subunit 2,18,16.357755,16.43163,-0.073875,0.950082697701717,Down,0.146872048267173,0.446690387573415
O00291,HIP1,Huntingtin-interacting protein 1,30,14.76662,14.92185,-0.15523,0.89798920057471,Down,0.14722155824637,0.446690387573415
P46776,RPL27A,Large ribosomal subunit protein uL15,4,17.06631,17.241875,-0.175565,0.885420695518684,Down,0.147273454162182,0.446690387573415
Q9NYB0,TERF2IP,Telomeric repeat-binding factor 2-interacting protein 1,21,14.4418,14.332045,0.109755,1.0790449763833,Up,0.147381528070848,0.446690387573415
P62861,FAU,Ubiquitin-like FUBI-ribosomal protein eS30 fusion protein,1,16.205175,16.07354,0.131634999999999,1.09553456254002,Up,0.147408665616045,0.446690387573415
Q6UWZ7,ABRAXAS1,BRCA1-A complex subunit Abraxas 1,9,13.422545,13.2177,0.204844999999999,1.15256251135113,Up,0.147500815949116,0.446690387573415
Q9Y3C1,NOP16,Nucleolar protein 16,9,13.96508,13.554185,0.410895,1.32951034229417,Up,0.147596118785146,0.446690387573415
Q96PN7,TRERF1,Transcriptional-regulating factor 1,8,12.18897,12.651295,-0.462325,0.725815614993453,Down,0.147624829046949,0.446690387573415
Q96SB4,SRPK1,SRSF protein kinase 1,17,14.184355,13.997345,0.187010000000001,1.13840191984834,Up,0.147715057897162,0.446690387573415
Q13561,DCTN2,Dynactin subunit 2,12,14.613035,14.654905,-0.04187,0.971395023161852,Down,0.147724701922249,0.446690387573415
Q9UK59,DBR1,Lariat debranching enzyme,9,13.051865,13.318245,-0.26638,0.831403081345412,Down,0.147729723323727,0.446690387573415
O60488,ACSL4,Long-chain-fatty-acid--CoA ligase 4,22,14.409455,14.25052,0.158935,1.11646265910801,Up,0.147763164109088,0.446690387573415
Q6P1X6,C8orf82,UPF0598 protein C8orf82,7,12.94719,12.65512,0.292069999999999,1.2243957990137,Up,0.147817589115471,0.446690387573415
P13056,NR2C1,Nuclear receptor subfamily 2 group C member 1,11,14.975635,14.55316,0.422475000000002,1.34022479198619,Up,0.14790570201983,0.446690387573415
P78549,NTHL1,Endonuclease III-like protein 1,8,14.548835,14.76917,-0.220335,0.858366096991505,Down,0.148021824476053,0.446690387573415
Q01581,HMGCS1,"Hydroxymethylglutaryl-CoA synthase, cytoplasmic",13,13.80504,13.96597,-0.16093,0.894448299631953,Down,0.148072079504108,0.446690387573415
Q9P2E9,RRBP1,Ribosome-binding protein 1,22,15.67268,15.456275,0.216404999999998,1.16183484178072,Up,0.148151290364224,0.446690387573415
P28482,MAPK1,Mitogen-activated protein kinase 1,11,13.94122,14.092895,-0.151675,0.900204698616853,Down,0.148162651453042,0.446690387573415
O75347,TBCA,Tubulin-specific chaperone A,5,12.752755,13.295325,-0.54257,0.686546812670166,Down,0.148355644643776,0.446690387573415
P00387,CYB5R3,NADH-cytochrome b5 reductase 3,6,13.20962,13.675135,-0.465515,0.724212508412377,Down,0.148407477282566,0.446690387573415
O00468,AGRN,Agrin,10,13.862765,13.474985,0.387779999999999,1.30837853848486,Up,0.148428426443664,0.446690387573415
P09110,ACAA1,"3-ketoacyl-CoA thiolase, peroxisomal",10,14.261845,13.869265,0.392580000000002,1.31273890285707,Up,0.148665607904997,0.446690387573415
P22736,NR4A1,Nuclear receptor subfamily 4immunitygroup A member 1,4,11.8744,12.13315,-0.25875,0.835811781518528,Down,0.148694453393749,0.446690387573415
Q9ULJ3,ZBTB21,Zinc finger and BTB domain-containing protein 21,20,13.89972,13.80565,0.0940699999999985,1.06737712624475,Up,0.148696115951793,0.446690387573415
O75689,ADAP1,Arf-GAP with dual PH domain-containing protein 1,2,10.18309,10.824245,-0.641155,0.641199408618196,Down,0.148730534995835,0.446690387573415
Q8WUA4,GTF3C2,General transcription factor 3C polypeptide 2,21,15.97219,15.839385,0.132804999999999,1.09642338193074,Up,0.148849167146898,0.446690387573415
P63208,SKP1,S-phase kinase-associated protein 1,10,15.70407,15.531785,0.172285000000002,1.12684181067018,Up,0.148861549327188,0.446690387573415
Q9Y3C7,MED31,Mediator of RNA polymerase II transcription subunit 31,3,13.85486,13.536615,0.318244999999999,1.24681291138686,Up,0.148967623716607,0.446690387573415
P55769,SNU13,NHP2-like protein 1,7,17.24346,16.97925,0.264209999999999,1.20097823024426,Up,0.149076188645814,0.446690387573415
P19823,ITIH2,Inter-alpha-trypsin inhibitor heavy chain H2,2,9.518904,10.227597,-0.708693,0.611874211210903,Down,0.149134254298561,0.446690387573415
P49917,LIG4,DNA ligase 4,12,12.143655,11.85429,0.289364999999998,1.22210225287121,Up,0.149188853987394,0.446690387573415
Q9HCU9,BRMS1,Breast cancer metastasis-suppressor 1,8,13.623705,13.727695,-0.10399,0.930456107110936,Down,0.149226796510238,0.446690387573415
Q14571,ITPR2,"Inositol 1,4,5-trisphosphate-gated calcium channel ITPR2",24,13.80466,13.985155,-0.180495,0.882400185910825,Down,0.149248719196475,0.446690387573415
Q8TDM6,DLG5,Disks large homolog 5,23,13.20366,13.52876,-0.3251,0.798243054446755,Down,0.149279335432862,0.446690387573415
Q6P0N0,MIS18BP1,Mis18-binding protein 1,14,13.338615,13.23124,0.107375000000001,1.07726635385511,Up,0.149439144973335,0.446690387573415
Q96E14,RMI2,RecQ-mediated genome instability protein 2,5,13.46614,13.28681,0.17933,1.13235788641289,Up,0.149512980722313,0.446690387573415
O15534,PER1,Period circadian protein homolog 1,1,10.310908,8.7314305,1.5794775,2.98861591600417,Up,0.149605913369318,0.446690387573415
Q16763,UBE2S,Ubiquitin-conjugating enzyme E2 S,3,13.335835,13.139115,0.196719999999999,1.14608972965966,Up,0.149619857609408,0.446690387573415
Q9P275,USP36,Ubiquitin carboxyl-terminal hydrolase 36,29,14.18204,14.06143,0.120610000000001,1.08719445267676,Up,0.149625639784078,0.446690387573415
Q9NQR4,NIT2,Omega-amidase NIT2,7,11.62055,12.06318,-0.44263,0.735792053241196,Down,0.149738289997526,0.446690387573415
P61353,RPL27,Large ribosomal subunit protein eL27,5,17.65928,17.70082,-0.04154,0.971617244084232,Down,0.149831503486412,0.446690387573415
Q9P035,HACD3,Very-long-chain (3R)-3-hydroxyacyl-CoA dehydratase 3,10,13.454755,13.284785,0.169970000000001,1.12503508999855,Up,0.149988945749852,0.446690387573415
Q06124,PTPN11,Tyrosine-protein phosphatase non-receptor type 11,13,17.150825,17.47998,-0.329155,0.796002573408916,Down,0.150009341870015,0.446690387573415
Q9UBT2,UBA2,SUMO-activating enzyme subunit 2,15,14.481995,15.074845,-0.59285,0.66303181336051,Down,0.150122116179446,0.446690387573415
Q2M2I8,AAK1,AP2-associated protein kinase 1,10,12.236575,12.50172,-0.265145,0.832115097664659,Down,0.150208741572914,0.446690387573415
Q9H6W3,RIOX1,Ribosomal oxygenase 1,16,14.527735,15.019155,-0.49142,0.711324618356767,Down,0.150238184056813,0.446690387573415
Q13868,EXOSC2,Exosome complex component RRP4,10,15.745575,15.4875,0.258075,1.19588196432608,Up,0.150246951090088,0.446690387573415
P23381,WARS1,"Tryptophan--tRNA ligase, cytoplasmic",18,14.310615,14.39415,-0.083535,0.94374238273271,Down,0.150295528617923,0.446690387573415
Q8TAK5,GABPB2,GA-binding protein subunit beta-2,7,13.446455,13.089345,0.35711,1.28085751811226,Up,0.150326590392015,0.446690387573415
Q8WX93,PALLD,Palladin,26,13.46755,13.663285,-0.195735,0.873127956043043,Down,0.150391700560698,0.446690387573415
Q9UII2,ATP5IF1,"ATPase inhibitor, mitochondrial",2,11.6026,13.087715,-1.485115,0.357220059101524,Down,0.150397200128959,0.446690387573415
Q9UIF8,BAZ2B,Bromodomain adjacent to zinc finger domain protein 2B,4,11.5935455,10.15928,1.4342655,2.70244545590692,Up,0.150439334564576,0.446690387573415
Q99714,HSD17B10,3-hydroxyacyl-CoA dehydrogenase type-2,11,16.06788,15.95508,0.112799999999998,1.08132484963846,Up,0.150500696573329,0.446690387573415
P55209,NAP1L1,Nucleosome assembly protein 1-like 1,6,14.93056,15.22298,-0.29242,0.816531246446221,Down,0.150547663089739,0.446690387573415
P34932,HSPA4,Heat shock 70 kDa protein 4,33,15.922715,15.958875,-0.03616,0.975247297143548,Down,0.150601802941045,0.446690387573415
Q9Y4U1,MMACHC,Cyanocobalamin reductase / alkylcobalamin dealkylase,1,8.3383585,10.0234755,-1.685117,0.310977692564586,Down,0.150691083422199,0.446690387573415
Q86V97,KBTBD6,Kelch repeat and BTB domain-containing protein 6,11,13.62535,14.242875,-0.617525,0.651788137284985,Down,0.150698170835964,0.446690387573415
P10606,COX5B,"Cytochrome c oxidase subunit 5B, mitochondrial",7,14.358895,14.654085,-0.29519,0.814964996103827,Down,0.150856952226658,0.446690387573415
Q9BQ75,CMSS1,Protein CMSS1,16,15.685155,15.41386,0.271295,1.20689067758835,Up,0.150873831474348,0.446690387573415
P40939,HADHA,"Trifunctional enzyme subunit alpha, mitochondrial",29,16.685285,16.79755,-0.112265,0.9251344800255,Down,0.15088131960422,0.446690387573415
Q9UBB5,MBD2,Methyl-CpG-binding domain protein 2,11,14.91573,14.78249,0.133240000000001,1.09675402428323,Up,0.150893644733876,0.446690387573415
Q96SZ5,ADO,2-aminoethanethiol dioxygenase,3,10.995475,11.417585,-0.42211,0.746332284485964,Down,0.150924441738755,0.446690387573415
Q9HAF1,MEAF6,Chromatin modification-related protein MEAF6,5,12.679225,12.467545,0.211679999999999,1.15803591711989,Up,0.151008844363231,0.446736528296459
Q9NW13,RBM28,RNA-binding protein 28,27,15.13352,14.90935,0.224170000000001,1.16810503018422,Up,0.151076057180968,0.446736528296459
O43829,ZBTB14,Zinc finger and BTB domain-containing protein 14,9,13.7402,13.528495,0.211705,1.15805598452703,Up,0.151142816957313,0.446736528296459
Q8TAF3,WDR48,WD repeat-containing protein 48,23,14.18684,14.1266,0.0602400000000003,1.04263919499528,Up,0.15121677970242,0.446755340658602
P28066,PSMA5,Proteasome subunit alpha type-5,7,14.427105,14.351495,0.0756100000000011,1.05380651200788,Up,0.151605794347404,0.447704510653259
P08237,PFKM,"ATP-dependent 6-phosphofructokinase, muscle type",18,14.902925,15.01519,-0.112265,0.9251344800255,Down,0.151790466030441,0.44793673408775
Q14541,HNF4G,Hepatocyte nuclear factor 4-gamma,4,11.53435,10.8395,0.694849999999999,1.61871612306767,Up,0.151845651292807,0.44793673408775
P55055,NR1H2,Oxysterols receptor LXR-beta,8,14.391165,13.96532,0.425845000000001,1.34335909040517,Up,0.151963029467323,0.44793673408775
Q9UHQ4,BCAP29,B-cell receptor-associated protein 29,2,12.25569,11.719285,0.536405000000002,1.45035392577314,Up,0.151986212750155,0.44793673408775
P30566,ADSL,Adenylosuccinate lyase,5,12.337965,13.02746,-0.689495,0.620070861172481,Down,0.152045247818964,0.44793673408775
P49759,CLK1,Dual specificity protein kinase CLK1,9,13.384185,13.10522,0.278965000000001,1.21332412446478,Up,0.152122165115062,0.44793673408775
O75648,TRMU,Mitochondrial tRNA-specific 2-thiouridylase 1,4,11.20515,10.68065,0.5245,1.43843497004134,Up,0.152158869424572,0.44793673408775
Q9C0C2,TNKS1BP1,182 kDa tankyrase-1-binding protein,49,13.545105,13.63478,-0.089675,0.939734422007206,Down,0.152294732799758,0.448137083291898
P59923,ZNF445,Zinc finger protein 445,7,13.164075,13.910785,-0.74671,0.59596107098106,Down,0.152375420386305,0.448174968105514
Q9P209,CEP72,Centrosomal protein of 72 kDa,6,12.028965,12.36694,-0.337975,0.791151010668977,Down,0.152501672895991,0.448346777655518
Q99611,SEPHS2,"Selenide, water dikinase 2",1,8.369479,10.319923,-1.950444,0.25873659061902,Down,0.152575365240517,0.448363979046055
Q8WUZ0,BCL7C,B-cell CLL/lymphoma 7 protein family member C,2,14.27917,13.654255,0.624915000000001,1.54211996486234,Up,0.152683111875562,0.448481193949149
A6NFI3,ZNF316,Zinc finger protein 316,9,12.25162,12.025705,0.225914999999999,1.16951875688859,Up,0.152828683687233,0.448709360501519
Q9BXF6,RAB11FIP5,Rab11 family-interacting protein 5,4,11.33729,10.92433,0.412959999999998,1.33141469807085,Up,0.153106987105354,0.44930789569557
Q9BUA3,SPINDOC,Spindlin interactor and repressor of chromatin-binding protein,7,13.93555,13.68089,0.254659999999999,1.19305454268432,Up,0.15316851097021,0.44930789569557
O43516,WIPF1,WAS/WASL-interacting protein family member 1,3,11.386595,10.947575,0.439019999999999,1.35568312042839,Up,0.153408129617646,0.449782601352556
Q92597,NDRG1,Protein NDRG1,5,11.40482,11.920505,-0.515685,0.699460745909607,Down,0.153466449697384,0.449782601352556
P35613,BSG,Basigin,5,16.24968,16.030505,0.219175,1.16406772813466,Up,0.153629146306166,0.450059852809153
Q86U42,PABPN1,Polyadenylate-binding protein 2,3,16.96216,16.736145,0.226014999999997,1.16959982456104,Up,0.153728443532842,0.450151211036134
P63279,UBE2I,SUMO-conjugating enzyme UBC9,5,17.34182,17.53047,-0.18865,0.877426387883645,Down,0.154001633695957,0.450751460184492
Q9UPY8,MAPRE3,Microtubule-associated protein RP/EB family member 3,4,10.78138,11.66928,-0.8879,0.540400157406069,Down,0.154316758419014,0.451411927710475
Q92797,SYMPK,Symplekin,57,16.31271,16.181975,0.130734999999998,1.09485134564471,Up,0.154363891152319,0.451411927710475
P10155,RO60,RNA-binding protein RO60,14,16.3851,16.80138,-0.41628,0.749354351164092,Down,0.154489304122085,0.451548160756009
P09234,SNRPC,U1 small nuclear ribonucleoprotein C,2,17.061335,16.848775,0.21256,1.15874249920597,Up,0.154547123563337,0.451548160756009
Q9HD34,LYRM4,LYR motif-containing protein 4,3,15.440055,14.970895,0.469160000000002,1.38430323167974,Up,0.154843689794712,0.452214735242266
Q8IYI6,EXOC8,Exocyst complex component 8,10,13.737645,13.923475,-0.18583,0.879143148659652,Down,0.155076254466277,0.452601587354675
Q92905,COPS5,COP9 signalosome complex subunit 5,8,13.976065,13.714245,0.26182,1.19899031064298,Up,0.155113117772483,0.452601587354675
Q13129,RLF,Zinc finger protein Rlf,21,13.65103,13.34189,0.309140000000001,1.23896892224462,Up,0.155394593755174,0.453211242279362
Q6RFH5,WDR74,WD repeat-containing protein 74,13,14.285735,13.972805,0.312929999999998,1.24222800704333,Up,0.155459205060873,0.453211242279362
P0C7P0,CISD3,"CDGSH iron-sulfur domain-containing protein 3, mitochondrial",3,10.044906,10.1994045,-0.1544985,0.898444629921042,Down,0.155802231288097,0.454010999375235
Q9HAV7,GRPEL1,"GrpE protein homolog 1, mitochondrial",5,13.41446,13.686025,-0.271565,0.828420408193501,Down,0.156026720623312,0.454464784750757
Q7LBR1,CHMP1B,Charged multivesicular body protein 1b,2,14.468225,14.781245,-0.31302,0.804954978498296,Down,0.156213854294383,0.45451508901058
Q12768,WASHC5,WASH complex subunit 5,20,14.19744,14.56601,-0.36857,0.774549850582183,Down,0.156226218409597,0.45451508901058
Q96BA8,CREB3L1,Cyclic AMP-responsive element-binding protein 3-like protein 1,1,9.576266,7.8189595,1.7573065,3.38066368204624,Up,0.156251659461176,0.45451508901058
Q8WVZ9,KBTBD7,Kelch repeat and BTB domain-containing protein 7,3,11.63629,12.05304,-0.41675,0.749110266882836,Down,0.156319079637017,0.45451508901058
O60825,PFKFB2,"6-phosphofructo-2-kinase/fructose-2,6-bisphosphatase 2",18,13.9824,14.129505,-0.147105,0.903060782586301,Down,0.156549818082985,0.454985816935114
O15160,POLR1C,DNA-directed RNA polymerases I and III subunit RPAC1,12,16.324875,16.158955,0.16592,1.12188126849856,Up,0.156736521555916,0.455141529408418
Q9P2D1,CHD7,Chromodomain-helicase-DNA-binding protein 7,72,15.86168,15.77953,0.0821499999999986,1.05859445341764,Up,0.156741128905063,0.455141529408418
Q9BWH2,FUNDC2,FUN14 domain-containing protein 2,5,14.35422,14.190775,0.163444999999999,1.11995828707076,Up,0.15686466815279,0.455300215995515
Q96QU8,XPO6,Exportin-6,3,12.14691,13.387205,-1.240295,0.423286094460494,Down,0.15711865062331,0.455595083061529
Q8NHU6,TDRD7,Tudor domain-containing protein 7,14,12.1628,12.43054,-0.26774,0.830619703446458,Down,0.157156318555713,0.455595083061529
O43709,BUD23,18S rRNA (guanine-N(7))-methyltransferase,8,15.33048,14.79851,0.531970000000001,1.44590222754157,Up,0.157207261345335,0.455595083061529
P82675,MRPS5,Small ribosomal subunit protein uS5m,12,13.566735,13.407265,0.159470000000001,1.1168767579094,Up,0.157280725579028,0.455595083061529
Q15652,JMJD1C,Probable JmjC domain-containing histone demethylation protein 2C,58,13.928225,13.842025,0.0862000000000016,1.06157036365048,Up,0.157406578335001,0.455595083061529
P13010,XRCC5,X-ray repair cross-complementing protein 5,26,18.3751,18.2631,0.111999999999998,1.08072540203935,Up,0.157522279901514,0.455595083061529
P22033,MMUT,"Methylmalonyl-CoA mutase, mitochondrial",12,13.68659,13.51096,0.175629999999998,1.12945751171524,Up,0.15754084833844,0.455595083061529
Q969E2,SCAMP4,Secretory carrier-associated membrane protein 4,1,9.5905985,11.014199,-1.4236005,0.372780809999538,Down,0.157544680542452,0.455595083061529
Q06547,GABPB1,GA-binding protein subunit beta-1,3,14.36072,13.779805,0.580915000000001,1.49579762709401,Up,0.157586678753012,0.455595083061529
P13196,ALAS1,"5-aminolevulinate synthase, non-specific, mitochondrial",1,9.6315865,7.8344385,1.797148,3.47532524127633,Up,0.157672770343906,0.455644660779569
P56557,TMEM50B,Transmembrane protein 50B,1,11.428015,10.64689,0.781125000000001,1.71847039755808,Up,0.157766535112946,0.455716359511128
Q9BUJ2,HNRNPUL1,Heterogeneous nuclear ribonucleoprotein U-like protein 1,20,17.626285,17.441565,0.184720000000006,1.13659635983082,Up,0.157925075423784,0.455975021177714
O95625,ZBTB11,Zinc finger and BTB domain-containing protein 11,23,13.01805,13.358745,-0.340695,0.789660811160474,Down,0.158364726941651,0.456999021901569
O95059,RPP14,Ribonuclease P protein subunit p14,6,14.85362,14.49472,0.358899999999998,1.28244770718015,Up,0.158418029834543,0.456999021901569
Q13451,FKBP5,Peptidyl-prolyl cis-trans isomerase FKBP5,14,12.79998,12.96035,-0.16037,0.89479555824151,Down,0.158630515862044,0.457286156144662
Q96AA3,RFT1,Man(5)GlcNAc(2)-PP-dolichol translocation protein RFT1,2,11.58801,11.265855,0.322155,1.25019661376002,Up,0.158675207202064,0.457286156144662
Q6IN84,MRM1,"rRNA methyltransferase 1, mitochondrial",4,12.467385,11.98393,0.483454999999999,1.39808783401877,Up,0.158725138779824,0.457286156144662
Q9UMS4,PRPF19,Pre-mRNA-processing factor 19,15,18.743105,18.42257,0.320535,1.24879355783418,Up,0.158843220584125,0.457406683232021
P00533,EGFR,Epidermal growth factor receptor,17,13.18567,13.019585,0.166085000000001,1.12200958459443,Up,0.158905393357652,0.457406683232021
P40261,NNMT,Nicotinamide N-methyltransferase,5,12.481345,13.06618,-0.584835,0.666725587113821,Down,0.159017698183199,0.457471128429681
Q9NV06,DCAF13,DDB1- and CUL4-associated factor 13,12,14.773535,14.92459,-0.151055,0.900591645852665,Down,0.159066220779453,0.457471128429681
Q15058,KIF14,Kinesin-like protein KIF14,33,14.494985,14.56982,-0.074835,0.949450702739008,Down,0.159173310960649,0.457579996580657
Q68D10,SPTY2D1,Protein SPT2 homolog,14,15.774835,15.34985,0.424985,1.34255854384766,Up,0.159382282742906,0.457981524629507
Q9BRP1,PDCD2L,Programmed cell death protein 2-like,5,13.09187,12.57205,0.519819999999999,1.43377634960962,Up,0.159662676966265,0.458281768136433
Q9NP92,MRPS30,Large ribosomal subunit protein mL65,12,13.09582,12.68918,0.406639999999999,1.32559493936288,Up,0.159692668464907,0.458281768136433
Q10589,BST2,Bone marrow stromal antigen 2,2,13.204075,13.48339,-0.279315,0.823982155924894,Down,0.159731174643996,0.458281768136433
Q969R5,L3MBTL2,Lethal(3)malignant brain tumor-like protein 2,19,15.09597,14.80339,0.292580000000001,1.22482870563948,Up,0.15976413886917,0.458281768136433
P62310,LSM3,U6 snRNA-associated Sm-like protein LSm3,4,15.62382,15.235205,0.388615,1.30913601824735,Up,0.159874771174934,0.458400157351471
Q96B26,EXOSC8,Exosome complex component RRP43,11,15.551435,15.33345,0.217985000000001,1.16310794841006,Up,0.160164211698455,0.458874153995791
Q53GS9,USP39,Ubiquitin carboxyl-terminal hydrolase 39,22,16.33712,16.11349,0.22363,1.16766789089736,Up,0.160178948898213,0.458874153995791
Q8N766,EMC1,ER membrane protein complex subunit 1,24,15.25852,15.09013,0.16839,1.12380365689445,Up,0.160289256446106,0.458944990254309
Q9BTU6,PI4K2A,Phosphatidylinositol 4-kinase type 2-alpha,10,12.71681,12.38565,0.331160000000001,1.25802448347952,Up,0.160342560523105,0.458944990254309
P40425,PBX2,Pre-B-cell leukemia transcription factor 2,9,14.558565,14.312475,0.246090000000001,1.18598848291484,Up,0.160467834839029,0.459104727468028
Q9NP50,SINHCAF,SIN3-HDAC complex-associated factor,6,13.83761,13.48869,0.34892,1.2736068496086,Up,0.160596127775841,0.459191330835522
Q13415,ORC1,Origin recognition complex subunit 1,21,13.06127,13.36545,-0.30418,0.809902418643997,Down,0.160680297675837,0.459191330835522
P52741,ZNF134,Zinc finger protein 134,1,11.406585,11.078055,0.328530000000001,1.25573322276635,Up,0.16087516298418,0.459191330835522
P26368,U2AF2,Splicing factor U2AF 65 kDa subunit,12,19.186995,19.018895,0.168099999999999,1.12357778080967,Up,0.161005905228991,0.459191330835522
O75427,LRCH4,Leucine-rich repeat and calponin homology domain-containing protein 4,3,12.06338,11.70907,0.354309999999998,1.27837402511179,Up,0.16100835532628,0.459191330835522
Q13405,MRPL49,Large ribosomal subunit protein mL49,8,14.931715,14.526955,0.40476,1.32386865947705,Up,0.161206825599047,0.459191330835522
O00625,PIR,Pirin,4,11.41819,11.94057,-0.52238,0.696222334053144,Down,0.161236739871821,0.459191330835522
O75127,PTCD1,"Pentatricopeptide repeat-containing protein 1, mitochondrial",16,12.930505,12.56934,0.361165,1.28446270366991,Up,0.161238090442965,0.459191330835522
O60502,OGA,Protein O-GlcNAcase,8,12.566085,12.999665,-0.43358,0.740422170673782,Down,0.161249443712658,0.459191330835522
Q8WWY3,PRPF31,U4/U6 small nuclear ribonucleoprotein Prp31,15,16.06977,15.941815,0.127954999999998,1.09274365412114,Up,0.161331102798126,0.459191330835522
O14976,GAK,Cyclin-G-associated kinase,8,12.791505,13.25331,-0.461805,0.726077272610616,Down,0.161464879337984,0.459191330835522
Q9NVC6,MED17,Mediator of RNA polymerase II transcription subunit 17,24,14.627875,14.52982,0.0980549999999987,1.07032950192205,Up,0.161512813920346,0.459191330835522
Q96PK6,RBM14,RNA-binding protein 14,26,17.301425,17.76563,-0.464205,0.724870408535747,Down,0.161568432269476,0.459191330835522
Q7Z589,EMSY,BRCA2-interacting transcriptional repressor EMSY,29,13.828995,13.68173,0.147264999999999,1.10746798995597,Up,0.161615564878786,0.459191330835522
Q9H0H5,RACGAP1,Rac GTPase-activating protein 1,22,15.112245,14.94356,0.168685,1.12403347398417,Up,0.16166353428892,0.459191330835522
P13929,ENO3,Beta-enolase,2,16.62389,17.30181,-0.67792,0.625065811339999,Down,0.161755914200467,0.459191330835522
Q96JY6,PDLIM2,PDZ and LIM domain protein 2,7,12.38044,12.83739,-0.45695,0.72852480525722,Down,0.161768162775396,0.459191330835522
P48637,GSS,Glutathione synthetase,2,12.69199,13.152975,-0.460985,0.726490078214659,Down,0.161831536137087,0.459191330835522
Q13243,SRSF5,Serine/arginine-rich splicing factor 5,7,15.063755,15.172615,-0.10886,0.927320529814871,Down,0.161912444669487,0.459191330835522
Q8IX21,SLF2,SMC5-SMC6 complex localization factor protein 2,10,13.74751,13.297025,0.450484999999999,1.36649956442623,Up,0.161912927111237,0.459191330835522
O43808,SLC25A17,Peroxisomal membrane protein PMP34,5,13.42455,13.11863,0.30592,1.23620670916471,Up,0.161973986598939,0.459191330835522
Q99729,HNRNPAB,Heterogeneous nuclear ribonucleoprotein A/B,12,19.10392,18.671155,0.432765000000003,1.34981809590165,Up,0.162063776206496,0.459191330835522
Q9NX47,MARCHF5,E3 ubiquitin-protein ligase MARCHF5,9,11.34846,11.458485,-0.110025,0.926572005481923,Down,0.162224581530914,0.459191330835522
Q96BK5,PINX1,PIN2/TERF1-interacting telomerase inhibitor 1,3,12.217075,11.556855,0.660220000000001,1.5803235926587,Up,0.162262731559612,0.459191330835522
Q86SE9,PCGF5,Polycomb group RING finger protein 5,5,11.58133,11.99555,-0.41422,0.750425105921371,Down,0.162382912437515,0.459191330835522
Q9HBG6,IFT122,Intraflagellar transport protein 122 homolog,10,12.08731,12.575345,-0.488035,0.712995561092049,Down,0.162428233619631,0.459191330835522
Q6P4A7,SFXN4,Sideroflexin-4,4,12.120805,12.533125,-0.41232,0.751414051577224,Down,0.16257247016154,0.459191330835522
Q68CZ2,TNS3,Tensin-3,15,14.342375,14.80843,-0.466055,0.72394148677367,Down,0.162608726842161,0.459191330835522
P35251,RFC1,Replication factor C subunit 1,42,15.884945,16.0297,-0.144755,0.904532973266462,Down,0.162654875890597,0.459191330835522
Q8WZA0,LZIC,Protein LZIC,1,8.987598,10.4169685,-1.4293705,0.371292865816974,Down,0.162695629715014,0.459191330835522
Q99735,MGST2,Microsomal glutathione S-transferase 2,2,14.209515,13.816395,0.39312,1.31323035231141,Up,0.16270497947473,0.459191330835522
O43583,DENR,Density-regulated protein,7,15.246085,15.142275,0.103810000000001,1.0746076398973,Up,0.162805744887063,0.459191330835522
Q32MK0,MYLK3,Myosin light chain kinase 3,3,12.317905,12.817685,-0.49978,0.707214617804251,Down,0.162859984773675,0.459191330835522
P49754,VPS41,Vacuolar protein sorting-associated protein 41 homolog,5,10.6782,10.44909,0.22911,1.17211164931493,Up,0.162929418117416,0.459191330835522
Q9NZC9,SMARCAL1,SWI/SNF-related matrix-associated actin-dependent regulator of chromatin subfamily A-like protein 1,18,15.800015,16.10021,-0.300195,0.812142616736116,Down,0.162929894206279,0.459191330835522
P37275,ZEB1,Zinc finger E-box-binding homeobox 1,12,13.370235,13.12076,0.249474999999999,1.18877443856506,Up,0.163012584214194,0.459228546066329
P11169,SLC2A3,"Solute carrier family 2, facilitated glucose transporter member 3",5,11.548215,11.73087,-0.182655,0.881080046698125,Down,0.163090248303786,0.459251576923614
Q86U44,METTL3,N(6)-adenosine-methyltransferase catalytic subunit METTL3,14,13.31413,13.12223,0.1919,1.14226706818468,Up,0.163238323386794,0.459407859775063
Q9ULK4,MED23,Mediator of RNA polymerase II transcription subunit 23,34,14.97011,14.864285,0.105825000000001,1.07610958395989,Up,0.163330185901126,0.459407859775063
Q5TGY3,AHDC1,Transcription factor Gibbin,25,14.21192,14.3832,-0.17128,0.888054424438185,Down,0.163354285137146,0.459407859775063
Q96C86,DCPS,m7GpppX diphosphatase,4,10.248056,11.669659,-1.421603,0.373297305431789,Down,0.16344034487723,0.459454376560448
Q13347,EIF3I,Eukaryotic translation initiation factor 3 subunit I,15,14.089495,13.911175,0.178319999999999,1.13156542425506,Up,0.163768224640117,0.460016388407445
Q9HCE3,ZNF532,Zinc finger protein 532,21,13.0623,12.701655,0.360645000000002,1.28399981981022,Up,0.163800661603687,0.460016388407445
Q9BT92,TCHP,Trichoplein keratin filament-binding protein,4,11.021565,12.43444,-1.412875,0.375562520338347,Down,0.163902681424024,0.460016388407445
Q14139,UBE4A,Ubiquitin conjugation factor E4 A,8,11.97757,12.286675,-0.309105,0.807142328181945,Down,0.163918685837424,0.460016388407445
Q92908,GATA6,Transcription factor GATA-6,3,12.084625,11.824275,0.260349999999999,1.19776925000664,Up,0.164121568916432,0.460055889861654
P27816,MAP4,Microtubule-associated protein 4,28,16.145075,16.022765,0.122309999999999,1.08847630357138,Up,0.164146413015015,0.460055889861654
Q8N726,CDKN2A,Tumor suppressor ARF,1,11.91653,10.553845,1.362685,2.57163341161673,Up,0.164300272026278,0.460055889861654
Q8IUE6,H2AC21,Histone H2A type 2-B,3,19.304165,19.51832,-0.214155,0.862050923176271,Down,0.164396992400603,0.460055889861654
Q9H993,ARMT1,Damage-control phosphatase ARMT1,2,8.583431,10.349103,-1.765672,0.294089666927604,Down,0.164617683303606,0.460055889861654
Q96CM3,RPUSD4,"Pseudouridylate synthase RPUSD4, mitochondrial",7,16.327015,15.90398,0.423034999999999,1.34074511786523,Up,0.164647941677248,0.460055889861654
P01106,MYC,Myc proto-oncogene protein,7,15.392415,15.049625,0.342790000000001,1.26820678455886,Up,0.164725157596548,0.460055889861654
Q7Z6Z7,HUWE1,E3 ubiquitin-protein ligase HUWE1,64,13.331775,13.480055,-0.14828,0.902325586025097,Down,0.16490069331264,0.460055889861654
Q96EX3,DYNC2I2,Cytoplasmic dynein 2 intermediate chain 2,2,10.7611915,10.125078,0.6361135,1.55413680012763,Up,0.164960186991811,0.460055889861654
Q92729,PTPRU,Receptor-type tyrosine-protein phosphatase U,1,9.708357,8.2135155,1.4948415,2.81833186054759,Up,0.165002504096746,0.460055889861654
Q96Q83,ALKBH3,Alpha-ketoglutarate-dependent dioxygenase alkB homolog 3,1,9.448701,7.9494545,1.4992465,2.82695026143037,Up,0.165026374395286,0.460055889861654
O75683,SURF6,Surfeit locus protein 6,10,14.977105,15.19047,-0.213365,0.862523099695013,Down,0.165205308936074,0.460055889861654
P17174,GOT1,"Aspartate aminotransferase, cytoplasmic",11,14.678315,15.497285,-0.81897,0.566846493508121,Down,0.165240906537313,0.460055889861654
Q02241,KIF23,Kinesin-like protein KIF23,32,14.558515,14.31185,0.246665,1.18646126425389,Up,0.165309688933405,0.460055889861654
Q53G59,KLHL12,Kelch-like protein 12,2,10.747025,10.343385,0.403639999999999,1.32284130618039,Up,0.165347224078025,0.460055889861654
Q92979,EMG1,Ribosomal RNA small subunit methyltransferase NEP1,16,17.682405,17.25935,0.423055000000002,1.34076370466803,Up,0.165388881705618,0.460055889861654
Q96CP6,GRAMD1A,Protein Aster-A,5,13.68627,13.099845,0.586425,1.50152136187026,Up,0.165392334808937,0.460055889861654
Q9C0B1,FTO,Alpha-ketoglutarate-dependent dioxygenase FTO,6,10.31533,11.126845,-0.811515,0.569783204074162,Down,0.165587105432802,0.460055889861654
O15119,TBX3,T-box transcription factor TBX3,11,13.46801,13.781815,-0.313805,0.804517105102101,Down,0.165591799047715,0.460055889861654
Q99598,TSNAX,Translin-associated protein X,8,15.09185,15.191545,-0.099695,0.933230264791005,Down,0.165696391516702,0.460055889861654
Q9Y692,GMEB1,Glucocorticoid modulatory element-binding protein 1,11,16.593275,16.75547,-0.162195,0.893664363211064,Down,0.165857350628873,0.460055889861654
Q9BWD1,ACAT2,"Acetyl-CoA acetyltransferase, cytosolic",3,12.537455,13.04386,-0.506405,0.703974462759442,Down,0.165908769770532,0.460055889861654
Q9NQE9,HINT3,Adenosine 5'-monophosphoramidase HINT3,3,13.10775,12.849005,0.258744999999999,1.19643747118912,Up,0.165983673717365,0.460055889861654
Q9GZV5,WWTR1,WW domain-containing transcription regulator protein 1,4,13.039265,12.603975,0.43529,1.35218261156554,Up,0.166035952266786,0.460055889861654
Q9Y4D7,PLXND1,Plexin-D1,19,13.76798,13.557925,0.210055000000001,1.15673228127929,Up,0.166044366785422,0.460055889861654
Q9Y4W6,AFG3L2,Mitochondrial inner membrane m-AAA protease component AFG3L2,25,14.07961,13.911135,0.168474999999999,1.12386987055858,Up,0.16607020859322,0.460055889861654
P62820,RAB1A,Ras-related protein Rab-1A,6,17.28552,17.72845,-0.44293,0.735639065492044,Down,0.166172844301891,0.460055889861654
Q14554,PDIA5,Protein disulfide-isomerase A5,17,14.0815,13.94095,0.140549999999998,1.10232527629397,Up,0.166282728914485,0.460055889861654
P0CG13,CHTF8,Chromosome transmission fidelity protein 8 homolog,1,12.76472,11.7291,1.03562,2.04999444446894,Up,0.16631667459646,0.460055889861654
Q86U38,NOP9,Nucleolar protein 9,20,14.485615,14.067725,0.41789,1.33597221171577,Up,0.166329139063804,0.460055889861654
Q9HAB8,PPCS,Phosphopantothenate--cysteine ligase,3,13.09197,13.23674,-0.14477,0.904523568698149,Down,0.166385452700384,0.460055889861654
Q14CW9,ATXN7L3,Ataxin-7-like protein 3,3,11.82509,11.66854,0.156549999999999,1.11461849689964,Up,0.166385867698014,0.460055889861654
Q01664,TFAP4,Transcription factor AP-4,9,14.494205,13.950935,0.543270000000001,1.45727181641885,Up,0.166411371623531,0.460055889861654
P07305,H1-0,Histone H1.0,7,15.322355,15.69975,-0.377395,0.769826372202445,Down,0.166607623548687,0.460055889861654
Q9NUP9,LIN7C,Protein lin-7 homolog C,7,14.002735,13.700045,0.30269,1.23344210468815,Up,0.166736977383498,0.460055889861654
Q03013,GSTM4,Glutathione S-transferase Mu 4,2,10.552315,10.87627,-0.323955,0.798876834325671,Down,0.166752495035284,0.460055889861654
P60953,CDC42,Cell division control protein 42 homolog,6,16.565395,16.726425,-0.16103,0.894386303348902,Down,0.166783777438195,0.460055889861654
Q00796,SORD,Sorbitol dehydrogenase,11,14.80938,15.358245,-0.548865,0.683557686799548,Down,0.166819956484805,0.460055889861654
Q96GW9,MARS2,"Methionine--tRNA ligase, mitochondrial",5,12.80813,12.520145,0.287985000000001,1.22093381830064,Up,0.166828052449645,0.460055889861654
Q9BSF8,BTBD10,BTB/POZ domain-containing protein 10,2,10.04868,10.532,-0.48332,0.715329577236142,Down,0.166831003851363,0.460055889861654
Q9H479,FN3K,Fructosamine-3-kinase,7,16.29549,16.97099,-0.6755,0.626115186717164,Down,0.166924780085301,0.460055889861654
O00623,PEX12,Peroxisome assembly protein 12,1,11.101547,10.17803,0.923517,1.89673351639066,Up,0.167085108023506,0.460055889861654
P55201,BRPF1,Peregrin,13,13.01848,12.76491,0.25357,1.19215349410415,Up,0.167142351627131,0.460055889861654
Q9UPZ3,HPS5,BLOC-2 complex member HPS5,22,12.164535,12.48759,-0.323055,0.799375355109022,Down,0.167191442263125,0.460055889861654
P00846,MT-ATP6,ATP synthase subunit a,1,12.77116,12.98032,-0.20916,0.865040749175948,Down,0.167222701987637,0.460055889861654
Q9NY12,GAR1,H/ACA ribonucleoprotein complex subunit 1,6,17.430515,17.32456,0.105955000000002,1.07620655563097,Up,0.167250779786624,0.460055889861654
Q14146,URB2,Unhealthy ribosome biogenesis protein 2 homolog,48,16.615585,16.449875,0.165710000000004,1.12171797832717,Up,0.167266232796245,0.460055889861654
P51116,FXR2,RNA-binding protein FXR2,14,14.290465,14.025605,0.264860000000001,1.20151944769493,Up,0.167399149062317,0.460055889861654
Q9Y234,LIPT1,"Lipoyl amidotransferase LIPT1, mitochondrial",1,9.9613715,9.4959175,0.465453999999999,1.38075179218869,Up,0.167404971643936,0.460055889861654
P56589,PEX3,Peroxisomal biogenesis factor 3,6,12.819735,12.657025,0.162709999999999,1.11938785488236,Up,0.167430969077284,0.460055889861654
O15173,PGRMC2,Membrane-associated progesterone receptor component 2,4,13.796875,13.632635,0.164239999999999,1.1205756124079,Up,0.167550910687883,0.460055889861654
Q9UKL3,CASP8AP2,CASP8-associated protein 2,24,14.27871,14.437095,-0.158385,0.896027552257153,Down,0.167614854398531,0.460055889861654
Q96DN6,MBD6,Methyl-CpG-binding domain protein 6,3,11.86228,11.589675,0.272605,1.20798705954317,Up,0.167622118745175,0.460055889861654
Q96B54,ZNF428,Zinc finger protein 428,3,11.51826,11.05969,0.458570000000002,1.37417905594241,Up,0.167770055347464,0.460131829372569
P46926,GNPDA1,Glucosamine-6-phosphate deaminase 1,7,13.943375,14.57971,-0.636335,0.643345218775364,Down,0.167829253094853,0.460131829372569
P86790,CCZ1B,Vacuolar fusion protein CCZ1 homolog B,12,12.480785,12.68173,-0.200945,0.869980518426349,Down,0.167921781221874,0.460131829372569
P49281,SLC11A2,Natural resistance-associated macrophage protein 2,3,11.093895,11.563965,-0.47007,0.721929568670288,Down,0.167945440613532,0.460131829372569
O95926,SYF2,Pre-mRNA-splicing factor SYF2,7,13.98616,13.700995,0.285164999999999,1.21854962035454,Up,0.167997897454382,0.460131829372569
Q12849,GRSF1,G-rich sequence factor 1,14,16.58074,16.27088,0.30986,1.23958740379032,Up,0.168246429577904,0.460621645849365
O14681,EI24,Etoposide-induced protein 2.4 homolog,3,14.01937,13.79061,0.228759999999999,1.17182732774499,Up,0.168389433462775,0.460683887015507
Q9Y3S2,ZNF330,Zinc finger protein 330,1,10.662332,10.0522675,0.6100645,1.52632744647218,Up,0.168410378702737,0.460683887015507
O00303,EIF3F,Eukaryotic translation initiation factor 3 subunit F,8,14.5287,14.46399,0.0647100000000016,1.04587468458549,Up,0.168520856629746,0.460683887015507
Q9NP77,SSU72,RNA polymerase II subunit A C-terminal domain phosphatase SSU72,7,14.974935,15.147405,-0.17247,0.887322219077343,Down,0.168577787275532,0.460683887015507
Q5JSZ5,PRRC2B,Protein PRRC2B,22,13.804345,13.40872,0.395625000000003,1.31551253915689,Up,0.168634479170216,0.460683887015507
Q9Y6W5,WASF2,Actin-binding protein WASF2,7,13.956025,14.11057,-0.154545,0.898415672309877,Down,0.168687396970423,0.460683887015507
Q9BV86,NTMT1,N-terminal Xaa-Pro-Lys N-methyltransferase 1,5,15.119285,15.46172,-0.342435,0.788708994230826,Down,0.168759302980578,0.460689894010178
O00258,GET1,Guided entry of tail-anchored proteins factor 1,1,10.66142,11.083515,-0.422095,0.746340044298085,Down,0.168846165218171,0.46073670764942
Q8WVC0,LEO1,RNA polymerase-associated protein LEO1,7,14.915385,14.6356,0.279785,1.2140139504888,Up,0.168934600844268,0.460787774238451
Q8N1F7,NUP93,Nuclear pore complex protein Nup93,38,17.408115,17.535505,-0.12739,0.915486171967679,Down,0.169052521900191,0.460919190279851
Q9Y620,RAD54B,DNA repair and recombination protein RAD54B,14,13.50146,13.371115,0.130345000000002,1.09455541732717,Up,0.169249954168787,0.461094702206749
P46783,RPS10,Small ribosomal subunit protein eS10,8,17.50185,16.901975,0.599874999999997,1.51558524536646,Up,0.169321440832455,0.461094702206749
Q96RU7,TRIB3,Tribbles homolog 3,1,11.1626545,9.3571525,1.805502,3.49550766852524,Up,0.169378565451485,0.461094702206749
Q8N983,MRPL43,Large ribosomal subunit protein mL43,9,14.32653,14.000715,0.325815,1.2533722874139,Up,0.169395965646541,0.461094702206749
Q9BUT1,BDH2,Dehydrogenase/reductase SDR family member 6,2,10.365295,10.96617,-0.600875,0.659353933436338,Down,0.169614727504145,0.461500096366774
P61968,LMO4,LIM domain transcription factor LMO4,2,11.23754,10.82763,0.40991,1.32860292894753,Up,0.169877649724648,0.461834989945598
Q7Z2W4,ZC3HAV1,Zinc finger CCCH-type antiviral protein 1,30,13.863095,13.667725,0.195369999999999,1.1450177793085,Up,0.169894441323282,0.461834989945598
Q96JP2,MYO15B,Unconventional myosin-XVB,19,11.274775,11.616535,-0.34176,0.789078097276569,Down,0.170004947731707,0.461834989945598
Q96AX9,MIB2,E3 ubiquitin-protein ligase MIB2,6,10.63931,11.1725,-0.53319,0.69102509067361,Down,0.170103814295585,0.461834989945598
Q7Z6E9,RBBP6,E3 ubiquitin-protein ligase RBBP6,37,14.30382,14.12949,0.174329999999999,1.12844022574111,Up,0.170142334018858,0.461834989945598
Q53LP3,SOWAHC,Ankyrin repeat domain-containing protein SOWAHC,3,10.864205,10.497785,0.36642,1.289149876,Up,0.170157088896585,0.461834989945598
Q8N0T1,RBIS,Ribosomal biogenesis factor,1,15.080315,14.589015,0.491300000000001,1.40571097919739,Up,0.170400262756384,0.462209034694096
Q69YQ0,SPECC1L,Cytospin-A,28,14.100625,13.708085,0.39254,1.31270250651086,Up,0.170561760114929,0.462209034694096
Q13443,ADAM9,Disintegrin and metalloproteinase domain-containing protein 9,11,12.223495,12.016835,0.206659999999999,1.15401341907692,Up,0.170568240828797,0.462209034694096
Q5T0B9,ZNF362,Zinc finger protein 362,6,13.623275,13.92952,-0.306245,0.808743994937445,Down,0.170574646031003,0.462209034694096
Q9BXP5,SRRT,Serrate RNA effector molecule homolog,37,16.50592,16.423935,0.0819849999999995,1.05847338965023,Up,0.170813659527191,0.462279175109205
P18583,SON,Protein SON,43,15.08489,15.336815,-0.251925,0.839775148392625,Down,0.170821290282425,0.462279175109205
Q9NY33,DPP3,Dipeptidyl peptidase 3,7,11.454465,12.09933,-0.644865,0.639552633892933,Down,0.170864931737658,0.462279175109205
O14773,TPP1,Tripeptidyl-peptidase 1,2,12.74787,13.137995,-0.390125,0.763063487202915,Down,0.170929430153868,0.462279175109205
O00443,PIK3C2A,Phosphatidylinositol 4-phosphate 3-kinase C2 domain-containing subunit alpha,36,17.338805,17.578815,-0.24001,0.84673944319161,Down,0.170955429496425,0.462279175109205
P04181,OAT,"Ornithine aminotransferase, mitochondrial",6,12.91133,13.386415,-0.475085,0.719424402062073,Down,0.171020212307763,0.462279175109205
P15407,FOSL1,Fos-related antigen 1,2,11.2259205,9.82028,1.4056405,2.64935376887105,Up,0.171201734680531,0.462580647793796
Q16236,NFE2L2,Nuclear factor erythroid 2-related factor 2,4,12.51687,11.96705,0.54982,1.46390303850362,Up,0.171421934253295,0.462969930295674
Q32P44,EML3,Echinoderm microtubule-associated protein-like 3,4,10.9722,11.25865,-0.28645,0.819917125847167,Down,0.171518030136692,0.462969930295674
P30876,POLR2B,DNA-directed RNA polymerase II subunit RPB2,35,15.750665,15.652425,0.0982400000000005,1.07046676145957,Up,0.17155596297384,0.462969930295674
Q8WWK9,CKAP2,Cytoskeleton-associated protein 2,12,12.24217,11.79292,0.449250000000003,1.36533029109752,Up,0.171822049233983,0.463203976876915
Q9NS91,RAD18,E3 ubiquitin-protein ligase RAD18,17,15.00877,14.78781,0.220959999999998,1.16550888291873,Up,0.171986494411257,0.463203976876915
A6NHR9,SMCHD1,Structural maintenance of chromosomes flexible hinge domain-containing protein 1,89,16.068455,16.16335,-0.094895,0.936340392233463,Down,0.172006141968892,0.463203976876915
Q9H6E5,TUT1,Speckle targeted PIP5K1A-regulated poly(A) polymerase,7,12.773815,13.01894,-0.245125,0.843742688229721,Down,0.172061571723783,0.463203976876915
O95476,CTDNEP1,CTD nuclear envelope phosphatase 1,5,11.987915,11.743705,0.244210000000002,1.18444400805145,Up,0.172063744663043,0.463203976876915
Q9H6T0,ESRP2,Epithelial splicing regulatory protein 2,17,14.587835,14.821685,-0.23385,0.850362569430682,Down,0.172083782008071,0.463203976876915
Q9NVU0,POLR3E,DNA-directed RNA polymerase III subunit RPC5,6,11.420565,10.972455,0.44811,1.3642518499195,Up,0.172152926051259,0.463203976876915
P05386,RPLP1,Large ribosomal subunit protein P1,1,18.139345,17.91795,0.221394999999998,1.16586035900474,Up,0.172203384957873,0.463203976876915
P55081,MFAP1,Microfibrillar-associated protein 1,8,14.26323,13.96057,0.302659999999999,1.23341645624731,Up,0.172453766398173,0.463614814009302
O94842,TOX4,TOX high mobility group box family member 4,9,15.622865,15.44862,0.174245000000001,1.12837374281096,Up,0.172526865013853,0.463614814009302
P07948,LYN,Tyrosine-protein kinase Lyn,19,16.655615,17.014345,-0.35873,0.779850777824365,Down,0.172566567175501,0.463614814009302
Q8N584,TTC39C,Tetratricopeptide repeat protein 39C,2,10.2597025,8.9388465,1.320856,2.4981428912412,Up,0.17268481390775,0.46374398013666
P07686,HEXB,Beta-hexosaminidase subunit beta,11,12.909785,13.129795,-0.22001,0.858559485336262,Down,0.173154318241382,0.46448896055007
P28845,HSD11B1,11-beta-hydroxysteroid dehydrogenase 1,1,8.3105005,9.762924,-1.4524235,0.365407081898532,Down,0.173178373653113,0.46448896055007
P50402,EMD,Emerin,10,14.561725,14.80123,-0.239505,0.847035887176255,Down,0.17332495268859,0.46448896055007
Q15047,SETDB1,Histone-lysine N-methyltransferase SETDB1,25,13.32504,13.133075,0.191965000000001,1.1423185336919,Up,0.173595618422857,0.46448896055007
Q9NV70,EXOC1,Exocyst complex component 1,16,13.990855,14.22472,-0.233865,0.850353728080382,Down,0.173595985873195,0.46448896055007
Q9Y6K9,IKBKG,NF-kappa-B essential modulator,3,11.1481015,9.8973065,1.250795,2.37972522112301,Up,0.173652352917448,0.46448896055007
Q03112,MECOM,Histone-lysine N-methyltransferase MECOM,5,10.943225,10.524425,0.418799999999999,1.3368151606271,Up,0.173685212747784,0.46448896055007
Q5VZL5,ZMYM4,Zinc finger MYM-type protein 4,39,14.39693,14.495405,-0.098475,0.934019774995248,Down,0.173802668993819,0.46448896055007
Q7Z5Y7,KCTD20,BTB/POZ domain-containing protein KCTD20,2,11.63427,11.87281,-0.23854,0.847602648022847,Down,0.173827229456256,0.46448896055007
Q5VW32,BROX,BRO1 domain-containing protein BROX,3,11.21312,11.8572,-0.64408,0.6399007223078,Down,0.173850649804346,0.46448896055007
P49642,PRIM1,DNA primase small subunit,14,14.834085,14.946015,-0.11193,0.925349325177937,Down,0.173944578476551,0.46448896055007
P05166,PCCB,"Propionyl-CoA carboxylase beta chain, mitochondrial",3,11.156845,11.67365,-0.516805,0.698917947877454,Down,0.17398063521591,0.46448896055007
P42771,CDKN2A,Cyclin-dependent kinase inhibitor 2A,4,12.09366,12.28184,-0.18818,0.877712281694892,Down,0.174041360369904,0.46448896055007
Q96EY4,TMA16,Translation machinery-associated protein 16,4,13.143185,12.634565,0.508619999999999,1.42268868147265,Up,0.174182272585619,0.46448896055007
Q9BZL1,UBL5,Ubiquitin-like protein 5,4,14.47656,14.28467,0.191889999999999,1.14225915062014,Up,0.1741883458522,0.46448896055007
Q8N653,LZTR1,Leucine-zipper-like transcriptional regulator 1,11,12.383745,12.79035,-0.406605,0.754396558669904,Down,0.174207699582118,0.46448896055007
Q9Y4R8,TELO2,Telomere length regulation protein TEL2 homolog,4,11.712545,13.53332,-1.820775,0.283068868972712,Down,0.174240462435753,0.46448896055007
P06493,CDK1,Cyclin-dependent kinase 1,18,17.248695,17.53683,-0.288135,0.818960060193547,Down,0.174355174508162,0.46448896055007
O75674,TOM1L1,TOM1-like protein 1,4,12.162665,12.000615,0.162050000000001,1.11887587764676,Up,0.174483592608616,0.46448896055007
O43491,EPB41L2,Band 4.1-like protein 2,28,13.758165,13.56977,0.188395,1.13949532051383,Up,0.174560444538446,0.46448896055007
P49903,SEPHS1,"Selenide, water dikinase 1",8,16.10195,16.308455,-0.206505,0.866634154379772,Down,0.174562871801672,0.46448896055007
P62318,SNRPD3,Small nuclear ribonucleoprotein Sm D3,5,19.09607,18.948025,0.148044999999996,1.10806690973135,Up,0.174661837501353,0.46448896055007
Q8WU76,SCFD2,Sec1 family domain-containing protein 2,4,10.97915,10.62421,0.354939999999999,1.27893239086852,Up,0.174709977919229,0.46448896055007
Q9BYD6,MRPL1,Large ribosomal subunit protein uL1m,6,13.43425,13.127295,0.306955,1.23709389111895,Up,0.174759807752475,0.46448896055007
P04004,VTN,Vitronectin,3,15.255605,14.620495,0.635109999999999,1.55305616010271,Up,0.17478968693644,0.46448896055007
O60443,GSDME,Gasdermin-E,5,10.0375915,10.691348,-0.6537565,0.635623116920235,Down,0.174864653406467,0.46448896055007
Q9UJX6,ANAPC2,Anaphase-promoting complex subunit 2,20,14.126125,13.996155,0.12997,1.09427094629952,Up,0.175039357882848,0.46448896055007
P31483,TIA1,Cytotoxic granule associated RNA binding protein TIA1,6,15.734955,15.38307,0.351884999999999,1.27622703425966,Up,0.175228160792992,0.46448896055007
Q0JRZ9,FCHO2,F-BAR domain only protein 2,13,14.79907,14.533665,0.265405000000001,1.20197342568865,Up,0.175510283783841,0.46448896055007
P05787,KRT8,"Keratin, type II cytoskeletal 8",39,20.17958,21.15057,-0.97099,0.510155865742973,Down,0.175551272312672,0.46448896055007
Q96C23,GALM,Galactose mutarotase,2,10.071055,11.415507,-1.344452,0.393803544050131,Down,0.175600765774306,0.46448896055007
Q96N64,PWWP2A,PWWP domain-containing protein 2A,8,13.93159,13.510145,0.421444999999999,1.33926829124269,Up,0.175613417606463,0.46448896055007
Q9UNY4,TTF2,Transcription termination factor 2,13,12.67826,12.315355,0.362905,1.28601279800862,Up,0.17564486651386,0.46448896055007
Q68E01,INTS3,Integrator complex subunit 3,37,15.892345,15.7069,0.185445,1.13716767907944,Up,0.175645643250943,0.46448896055007
Q9Y2U8,LEMD3,Inner nuclear membrane protein Man1,30,16.58438,16.36707,0.217310000000001,1.16256388732438,Up,0.17574259152256,0.46448896055007
Q5TAQ9,DCAF8,DDB1- and CUL4-associated factor 8,4,10.0789535,10.7183135,-0.63936,0.641997684906829,Down,0.175752594423563,0.46448896055007
Q9BV94,EDEM2,ER degradation-enhancing alpha-mannosidase-like protein 2,1,11.018775,10.34151,0.677265000000002,1.59910536380404,Up,0.175789405037262,0.46448896055007
P53985,SLC16A1,Monocarboxylate transporter 1,5,14.702935,14.443565,0.259370000000001,1.19695590051463,Up,0.175857956270745,0.46448896055007
O60381,HBP1,HMG box-containing protein 1,5,11.144005,12.39794,-1.253935,0.419302983309142,Down,0.175861965382689,0.46448896055007
Q86TI2,DPP9,Dipeptidyl peptidase 9,9,13.108425,13.2858,-0.177375,0.884310546444551,Down,0.175872398657472,0.46448896055007
P10589,NR2F1,COUP transcription factor 1,2,12.78217,13.11805,-0.33588,0.792300709904657,Down,0.175905781462124,0.46448896055007
Q9BRX8,PRXL2A,Peroxiredoxin-like 2A,5,12.90147,12.661065,0.240404999999999,1.1813242416708,Up,0.175914036655595,0.46448896055007
Q6SJ93,FAM111B,Serine protease FAM111B,11,14.342775,14.57967,-0.236895,0.848569658743495,Down,0.176169266882785,0.464750782762816
Q12789,GTF3C1,General transcription factor 3C polypeptide 1,80,15.570515,15.4681,0.102415000000001,1.07356906064845,Up,0.176356689358383,0.464750782762816
O75676,RPS6KA4,Ribosomal protein S6 kinase alpha-4,18,12.925595,13.30765,-0.382055,0.767343793922519,Down,0.176411730775521,0.464750782762816
P05362,ICAM1,Intercellular adhesion molecule 1,12,13.35796,13.279275,0.0786850000000001,1.05605501968618,Up,0.176499401740796,0.464750782762816
Q7L1Q6,BZW1,eIF5-mimic protein 2,13,14.5136,14.650535,-0.136935,0.909449225718529,Down,0.176561202618849,0.464750782762816
O60503,ADCY9,Adenylate cyclase type 9,1,7.9155295,9.23826,-1.3227305,0.39977758792025,Down,0.176655361225764,0.464750782762816
Q9BYK8,HELZ2,3'-5' exoribonuclease HELZ2,20,12.658105,12.927245,-0.26914,0.829814056024462,Down,0.176675549456105,0.464750782762816
Q8N3X1,FNBP4,Formin-binding protein 4,24,15.53093,15.24092,0.290010000000002,1.22264875241805,Up,0.176690437411001,0.464750782762816
Q9NP73,ALG13,UDP-N-acetylglucosamine transferase subunit ALG13,3,11.491025,10.68969,0.801335,1.74271300276809,Up,0.17670321016785,0.464750782762816
P39748,FEN1,Flap endonuclease 1,12,16.809075,16.90951,-0.100435,0.932751706748753,Down,0.176716404461031,0.464750782762816
P43307,SSR1,Translocon-associated protein subunit alpha,3,16.19711,15.97069,0.226420000000001,1.16992820610369,Up,0.176809205208782,0.464809879564374
Q05397,PTK2,Focal adhesion kinase 1,14,12.067715,12.27429,-0.206575,0.866592106048433,Down,0.176976098632444,0.465063632549432
P30533,LRPAP1,Alpha-2-macroglobulin receptor-associated protein,7,13.689125,13.323175,0.365950000000002,1.28872996573393,Up,0.17711008263772,0.465230737739543
Q8IXB1,DNAJC10,DnaJ homolog subfamily C member 10,7,14.96292,15.066735,-0.103815,0.930568978986293,Down,0.177219244980792,0.465332534794617
P17980,PSMC3,26S proteasome regulatory subunit 6A,18,14.1588,13.885635,0.273164999999999,1.20845604574039,Up,0.17731664672571,0.465403382927014
Q04724,TLE1,Transducin-like enhancer protein 1,2,11.487591,10.2048085,1.2827825,2.43307787998344,Up,0.177503974643485,0.465545812267811
Q8N680,ZBTB2,Zinc finger and BTB domain-containing protein 2,6,15.15449,14.882095,0.272394999999999,1.20781123664681,Up,0.177511794055816,0.465545812267811
Q2M389,WASHC4,WASH complex subunit 4,9,11.407065,11.79677,-0.389705,0.763285663969589,Down,0.177600868623915,0.4655946611406
P41227,NAA10,N-alpha-acetyltransferase 10,7,13.727135,13.91602,-0.188885,0.877283475901076,Down,0.177733177663673,0.465666878791766
Q8IWY8,ZSCAN29,Zinc finger and SCAN domain-containing protein 29,2,11.0146995,9.268505,1.7461945,3.35472498166055,Up,0.177769335026725,0.465666878791766
Q15642,TRIP10,Cdc42-interacting protein 4,7,15.618885,15.8205,-0.201615,0.869576585784369,Down,0.177950067685216,0.465955624933278
O75643,SNRNP200,U5 small nuclear ribonucleoprotein 200 kDa helicase,104,16.897395,16.70617,0.191224999999999,1.14173275573148,Up,0.178275953332908,0.466376894125283
P50613,CDK7,Cyclin-dependent kinase 7,14,14.499825,14.36164,0.138185000000002,1.10051972241473,Up,0.178372567916507,0.466376894125283
Q01650,SLC7A5,Large neutral amino acids transporter small subunit 1,6,14.127305,13.87099,0.256315000000001,1.19442395075787,Up,0.178390065470575,0.466376894125283
O43396,TXNL1,Thioredoxin-like protein 1,9,13.82382,13.365895,0.457925000000001,1.37356482537958,Up,0.178442695340509,0.466376894125283
Q13887,KLF5,Krueppel-like factor 5,8,13.395695,13.81241,-0.416715,0.749128440631714,Down,0.178463786539997,0.466376894125283
Q15005,SPCS2,Signal peptidase complex subunit 2,2,15.057805,14.62521,0.432595000000001,1.34965904942919,Up,0.178702462270294,0.466816036815959
Q8WXI9,GATAD2B,Transcriptional repressor p66-beta,16,15.95816,15.78158,0.17658,1.1302014929157,Up,0.178856566886174,0.467033998637187
Q676U5,ATG16L1,Autophagy-related protein 16-1,4,11.63737,11.128985,0.508385000000001,1.42245695917337,Up,0.178952534380776,0.467100039384894
Q14643,ITPR1,"Inositol 1,4,5-trisphosphate-gated calcium channel ITPR1",65,16.81779,16.934045,-0.116255,0.922579409995785,Down,0.179050906220994,0.467172301308548
Q13724,MOGS,Mannosyl-oligosaccharide glucosidase,18,14.80865,14.89838,-0.08973,0.939698597105509,Down,0.17918329384562,0.467333223767049
P36405,ARL3,ADP-ribosylation factor-like protein 3,3,13.786865,14.29177,-0.504905,0.704706780267405,Down,0.179282618160371,0.467383601791416
P49643,PRIM2,DNA primase large subunit,14,13.054465,13.25041,-0.195945,0.873000871994493,Down,0.179344048137847,0.467383601791416
Q9UKZ1,CNOT11,CCR4-NOT transcription complex subunit 11,6,12.049895,12.237345,-0.18745,0.878156514244862,Down,0.179674138692851,0.467917036148007
Q92769,HDAC2,Histone deacetylase 2,9,16.26359,16.03834,0.225250000000003,1.1689797997741,Up,0.179765644415576,0.467917036148007
O15126,SCAMP1,Secretory carrier-associated membrane protein 1,3,11.119125,12.57012,-1.450995,0.365769072832893,Down,0.179862284958738,0.467917036148007
Q9NZJ4,SACS,Sacsin,13,12.09226,12.66983,-0.57757,0.670091494425766,Down,0.179873219058455,0.467917036148007
P69905,HBA1,Hemoglobin subunit alpha,7,17.081585,16.29952,0.782064999999999,1.71959044614324,Up,0.179902737002888,0.467917036148007
Q99583,MNT,Max-binding protein MNT,6,14.95463,14.72448,0.23015,1.17295689765713,Up,0.180114251506768,0.468105201958377
Q8WYA6,CTNNBL1,Beta-catenin-like protein 1,20,17.25544,17.064015,0.191424999999999,1.14189104447109,Up,0.180116739080065,0.468105201958377
Q96R06,SPAG5,Sperm-associated antigen 5,11,13.884655,13.45999,0.424664999999997,1.34226078785686,Up,0.180274246489268,0.468210039451173
Q5GLZ8,HERC4,Probable E3 ubiquitin-protein ligase HERC4,9,12.245145,12.709975,-0.46483,0.724556450371695,Down,0.180331016481739,0.468210039451173
Q96JC1,VPS39,Vam6/Vps39-like protein,9,13.705245,13.87559,-0.170345,0.888630152493736,Down,0.180434596922588,0.468210039451173
Q6MZP7,LIN54,Protein lin-54 homolog,16,13.70851,13.54295,0.165559999999999,1.12160135704184,Up,0.180479195321036,0.468210039451173
Q9Y5J1,UTP18,U3 small nucleolar RNA-associated protein 18 homolog,13,14.69216,14.492375,0.199785000000002,1.14852718109148,Up,0.180563330376867,0.468210039451173
Q9H773,DCTPP1,dCTP pyrophosphatase 1,3,13.5864,14.02774,-0.44134,0.736450263191266,Down,0.180582144130888,0.468210039451173
P51798,CLCN7,H(+)/Cl(-) exchange transporter 7,5,13.812145,13.417135,0.395010000000001,1.31495187472533,Up,0.180714563843936,0.468237332159373
P46734,MAP2K3,Dual specificity mitogen-activated protein kinase kinase 3,10,12.03524,12.3591,-0.32386,0.798929441284117,Down,0.180734367429045,0.468237332159373
Q9Y2V2,CARHSP1,Calcium-regulated heat-stable protein 1,3,11.950025,12.61197,-0.661945,0.632025643540733,Down,0.180829647261845,0.468300602959849
Q9BPX3,NCAPG,Condensin complex subunit 3,23,13.895685,14.075985,-0.1803,0.882519462445767,Down,0.181123219659837,0.468877147956077
Q14814,MEF2D,Myocyte-specific enhancer factor 2D,9,14.86653,14.55032,0.316210000000002,1.24505545359494,Up,0.18145155527196,0.469349540379787
Q8WXW3,PIBF1,Progesterone-induced-blocking factor 1,15,13.20993,12.981195,0.228735,1.17180702170072,Up,0.18170086947287,0.469349540379787
O94964,MTCL2,Microtubule cross-linking factor 2,2,8.367275,9.691407,-1.324132,0.399389414247467,Down,0.181723964169499,0.469349540379787
Q9BUR5,APOO,MICOS complex subunit MIC26,3,13.32283,13.585585,-0.262755,0.833494740100874,Down,0.182095710211501,0.469349540379787
Q9NW82,WDR70,WD repeat-containing protein 70,22,15.923505,16.236675,-0.31317,0.804871290007932,Down,0.182153566665188,0.469349540379787
O76021,RSL1D1,Ribosomal L1 domain-containing protein 1,13,15.989855,16.261945,-0.27209,0.828118998971692,Down,0.18220801403345,0.469349540379787
Q9Y221,NIP7,60S ribosome subunit biogenesis protein NIP7 homolog,11,17.05843,16.90789,0.150539999999999,1.10998486107659,Up,0.182382783251742,0.469349540379787
Q9H490,PIGU,Phosphatidylinositol glycan anchor biosynthesis class U protein,3,11.616145,11.198375,0.417770000000001,1.3358610932925,Up,0.182388185092915,0.469349540379787
Q96EY1,DNAJA3,"DnaJ homolog subfamily A member 3, mitochondrial",11,14.27853,14.14749,0.131039999999999,1.09508283251578,Up,0.182442150153899,0.469349540379787
Q9BQP7,MGME1,Mitochondrial genome maintenance exonuclease 1,10,12.92751,12.566695,0.360815000000002,1.28415112887014,Up,0.182442439811744,0.469349540379787
Q7L099,RUFY3,Protein RUFY3,1,10.7331475,9.9561245,0.777023,1.71359122805073,Up,0.18245603006458,0.469349540379787
Q9BQ70,TCF25,Ribosome quality control complex subunit TCF25,4,11.37608,11.16698,0.209099999999999,1.15596682929278,Up,0.182514567754161,0.469349540379787
Q5TEC6,H3-7,Histone H3-7,4,17.029505,17.635415,-0.60591,0.657056801632444,Down,0.182531920889913,0.469349540379787
Q86YH6,PDSS2,All trans-polyprenyl-diphosphate synthase PDSS2,3,10.57207,11.385265,-0.813195,0.569120084961966,Down,0.182617901297459,0.469349540379787
P32969,RPL9,Large ribosomal subunit protein uL6,4,17.253335,16.99116,0.262174999999999,1.19928537919228,Up,0.182695668127497,0.469349540379787
Q9P2K3,RCOR3,REST corepressor 3,4,13.661435,13.225075,0.436360000000001,1.35318585342983,Up,0.18275126751213,0.469349540379787
Q9Y295,DRG1,Developmentally-regulated GTP-binding protein 1,14,13.01608,12.87724,0.138839999999998,1.10101948435845,Up,0.182819337892655,0.469349540379787
Q16543,CDC37,Hsp90 co-chaperone Cdc37,7,13.337755,13.637375,-0.29962,0.812466368508901,Down,0.182856385188792,0.469349540379787
Q9NRY4,ARHGAP35,Rho GTPase-activating protein 35,20,15.44419,15.79964,-0.35545,0.781625803326951,Down,0.18295239699648,0.469349540379787
Q86TJ2,TADA2B,Transcriptional adapter 2-beta,9,13.223785,13.0419,0.181884999999999,1.13436505890862,Up,0.18298672942774,0.469349540379787
Q9BWT1,CDCA7,Cell division cycle-associated protein 7,1,10.431397,8.825161,1.606236,3.04456475917472,Up,0.183094284711218,0.469349540379787
P33552,CKS2,Cyclin-dependent kinases regulatory subunit 2,4,13.89405,13.771075,0.122975,1.08897814461934,Up,0.183193872663754,0.469349540379787
Q9Y597,KCTD3,BTB/POZ domain-containing protein KCTD3,13,12.38667,12.661795,-0.275125,0.826378714792747,Down,0.183198244656892,0.469349540379787
Q12800,TFCP2,Alpha-globin transcription factor CP2,11,14.43228,14.352175,0.0801050000000014,1.05709497361379,Up,0.183208624332711,0.469349540379787
Q9Y2D4,EXOC6B,Exocyst complex component 6B,15,13.05354,13.35904,-0.3055,0.809161733859049,Down,0.183212833230484,0.469349540379787
Q9BY32,ITPA,Inosine triphosphate pyrophosphatase,1,9.825484,11.4475605,-1.6220765,0.32486753880921,Down,0.183242490239599,0.469349540379787
Q9HCM9,TRIM39,E3 ubiquitin-protein ligase TRIM39,5,13.331995,13.196955,0.13504,1.09812325980663,Up,0.183313688723649,0.469349540379787
Q9Y266,NUDC,Nuclear migration protein nudC,11,13.230075,13.469055,-0.23898,0.847344181549304,Down,0.183323727450794,0.469349540379787
Q14147,DHX34,Probable ATP-dependent RNA helicase DHX34,20,14.869015,14.641785,0.22723,1.17058524580803,Up,0.183365185846665,0.469349540379787
Q9GZN1,ACTR6,Actin-related protein 6,5,11.987365,11.65634,0.331025,1.25790676951042,Up,0.18347793467937,0.46945631834919
O60294,LCMT2,tRNA wybutosine-synthesizing protein 4,4,10.682115,10.922505,-0.24039,0.846516444839394,Down,0.183717772871461,0.46949872100942
P51397,DAP,Death-associated protein 1,1,9.567616,10.7532135,-1.1855975,0.439642419951192,Down,0.18375468973701,0.46949872100942
Q16762,TST,Thiosulfate sulfurtransferase,6,12.5921,12.795485,-0.203385,0.868510382096109,Down,0.183898073071861,0.46949872100942
Q99816,TSG101,Tumor susceptibility gene 101 protein,11,13.31225,13.42952,-0.11727,0.921930562702346,Down,0.183941771656845,0.46949872100942
Q04695,KRT17,"Keratin, type I cytoskeletal 17",35,17.274705,18.32612,-1.051415,0.482494699937734,Down,0.183949110521008,0.46949872100942
Q6V9R5,ZNF562,Zinc finger protein 562,5,12.85588,12.487515,0.368364999999999,1.29088904241798,Up,0.183961154125691,0.46949872100942
Q3KQU3,MAP7D1,MAP7 domain-containing protein 1,5,12.60926,13.07061,-0.46135,0.726306300402876,Down,0.18399178202669,0.46949872100942
P12109,COL6A1,Collagen alpha-1(VI) chain,3,8.6354045,10.7059235,-2.070519,0.238073838614947,Down,0.184286412180167,0.469919528614477
Q9NYH9,UTP6,U3 small nucleolar RNA-associated protein 6 homolog,22,14.789275,14.948865,-0.15959,0.895279464557188,Down,0.184298898194693,0.469919528614477
Q86UW9,DTX2,Probable E3 ubiquitin-protein ligase DTX2,2,10.5211945,9.9035735,0.617621,1.53434296688656,Up,0.18445646549529,0.469965030168573
Q9BSJ6,PIMREG,Protein PIMREG,3,12.210305,11.7513,0.459004999999999,1.37459345954168,Up,0.184522494579143,0.469965030168573
Q96PM9,ZNF385A,Zinc finger protein 385A,10,12.162915,12.3576,-0.194685,0.873763653836901,Down,0.184530073125654,0.469965030168573
P10620,MGST1,Microsomal glutathione S-transferase 1,4,15.47772,15.58796,-0.11024,0.926433931854268,Down,0.184742861861659,0.470325721896651
O95425,SVIL,Supervillin,41,14.07277,14.289645,-0.216875,0.860427177715925,Down,0.18502371428292,0.470859348361886
P20700,LMNB1,Lamin-B1,33,16.882615,16.722665,0.159950000000002,1.11724841652174,Up,0.185230837930084,0.471199438950364
Q9HA64,FN3KRP,Ketosamine-3-kinase,4,10.945895,11.468525,-0.52263,0.69610169836876,Down,0.185429184188748,0.471199438950364
P07108,DBI,Acyl-CoA-binding protein,2,11.363745,12.118875,-0.75513,0.592492994035018,Down,0.185436063474966,0.471199438950364
Q15910,EZH2,Histone-lysine N-methyltransferase EZH2,19,17.200665,16.906675,0.293990000000001,1.22602636185654,Up,0.18550185537394,0.471199438950364
Q96T25,ZIC5,Zinc finger protein ZIC 5,1,11.894495,11.507485,0.38701,1.30768041265526,Up,0.185513835701142,0.471199438950364
Q8IVT2,MISP,Mitotic interactor and substrate of PLK1,27,15.25876,15.09561,0.163149999999998,1.11972930318363,Up,0.185598842184133,0.471234248173236
Q17RB0,RTL8B,Retrotransposon Gag-like protein 8B,3,9.9253035,10.7959255,-0.870622,0.546911005924126,Down,0.185783746432849,0.47152257303176
Q12765,SCRN1,Secernin-1,4,11.580095,12.012065,-0.43197,0.741248918579098,Down,0.185900077665096,0.471636703757626
Q5VT79,ANXA8L1,Annexin A8-like protein 1,9,11.66635,12.097265,-0.430915,0.741791170122047,Down,0.186100009018333,0.471853650193623
Q9Y5A9,YTHDF2,YTH domain-containing family protein 2,12,14.29161,14.00257,0.28904,1.22182697744086,Up,0.186128380398665,0.471853650193623
P06396,GSN,Gelsolin,8,11.880645,12.110035,-0.22939,0.852995478891747,Down,0.186282416982936,0.471950013626691
Q6NYC1,JMJD6,Bifunctional arginine demethylase and lysyl-hydroxylase JMJD6,7,12.366585,12.562615,-0.19603,0.872949438471765,Down,0.186309212521113,0.471950013626691
Q16540,MRPL23,Large ribosomal subunit protein uL23m,4,12.74338,12.438765,0.304615,1.2350889952394,Up,0.186456596767747,0.472142393884306
Q8WWI5,SLC44A1,Choline transporter-like protein 1,3,10.20823,10.707005,-0.498775,0.707707444276439,Down,0.186582653718793,0.47216096374437
Q7Z2Z1,TICRR,Treslin,19,13.44848,13.21902,0.22946,1.17239603987008,Up,0.186678596785115,0.47216096374437
Q9UMX3,BOK,Bcl-2-related ovarian killer protein,2,10.7826,10.256675,0.525924999999999,1.43985646413537,Up,0.18672661786039,0.47216096374437
Q14674,ESPL1,Separin,14,13.089795,12.906865,0.182929999999999,1.13518702119198,Up,0.186749698778602,0.47216096374437
Q96FQ6,S100A16,Protein S100-A16,5,14.432215,14.14461,0.287604999999999,1.22061227165269,Up,0.18709733228634,0.472693203102294
P15822,HIVEP1,Zinc finger protein 40,37,13.157435,12.86856,0.288875000000001,1.22168724595396,Up,0.187142341045635,0.472693203102294
P50213,IDH3A,"Isocitrate dehydrogenase [NAD] subunit alpha, mitochondrial",9,12.22868,12.617065,-0.388385,0.763984355039884,Down,0.187466734960818,0.472693203102294
Q15334,LLGL1,Lethal(2) giant larvae protein homolog 1,3,10.864675,11.331505,-0.46683,0.723552697759277,Down,0.187498703290883,0.472693203102294
P48382,RFX5,DNA-binding protein RFX5,20,13.37392,13.249555,0.124364999999999,1.09002785298338,Up,0.187568198410569,0.472693203102294
P55884,EIF3B,Eukaryotic translation initiation factor 3 subunit B,22,14.231345,14.183615,0.0477300000000014,1.03363727319961,Up,0.18764196334697,0.472693203102294
Q13888,GTF2H2,General transcription factor IIH subunit 2,14,14.598405,14.47218,0.126225,1.09143408178491,Up,0.187658877837203,0.472693203102294
Q5JTD0,TJAP1,Tight junction-associated protein 1,7,11.997155,11.555345,0.44181,1.35830738645125,Up,0.18780552545562,0.472693203102294
Q9NYF8,BCLAF1,Bcl-2-associated transcription factor 1,24,16.802725,16.68991,0.112815000000001,1.08133609245597,Up,0.187826431313659,0.472693203102294
P36383,GJC1,Gap junction gamma-1 protein,2,9.604277,9.4519515,0.1523255,1.111359445,Up,0.187851764895327,0.472693203102294
Q7L2H7,EIF3M,Eukaryotic translation initiation factor 3 subunit M,8,14.04284,13.761465,0.281374999999999,1.21535265770223,Up,0.188005941542046,0.472693203102294
Q16658,FSCN1,Fascin,16,15.28884,15.13558,0.15326,1.11207955650916,Up,0.188014963084939,0.472693203102294
Q8NBP7,PCSK9,Proprotein convertase subtilisin/kexin type 9,1,11.99414,13.251255,-1.257115,0.41837977015529,Down,0.188058502700012,0.472693203102294
P24468,NR2F2,COUP transcription factor 2,10,13.93285,13.964465,-0.031615,0.978324515923431,Down,0.188069230220979,0.472693203102294
P52630,STAT2,Signal transducer and activator of transcription 2,4,12.18533,12.58088,-0.39555,0.760199509790131,Down,0.188071362305817,0.472693203102294
O15067,PFAS,Phosphoribosylformylglycinamidine synthase,14,13.13988,13.755715,-0.615835,0.652552101493979,Down,0.188104573181878,0.472693203102294
P20020,ATP2B1,Plasma membrane calcium-transporting ATPase 1,19,14.14388,14.25175,-0.10787,0.927957090113338,Down,0.188184972515436,0.472715501084956
Q86T03,PIP4P1,"Type 1 phosphatidylinositol 4,5-bisphosphate 4-phosphatase",3,11.38193,11.57426,-0.19233,0.875191116832759,Down,0.188569831083802,0.473306703459257
Q86Y39,NDUFA11,NADH dehydrogenase [ubiquinone] 1 alpha subcomplex subunit 11,3,11.970785,12.40343,-0.432645,0.740902188344859,Down,0.188637130046506,0.473306703459257
Q13619,CUL4A,Cullin-4A,34,14.47276,14.647985,-0.175225,0.885629387240873,Down,0.188679544671434,0.473306703459257
Q96D53,COQ8B,"Atypical kinase COQ8B, mitochondrial",9,12.05021,12.26929,-0.21908,0.859113114279682,Down,0.188717518202216,0.473306703459257
Q9BUV8,RAB5IF,GEL complex subunit OPTI,1,12.75682,12.09032,0.666500000000001,1.58721767879986,Up,0.188778403740142,0.473306703459257
Q9UGQ3,SLC2A6,"Solute carrier family 2, facilitated glucose transporter member 6",1,9.8462705,10.671489,-0.8252185,0.564396716546273,Down,0.188892126902819,0.473412236139829
P61923,COPZ1,Coatomer subunit zeta-1,3,11.28367,11.72426,-0.44059,0.736833214040794,Down,0.189183136677045,0.473480038041817
Q9H8H0,NOL11,Nucleolar protein 11,22,15.485005,15.3548,0.130205,1.09444920616044,Up,0.189268034304941,0.473480038041817
Q15172,PPP2R5A,Serine/threonine-protein phosphatase 2A 56 kDa regulatory subunit alpha isoform,6,13.352085,13.56158,-0.209495,0.864839906308758,Down,0.18966957875774,0.473480038041817
O95373,IPO7,Importin-7,27,14.72202,14.926205,-0.204185,0.86802891118242,Down,0.189695147998185,0.473480038041817
Q9H0A8,COMMD4,COMM domain-containing protein 4,1,9.639682,10.5214325,-0.8817505,0.542708533959721,Down,0.189750985068142,0.473480038041817
Q9H4A4,RNPEP,Aminopeptidase B,14,12.309295,13.2303,-0.921005,0.528140982275592,Down,0.189773637558181,0.473480038041817
P62942,FKBP1A,Peptidyl-prolyl cis-trans isomerase FKBP1A,2,12.64259,13.15995,-0.51736,0.698649128170012,Down,0.189791731867001,0.473480038041817
Q1KMD3,HNRNPUL2,Heterogeneous nuclear ribonucleoprotein U-like protein 2,29,16.2389,16.136465,0.102435,1.07358394357896,Up,0.189804176483997,0.473480038041817
Q12874,SF3A3,Splicing factor 3A subunit 3,17,16.301,16.0373,0.2637,1.20055375339219,Up,0.189865037306033,0.473480038041817
A2RTX5,TARS3,"Threonine--tRNA ligase 2, cytoplasmic",3,11.659302,10.4281835,1.2311185,2.34748916657051,Up,0.189867570862436,0.473480038041817
P43490,NAMPT,Nicotinamide phosphoribosyltransferase,14,13.23794,13.7971,-0.55916,0.67869721583614,Down,0.189876486205147,0.473480038041817
E9PAV3,NACA,"Nascent polypeptide-associated complex subunit alpha, muscle-specific form",4,14.82651,14.94897,-0.12246,0.918619936921993,Down,0.189926806593597,0.473480038041817
P48507,GCLM,Glutamate--cysteine ligase regulatory subunit,5,11.50798,11.836275,-0.328295,0.79647721723196,Down,0.190163083748249,0.473480038041817
Q86UK7,ZNF598,E3 ubiquitin-protein ligase ZNF598,25,15.564935,15.395885,0.16905,1.12431788899214,Up,0.190244161157498,0.473480038041817
Q9NVI7,ATAD3A,ATPase family AAA domain-containing protein 3A,10,15.68358,15.910365,-0.226785,0.854537080194104,Down,0.190271494322992,0.473480038041817
Q96AV8,E2F7,Transcription factor E2F7,7,11.735905,11.301995,0.433909999999999,1.35088980901536,Up,0.190408450462592,0.473480038041817
Q6VMQ6,ATF7IP,Activating transcription factor 7-interacting protein 1,17,14.63862,14.45119,0.187429999999999,1.13873338172795,Up,0.190490129503914,0.473480038041817
O43739,CYTH3,Cytohesin-3,5,11.94001,12.10707,-0.16706,0.890655858500588,Down,0.190566125835908,0.473480038041817
O94762,RECQL5,ATP-dependent DNA helicase Q5,15,14.66993,14.53501,0.134920000000001,1.09803192428025,Up,0.190653090485787,0.473480038041817
Q9Y5T4,DNAJC15,DnaJ homolog subfamily C member 15,5,13.01521,12.73228,0.28293,1.21666332432919,Up,0.190668994704061,0.473480038041817
Q92802,N4BP2L2,NEDD4-binding protein 2-like 2,2,10.555135,10.250545,0.304590000000001,1.23506759296347,Up,0.190675093545781,0.473480038041817
P16989,YBX3,Y-box-binding protein 3,3,15.32956,14.93766,0.3919,1.31212030219103,Up,0.190699008773678,0.473480038041817
Q7KZI7,MARK2,Serine/threonine-protein kinase MARK2,13,13.43878,13.171815,0.266965000000003,1.20327383404011,Up,0.190711945327904,0.473480038041817
Q86VX2,COMMD7,COMM domain-containing protein 7,2,9.972543,9.4606515,0.511891500000001,1.42591847503781,Up,0.190812168808785,0.473480038041817
Q9BQA5,HINFP,Histone H4 transcription factor,3,11.428385,11.097605,0.330779999999997,1.25769316858788,Up,0.190885178369024,0.473480038041817
O75396,SEC22B,Vesicle-trafficking protein SEC22b,9,14.393355,14.436685,-0.04333,0.97041247361985,Down,0.191124656366214,0.473480038041817
Q96EX1,SMIM12,Small integral membrane protein 12,1,11.565925,10.62998,0.935945,1.91314337984679,Up,0.191175785486285,0.473480038041817
Q9BSE5,AGMAT,"Guanidino acid hydrolase, mitochondrial",3,11.90977,12.613385,-0.703615,0.614031681611916,Down,0.191197444660979,0.473480038041817
Q9Y399,MRPS2,Small ribosomal subunit protein uS2m,10,14.63198,14.180355,0.451625,1.36757978242272,Up,0.191225118467703,0.473480038041817
A0AV96,RBM47,RNA-binding protein 47,17,13.477755,13.250245,0.227509999999999,1.17081245645754,Up,0.191249948521814,0.473480038041817
Q92575,UBXN4,UBX domain-containing protein 4,6,13.56188,13.679915,-0.118035,0.921441831609275,Down,0.191341443478721,0.473480038041817
Q8N554,ZNF276,Zinc finger protein 276,6,11.808685,11.89609,-0.087405,0.941214205461937,Down,0.191457568458656,0.473480038041817
Q5ZPR3,CD276,CD276 antigen,1,11.628485,10.98714,0.641344999999999,1.55978264046153,Up,0.191605057310678,0.473480038041817
Q9H2U1,DHX36,ATP-dependent DNA/RNA helicase DHX36,28,14.87469,14.977835,-0.103145,0.931001243599176,Down,0.191616253694035,0.473480038041817
Q92766,RREB1,Ras-responsive element-binding protein 1,34,15.421745,15.270535,0.151210000000001,1.11050046732085,Up,0.191660388558506,0.473480038041817
A8MT69,CENPX,Centromere protein X,2,11.600345,11.006635,0.593710000000002,1.50912258525077,Up,0.191670300292582,0.473480038041817
Q92925,SMARCD2,SWI/SNF-related matrix-associated actin-dependent regulator of chromatin subfamily D member 2,21,15.43517,15.363635,0.071534999999999,1.05083415652762,Up,0.19174335752494,0.473480038041817
Q6ZU35,CRACD,Capping protein-inhibiting regulator of actin dynamics,5,12.15966,12.43273,-0.27307,0.827556661804382,Down,0.191797067542817,0.473480038041817
Q9UI08,EVL,Ena/VASP-like protein,1,8.264574,9.5293165,-1.2647425,0.416173641645607,Down,0.191838593225262,0.473480038041817
Q15438,CYTH1,Cytohesin-1,2,7.823223,9.3958165,-1.5725935,0.336203465337406,Down,0.191840689555149,0.473480038041817
Q9NQT8,KIF13B,Kinesin-like protein KIF13B,2,12.514355,13.89026,-1.375905,0.385310925676119,Down,0.191856489919199,0.473480038041817
Q9NUQ9,CYRIB,CYFIP-related Rac1 interactor B,6,11.609135,11.853235,-0.2441,0.844342360042771,Down,0.191991754897173,0.473636994443978
O43306,ADCY6,Adenylate cyclase type 6,1,7.550546,9.1163745,-1.5658285,0.337783672694122,Down,0.192202143258659,0.47397909134197
Q86UV5,USP48,Ubiquitin carboxyl-terminal hydrolase 48,32,15.700025,15.81831,-0.118285,0.92128217174124,Down,0.192307279735939,0.474061473992846
Q9Y5A7,NUB1,NEDD8 ultimate buster 1,6,12.88257,13.378235,-0.495665,0.709234686068359,Down,0.192393082898633,0.474096153943722
O94979,SEC31A,Protein transport protein Sec31A,27,14.339515,14.460265,-0.12075,0.919709405839193,Down,0.192509300082586,0.474205726517262
Q8NB16,MLKL,Mixed lineage kinase domain-like protein,23,14.32913,14.513165,-0.184035,0.880237658605319,Down,0.192670284980716,0.474404831883949
Q01105,SET,Protein SET,7,16.785775,17.13261,-0.346835,0.786307216391914,Down,0.192733692481223,0.474404831883949
Q8N2Z9,CENPS,Centromere protein S,4,11.976645,11.732965,0.243680000000001,1.1840089611344,Up,0.192876561666254,0.474457068267897
P49321,NASP,Nuclear autoantigenic sperm protein,11,17.557185,17.95122,-0.394035,0.760998228263562,Down,0.192898493332704,0.474457068267897
Q9UNQ2,DIMT1,Dimethyladenosine transferase,14,15.232985,14.921765,0.311219999999999,1.24075648919959,Up,0.193062854680802,0.474512025894857
Q9H1B7,IRF2BPL,Probable E3 ubiquitin-protein ligase IRF2BPL,11,14.627385,14.318765,0.308620000000001,1.23852243305103,Up,0.193100259292788,0.474512025894857
Q14966,ZNF638,Zinc finger protein 638,52,16.93227,16.868395,0.0638749999999995,1.04526953057809,Up,0.193136230845388,0.474512025894857
Q9NP61,ARFGAP3,ADP-ribosylation factor GTPase-activating protein 3,7,13.43927,13.206505,0.232765000000001,1.17508490373448,Up,0.193436829776646,0.474849659265462
Q9H4A3,WNK1,Serine/threonine-protein kinase WNK1,13,13.54233,13.794985,-0.252655,0.839350331802961,Down,0.193515163914181,0.474849659265462
Q8ND04,SMG8,Nonsense-mediated mRNA decay factor SMG8,8,11.927745,12.048335,-0.12059,0.919811410532484,Down,0.19363394640779,0.474849659265462
Q8IV38,ANKMY2,Ankyrin repeat and MYND domain-containing protein 2,4,13.88783,13.48102,0.40681,1.32575115007336,Up,0.193681168127147,0.474849659265462
P49821,NDUFV1,"NADH dehydrogenase [ubiquinone] flavoprotein 1, mitochondrial",12,13.61675,13.831905,-0.215155,0.861453602049016,Down,0.193701462314305,0.474849659265462
Q9Y535,POLR3H,DNA-directed RNA polymerase III subunit RPC8,2,10.9135125,9.351249,1.5622635,2.95316814138643,Up,0.193820197161403,0.474849659265462
P49770,EIF2B2,Translation initiation factor eIF2B subunit beta,3,11.449865,11.96489,-0.515025,0.699780806415206,Down,0.193848204251369,0.474849659265462
Q9Y232,CDYL,Chromodomain Y-like protein,11,14.195355,14.13881,0.0565449999999998,1.0399722263092,Up,0.193922381328302,0.474849659265462
Q9NRE2,TSHZ2,Teashirt homolog 2,3,10.65731,11.094675,-0.437365,0.738482173109566,Down,0.193954288954772,0.474849659265462
P51153,RAB13,Ras-related protein Rab-13,6,14.62062,14.85057,-0.22995,0.852664442353589,Down,0.193992144048532,0.474849659265462
Q9H078,CLPB,Mitochondrial disaggregase,19,14.290825,14.17851,0.112315000000001,1.08096139485801,Up,0.194099752775743,0.474937158865192
Q9NP66,HMG20A,High mobility group protein 20A,8,15.238395,15.095845,0.14255,1.10385448332926,Up,0.194404682170953,0.475289323171456
P05783,KRT18,"Keratin, type I cytoskeletal 18",31,20.250095,21.150965,-0.90087,0.535563668599594,Down,0.194462748491377,0.475289323171456
O76075,DFFB,DNA fragmentation factor subunit beta,2,8.360743,9.637249,-1.276506,0.412794026805309,Down,0.194472052609879,0.475289323171456
P33240,CSTF2,Cleavage stimulation factor subunit 2,10,17.107575,16.90448,0.203095000000001,1.1511652918948,Up,0.194649937168916,0.475289323171456
Q6P2E9,EDC4,Enhancer of mRNA-decapping protein 4,45,16.38473,16.47797,-0.09324,0.937415139486704,Down,0.19467927301525,0.475289323171456
O96011,PEX11B,Peroxisomal membrane protein 11B,4,14.794745,14.587265,0.207479999999999,1.15466952445923,Up,0.194735488551268,0.475289323171456
P22830,FECH,"Ferrochelatase, mitochondrial",10,14.193025,14.35906,-0.166035,0.891288872831759,Down,0.194747085360615,0.475289323171456
Q96ME7,ZNF512,Zinc finger protein 512,14,15.40957,15.517385,-0.107815,0.927992467383919,Down,0.195290389009359,0.47613717638163
O43776,NARS1,"Asparagine--tRNA ligase, cytoplasmic",15,15.731105,15.616815,0.11429,1.08244220727013,Up,0.195336586410954,0.47613717638163
O75712,GJB3,Gap junction beta-3 protein,2,10.92132,10.291365,0.629955000000002,1.54751672323117,Up,0.195528201295739,0.47613717638163
Q9HBM6,TAF9B,Transcription initiation factor TFIID subunit 9B,12,14.129735,13.90969,0.220045000000001,1.16476991696613,Up,0.195550174899428,0.47613717638163
P61077,UBE2D3,Ubiquitin-conjugating enzyme E2 D3,2,15.364815,15.613915,-0.2491,0.841421157393727,Down,0.195573404917915,0.47613717638163
Q9UFF9,CNOT8,CCR4-NOT transcription complex subunit 8,2,11.505745,10.88324,0.622504999999999,1.53954602750758,Up,0.195595627816786,0.47613717638163
Q9P021,CRIPT,Cysteine-rich PDZ-binding protein,2,13.754375,13.436205,0.318169999999999,1.24674809620755,Up,0.19560482591024,0.47613717638163
O95551,TDP2,Tyrosyl-DNA phosphodiesterase 2,3,11.229815,11.66789,-0.438075,0.738118829970055,Down,0.195694707622868,0.47613717638163
Q14728,MFSD10,Major facilitator superfamily domain-containing protein 10,7,14.509085,14.76672,-0.257635,0.836457995949236,Down,0.195769380673522,0.47613717638163
P31689,DNAJA1,DnaJ homolog subfamily A member 1,9,14.9363,14.62074,0.315559999999998,1.24449462560349,Up,0.195814925919999,0.47613717638163
Q12834,CDC20,Cell division cycle protein 20 homolog,7,14.41237,13.726315,0.686055,1.60887807612633,Up,0.195929105922875,0.476239595823568
Q3KP31,ZNF791,Zinc finger protein 791,1,9.584299,10.0984555,-0.5141565,0.700202200115882,Down,0.196217838514026,0.476517494380772
P17028,ZNF24,Zinc finger protein 24,10,15.41804,15.243645,0.174395000000001,1.12849106827191,Up,0.196231725053609,0.476517494380772
Q92598,HSPH1,Heat shock protein 105 kDa,26,14.988,14.92737,0.0606299999999997,1.04292108703829,Up,0.19625973970411,0.476517494380772
P62304,SNRPE,Small nuclear ribonucleoprotein E,3,18.59822,18.36224,0.235980000000001,1.17770646300353,Up,0.196345688620302,0.476530737279953
Q6PKG0,LARP1,La-related protein 1,24,14.48805,14.43445,0.0536000000000012,1.03785147711818,Up,0.196454691742926,0.476530737279953
Q96L58,B3GALT6,"Beta-1,3-galactosyltransferase 6",2,13.64314,13.09809,0.54505,1.45907091090832,Up,0.196496649807853,0.476530737279953
P63272,SUPT4H1,Transcription elongation factor SPT4,3,14.65865,14.29751,0.361140000000002,1.28444044582022,Up,0.196586502721069,0.476530737279953
A3KN83,SBNO1,Protein strawberry notch homolog 1,26,14.493025,14.74365,-0.250625,0.840532203538652,Down,0.196625710480017,0.476530737279953
Q9NXE4,SMPD4,Sphingomyelin phosphodiesterase 4,20,14.07003,14.27922,-0.20919,0.86502276134628,Down,0.196911391707914,0.476961435106441
Q8WVC6,DCAKD,Dephospho-CoA kinase domain-containing protein,3,13.23203,12.67993,0.552099999999999,1.46621838418095,Up,0.197020127466865,0.476961435106441
Q9BSM1,PCGF1,Polycomb group RING finger protein 1,7,12.98676,12.847705,0.139054999999999,1.10118357782383,Up,0.197021879090573,0.476961435106441
Q15418,RPS6KA1,Ribosomal protein S6 kinase alpha-1,18,12.76508,13.19424,-0.42916,0.742694088352689,Down,0.197092098543757,0.476961435106441
P14406,COX7A2,"Cytochrome c oxidase subunit 7A2, mitochondrial",2,13.31633,14.047365,-0.731035,0.602471541269342,Down,0.197234301728025,0.477130856559486
Q04837,SSBP1,"Single-stranded DNA-binding protein, mitochondrial",7,17.256535,16.7296,0.526935000000002,1.44086482983485,Up,0.197771269289556,0.478254781827544
P35625,TIMP3,Metalloproteinase inhibitor 3,3,11.363985,10.799935,0.564049999999998,1.47841366829926,Up,0.198039373730461,0.47872795207923
Q13356,PPIL2,RING-type E3 ubiquitin-protein ligase PPIL2,16,16.986485,16.753975,0.232510000000001,1.17487722285816,Up,0.198425496823857,0.479340575576887
Q15582,TGFBI,Transforming growth factor-beta-induced protein ig-h3,1,10.9003565,9.3119205,1.588436,3.00723164081847,Up,0.19848691717031,0.479340575576887
O75478,TADA2A,Transcriptional adapter 2-alpha,9,12.703235,12.48523,0.218005,1.16312407262172,Up,0.198536741033116,0.479340575576887
O14521,SDHD,"Succinate dehydrogenase [ubiquinone] cytochrome b small subunit, mitochondrial",2,11.643155,11.455675,0.187480000000001,1.13877284790349,Up,0.198582916618175,0.479340575576887
Q6NUQ4,TMEM214,Transmembrane protein 214,21,14.789915,14.63408,0.155835,1.1140662285751,Up,0.198689865651049,0.479423629823943
Q8N5C6,SRBD1,S1 RNA-binding domain-containing protein 1,36,13.599275,13.503015,0.0962599999999973,1.06899862693216,Up,0.198941136143773,0.479854733129268
Q9H2W6,MRPL46,Large ribosomal subunit protein mL46,4,13.19226,13.05562,0.13664,1.09934179304635,Up,0.1991280195405,0.479897150501387
Q13303,KCNAB2,Voltage-gated potassium channel subunit beta-2,2,12.012335,11.217885,0.794450000000001,1.73441603517909,Up,0.199255448428992,0.479897150501387
Q5SW79,CEP170,Centrosomal protein of 170 kDa,22,12.647665,12.78902,-0.141355,0.906667200378108,Down,0.199267407898119,0.479897150501387
O60664,PLIN3,Perilipin-3,9,13.01639,13.29617,-0.27978,0.823716618198065,Down,0.199307761707343,0.479897150501387
Q9P2D0,IBTK,Inhibitor of Bruton tyrosine kinase,16,13.27091,12.958355,0.312555,1.2419051564392,Up,0.199321785160585,0.479897150501387
Q05086,UBE3A,Ubiquitin-protein ligase E3A,3,11.48313,10.99841,0.484719999999999,1.39931425863388,Up,0.199426717054163,0.479974935546599
Q9P0J7,KCMF1,E3 ubiquitin-protein ligase KCMF1,1,8.8360375,10.0719085,-1.235871,0.424586086309815,Down,0.19966069472648,0.480363134855226
P30154,PPP2R1B,Serine/threonine-protein phosphatase 2A 65 kDa regulatory subunit A beta isoform,13,13.373095,13.261715,0.11138,1.08026105872802,Up,0.199822506753571,0.480522167972559
Q9UHV7,MED13,Mediator of RNA polymerase II transcription subunit 13,38,14.283325,14.119885,0.16344,1.11995440559784,Up,0.199872210585045,0.480522167972559
Q96JN8,NEURL4,Neuralized-like protein 4,8,10.2216995,11.223195,-1.0014955,0.499481967738661,Down,0.200070313074815,0.480660482546632
Q03135,CAV1,Caveolin-1,7,13.435215,12.796735,0.638479999999999,1.55668819369611,Up,0.20011531767622,0.480660482546632
Q6P1A2,LPCAT3,Lysophospholipid acyltransferase 5,5,11.40903,11.150765,0.258265,1.19603946991768,Up,0.200147926761739,0.480660482546632
Q92995,USP13,Ubiquitin carboxyl-terminal hydrolase 13,8,12.365685,12.5822,-0.216515,0.860641909468169,Down,0.200360438390663,0.480672741267445
Q9Y5Z7,HCFC2,Host cell factor 2,19,15.776745,15.686945,0.0897999999999985,1.06422263964228,Up,0.200541873614392,0.480672741267445
Q9BRX2,PELO,Protein pelota homolog,7,13.35477,13.18923,0.16554,1.12158580845325,Up,0.200573142556186,0.480672741267445
O95274,LYPD3,Ly6/PLAUR domain-containing protein 3,1,12.27769,12.54826,-0.27057,0.828991951446141,Down,0.200573322928334,0.480672741267445
O00534,VWA5A,von Willebrand factor A domain-containing protein 5A,17,15.05222,15.41162,-0.3594,0.779488692492148,Down,0.200650410989924,0.480672741267445
Q14108,SCARB2,Lysosome membrane protein 2,4,12.482515,13.01364,-0.531125,0.692014896906322,Down,0.200681395195927,0.480672741267445
Q9H6B4,CLMP,CXADR-like membrane protein,2,12.689125,12.928945,-0.23982,0.846850964395973,Down,0.200686540707013,0.480672741267445
O75394,MRPL33,Large ribosomal subunit protein bL33m,1,11.19352,10.59953,0.59399,1.50941550601328,Up,0.200872722030502,0.480672741267445
Q92667,AKAP1,"A-kinase anchor protein 1, mitochondrial",14,14.126885,13.980715,0.14617,1.10662774491298,Up,0.200884232970437,0.480672741267445
Q96HE9,PRR11,Proline-rich protein 11,4,11.017005,10.219838,0.797167000000002,1.73768550545184,Up,0.200926174884743,0.480672741267445
P42126,ECI1,"Enoyl-CoA delta isomerase 1, mitochondrial",4,15.53964,15.724855,-0.185215,0.879517994540463,Down,0.200967624093729,0.480672741267445
O75439,PMPCB,Mitochondrial-processing peptidase subunit beta,13,15.091425,15.33114,-0.239715,0.846912600836533,Down,0.201123201105193,0.480672741267445
P41247,PNPLA4,Patatin-like phospholipase domain-containing protein 4,6,13.06089,12.810325,0.250565000000002,1.18967293320129,Up,0.201305613658976,0.480672741267445
Q8N0U8,VKORC1L1,Vitamin K epoxide reductase complex subunit 1-like protein 1,3,11.0623,11.55052,-0.48822,0.712904137944229,Down,0.201396417212379,0.480672741267445
Q9H7E9,C8orf33,UPF0488 protein C8orf33,4,12.79051,12.27744,0.513070000000001,1.42708374657335,Up,0.201418319623457,0.480672741267445
P36871,PGM1,Phosphoglucomutase-1,10,12.17208,12.65261,-0.48053,0.716714277743511,Down,0.201496103764422,0.480672741267445
O95487,SEC24B,Protein transport protein Sec24B,14,12.271745,12.536535,-0.26479,0.832319879131648,Down,0.201501692360632,0.480672741267445
Q9NVG8,TBC1D13,TBC1 domain family member 13,1,8.631535,10.1316395,-1.5001045,0.353527782276742,Down,0.201563751942108,0.480672741267445
Q9UBM7,DHCR7,7-dehydrocholesterol reductase,5,13.83637,13.632755,0.203614999999999,1.15158028870806,Up,0.201633729679026,0.480672741267445
Q8NFH4,NUP37,Nucleoporin Nup37,9,15.559055,15.633075,-0.07402,0.949987213164433,Down,0.201754411695921,0.480672741267445
P53680,AP2S1,AP-2 complex subunit sigma,6,15.82485,16.11659,-0.29174,0.816916201066657,Down,0.201842613695963,0.480672741267445
Q8N3F8,MICALL1,MICAL-like protein 1,3,10.536286,9.9033845,0.632901500000001,1.55068053637029,Up,0.201913567970423,0.480672741267445
Q562F6,SGO2,Shugoshin 2,13,13.0547,13.201665,-0.146965,0.903148420403393,Down,0.201956824034793,0.480672741267445
Q9NQ29,LUC7L,Putative RNA-binding protein Luc7-like 1,10,14.11776,14.30506,-0.1873,0.878247822748338,Down,0.2019799915924,0.480672741267445
P78344,EIF4G2,Eukaryotic translation initiation factor 4 gamma 2,29,14.87303,14.719505,0.153525,1.11228384649542,Up,0.201991869808274,0.480672741267445
Q8NDD1,FSAF1,40S small subunit processome assembly factor 1,7,14.14635,13.356925,0.789425,1.72838546065301,Up,0.202044011989857,0.480672741267445
Q9BQ95,ECSIT,"Evolutionarily conserved signaling intermediate in Toll pathway, mitochondrial",2,9.8703565,10.3726975,-0.502341,0.705960319438577,Down,0.202160725403237,0.480777342277797
Q15637,SF1,Splicing factor 1,19,18.171395,17.908175,0.263219999999997,1.20015438281764,Up,0.202394631123011,0.48105183599996
P00167,CYB5A,Cytochrome b5,3,12.569195,12.871575,-0.30238,0.810913536121159,Down,0.202549695442579,0.48105183599996
Q96RE7,NACC1,Nucleus accumbens-associated protein 1,16,14.638905,14.720055,-0.08115,0.945303826438799,Down,0.202626415068816,0.48105183599996
Q7L9L4,MOB1B,MOB kinase activator 1B,4,14.848025,15.13862,-0.290595,0.817564806836684,Down,0.202662880366181,0.48105183599996
O14964,HGS,Hepatocyte growth factor-regulated tyrosine kinase substrate,6,11.6657,11.378845,0.286855000000001,1.21997788859629,Up,0.202663355541591,0.48105183599996
Q8NEN9,PDZD8,PDZ domain-containing protein 8,10,13.302015,12.871705,0.430310000000002,1.347523096,Up,0.202727117488851,0.48105183599996
Q15404,RSU1,Ras suppressor protein 1,10,14.51714,14.32122,0.195920000000001,1.1454543787408,Up,0.202785658207881,0.48105183599996
Q5VWZ2,LYPLAL1,Lysophospholipase-like protein 1,2,9.044535,10.401336,-1.356801,0.390447099413378,Down,0.203246432831429,0.481829980986874
Q7Z392,TRAPPC11,Trafficking protein particle complex subunit 11,4,9.571496,11.098643,-1.527147,0.34696282499606,Down,0.203259492660222,0.481829980986874
Q8NAV1,PRPF38A,Pre-mRNA-splicing factor 38A,14,14.76012,14.46441,0.29571,1.22748891827435,Up,0.203410771489154,0.481854884277797
P48634,PRRC2A,Protein PRRC2A,20,15.8073,15.57619,0.231109999999999,1.17373766789476,Up,0.203477075396815,0.481854884277797
O60763,USO1,General vesicular transport factor p115,18,12.611885,13.012265,-0.40038,0.757658692755741,Down,0.203488724772179,0.481854884277797
Q9Y530,OARD1,ADP-ribose glycohydrolase OARD1,7,12.155355,12.500655,-0.3453,0.787144277498669,Down,0.20361253436732,0.481975372361611
O43151,TET3,Methylcytosine dioxygenase TET3,3,12.431245,11.829845,0.601400000000002,1.51718814093773,Up,0.203898644479866,0.482479821470618
P60201,PLP1,Myelin proteolipid protein,2,12.205745,11.73599,0.469755000000001,1.38487426732548,Up,0.204231890282387,0.482986930106615
Q9BX46,RBM24,RNA-binding protein 24,4,11.9981,11.77935,0.21875,1.16372485877758,Up,0.20435524756011,0.482986930106615
Q9NPA3,MID1IP1,Mid1-interacting protein 1,1,11.128013,9.796098,1.331915,2.51736602570153,Up,0.204480315507753,0.482986930106615
Q16563,SYPL1,Synaptophysin-like protein 1,2,12.670065,12.805605,-0.13554,0.910329034133597,Down,0.204533552677089,0.482986930106615
O60814,H2BC12,Histone H2B type 1-K,5,16.93475,17.25003,-0.31528,0.803694993508316,Down,0.204549902509511,0.482986930106615
P10809,HSPD1,"60 kDa heat shock protein, mitochondrial",37,17.60656,17.7265,-0.11994,0.920225920949216,Down,0.204610763683555,0.482986930106615
O95707,POP4,Ribonuclease P protein subunit p29,5,14.103365,13.84898,0.254384999999999,1.19282714969938,Up,0.204632465564974,0.482986930106615
Q9BVL2,NUP58,Nucleoporin p58/p45,11,15.04138,14.90965,0.131730000000001,1.0956067047511,Up,0.204833805771006,0.482986930106615
Q6UN15,FIP1L1,Pre-mRNA 3'-end-processing factor FIP1,9,16.60591,16.50313,0.102780000000003,1.07384070660919,Up,0.204886741635138,0.482986930106615
P30046,DDT,D-dopachrome decarboxylase,5,13.028645,13.441025,-0.41238,0.751382801795173,Down,0.204956661845616,0.482986930106615
O94966,USP19,Ubiquitin carboxyl-terminal hydrolase 19,10,13.320365,13.077135,0.243229999999999,1.18363970711263,Up,0.204973060034267,0.482986930106615
P31947,SFN,14-3-3 protein sigma,7,13.399855,13.775545,-0.37569,0.770736703098173,Down,0.204989913594954,0.482986930106615
Q9NWA0,MED9,Mediator of RNA polymerase II transcription subunit 9,4,12.85199,12.45292,0.399070000000002,1.31865759460576,Up,0.205271469297403,0.483320196099522
Q9UBB6,NCDN,Neurochondrin,3,9.760443,10.1548285,-0.3943855,0.760813367656631,Down,0.205277619980535,0.483320196099522
Q9H5V9,STEEP1,STING ER exit protein,6,13.29755,13.41878,-0.12123,0.919403459626633,Down,0.205442177643304,0.483502734488196
Q5JTH9,RRP12,RRP12-like protein,41,15.928815,15.78501,0.143805,1.10481514380451,Up,0.205501464847533,0.483502734488196
Q9HAP2,MLXIP,MLX-interacting protein,2,11.27925,11.68119,-0.40194,0.756839871915673,Down,0.205779711950362,0.483935216657264
Q9NUU6,OTULINL,Inactive ubiquitin thioesterase OTULINL,8,13.35574,13.443305,-0.087565,0.941109827254351,Down,0.205943445108165,0.483935216657264
P83881,RPL36A,Large ribosomal subunit protein eL42,5,15.49516,15.71062,-0.21546,0.861271501487315,Down,0.205975204563167,0.483935216657264
P60981,DSTN,Destrin,8,14.31053,14.175605,0.134924999999999,1.09803572977551,Up,0.20600922261466,0.483935216657264
O75496,GMNN,Geminin,4,13.49388,13.015775,0.478105000000001,1.39291285380982,Up,0.206052510803396,0.483935216657264
P54578,USP14,Ubiquitin carboxyl-terminal hydrolase 14,14,15.235735,15.16791,0.0678250000000009,1.04813532819722,Up,0.206180318343494,0.483935216657264
P23434,GCSH,"Glycine cleavage system H protein, mitochondrial",1,11.211955,11.748525,-0.53657,0.689408026197547,Down,0.206278536078076,0.483935216657264
Q92917,GPKOW,G-patch domain and KOW motifs-containing protein,12,15.406385,15.340065,0.066320000000001,1.04704249767774,Up,0.206356188478506,0.483935216657264
Q9BVI0,PHF20,PHD finger protein 20,11,13.342435,13.058825,0.283609999999999,1.21723692169029,Up,0.206362438526109,0.483935216657264
Q9BXJ9,NAA15,"N-alpha-acetyltransferase 15, NatA auxiliary subunit",31,15.7939,15.988275,-0.194375,0.873951424521922,Down,0.206417517893301,0.483935216657264
Q5T4S7,UBR4,E3 ubiquitin-protein ligase UBR4,42,14.171975,14.395245,-0.22327,0.856621623253037,Down,0.20655191980005,0.484078595020755
P63010,AP2B1,AP-2 complex subunit beta,40,16.41321,16.48318,-0.06997,0.952657807800175,Down,0.206731633488048,0.48413986500861
Q8N3R3,TCAIM,"T-cell activation inhibitor, mitochondrial",4,11.03729,10.58575,0.45154,1.36749921040031,Up,0.206738682159442,0.48413986500861
P59998,ARPC4,Actin-related protein 2/3 complex subunit 4,5,15.693555,15.389825,0.30373,1.23433158044313,Up,0.206811927896099,0.48413986500861
O00273,DFFA,DNA fragmentation factor subunit alpha,5,11.63844,12.12353,-0.48509,0.714452498614156,Down,0.206920090083611,0.48413986500861
Q9BTE7,DCUN1D5,DCN1-like protein 5,9,14.561585,14.734465,-0.17288,0.887070086499158,Down,0.206953068780257,0.48413986500861
P60842,EIF4A1,Eukaryotic initiation factor 4A-I,22,17.060635,17.118355,-0.05772,0.960781315460309,Down,0.207097764796203,0.48413986500861
Q9NVA2,SEPTIN11,Septin-11,18,15.45245,15.570035,-0.117585,0.921729289101707,Down,0.207159580709424,0.48413986500861
Q05D32,CTDSPL2,CTD small phosphatase-like protein 2,9,13.664095,13.493715,0.17038,1.12535485954338,Up,0.207164100203412,0.48413986500861
Q9UL15,BAG5,BAG family molecular chaperone regulator 5,12,12.620785,12.75173,-0.130945,0.913233064619184,Down,0.207314203611566,0.484151131964792
Q9Y5A6,ZSCAN21,Zinc finger and SCAN domain-containing protein 21,1,11.778415,11.16754,0.610875,1.52718517171619,Up,0.207373903773907,0.484151131964792
P22415,USF1,Upstream stimulatory factor 1,4,14.60474,14.180845,0.423895,1.34154458310533,Up,0.207415399194121,0.484151131964792
Q92616,GCN1,Stalled ribosome sensor GCN1,104,14.398405,14.52189,-0.123485,0.917967511425955,Down,0.207461946697578,0.484151131964792
P31942,HNRNPH3,Heterogeneous nuclear ribonucleoprotein H3,11,19.06591,18.870245,0.195664999999998,1.14525193467194,Up,0.207696411672943,0.484527209582239
P25685,DNAJB1,DnaJ homolog subfamily B member 1,11,14.907115,14.788365,0.11875,1.08579368631099,Up,0.207936857177564,0.484916968626155
Q96HY6,DDRGK1,DDRGK domain-containing protein 1,4,12.28192,12.05041,0.23151,1.17406314219508,Up,0.20804738273276,0.4849341728333
P47914,RPL29,Large ribosomal subunit protein eL29,1,16.258235,16.41326,-0.155025,0.898116809570728,Down,0.208135237036884,0.4849341728333
Q8TED1,GPX8,Probable glutathione peroxidase 8,6,13.69774,13.40498,0.292759999999999,1.22498153275465,Up,0.20825793695312,0.4849341728333
O95571,ETHE1,"Persulfide dioxygenase ETHE1, mitochondrial",6,12.21934,12.76941,-0.55007,0.682986988837837,Down,0.208260204318547,0.4849341728333
Q9Y3L5,RAP2C,Ras-related protein Rap-2c,8,13.44487,13.82358,-0.37871,0.769125003977627,Down,0.208311108590367,0.4849341728333
Q8WU20,FRS2,Fibroblast growth factor receptor substrate 2,3,12.85743,12.2851,0.572330000000001,1.48692306218941,Up,0.208509778860058,0.485007552504993
O15164,TRIM24,Transcription intermediary factor 1-alpha,13,12.715925,12.563425,0.152499999999998,1.11149387633353,Up,0.208599320947625,0.485007552504993
O95391,SLU7,Pre-mRNA-splicing factor SLU7,16,13.138215,12.969705,0.168509999999999,1.12389713614244,Up,0.208653682786771,0.485007552504993
Q9UBQ7,GRHPR,Glyoxylate reductase/hydroxypyruvate reductase,6,12.87343,13.68477,-0.81134,0.569852323399941,Down,0.208830546365328,0.485007552504993
Q86TG7,PEG10,Retrotransposon-derived protein PEG10,7,12.099035,12.312465,-0.21343,0.862484239965868,Down,0.208942179834765,0.485007552504993
Q92959,SLCO2A1,Solute carrier organic anion transporter family member 2A1,3,9.885237,9.2886255,0.596611500000002,1.51216073619532,Up,0.209056549601152,0.485007552504993
Q4LE39,ARID4B,AT-rich interactive domain-containing protein 4B,20,14.188185,14.04777,0.140415000000001,1.10222213117621,Up,0.209480606472111,0.485007552504993
P48147,PREP,Prolyl endopeptidase,5,9.60844,10.108399,-0.499959,0.707126876764036,Down,0.20959654958027,0.485007552504993
Q9Y4C4,MFHAS1,Malignant fibrous histiocytoma-amplified sequence 1,2,14.39816,13.79902,0.599140000000002,1.51481330714501,Up,0.209797399224115,0.485007552504993
Q86XA9,HEATR5A,HEAT repeat-containing protein 5A,13,12.66265,12.84033,-0.17768,0.884123614209495,Down,0.209884206707971,0.485007552504993
Q68CQ7,GLT8D1,Glycosyltransferase 8 domain-containing protein 1,3,10.440405,10.646585,-0.20618,0.866829405503057,Down,0.209941192384449,0.485007552504993
Q8WXH0,SYNE2,Nesprin-2,57,13.2013,13.53624,-0.33494,0.792817108261251,Down,0.210008800108706,0.485007552504993
Q8WVY7,UBLCP1,Ubiquitin-like domain-containing CTD phosphatase 1,9,12.29647,12.77923,-0.48276,0.715607295193086,Down,0.210051456699879,0.485007552504993
Q9Y613,FHOD1,FH1/FH2 domain-containing protein 1,21,15.702945,15.91579,-0.212845,0.862834040565327,Down,0.210193798296416,0.485007552504993
Q9NVV4,MTPAP,"Poly(A) RNA polymerase, mitochondrial",13,14.57045,14.41862,0.15183,1.11097780884868,Up,0.210197506074135,0.485007552504993
Q9H6V9,LDAH,Lipid droplet-associated hydrolase,4,11.95155,12.177975,-0.226425,0.85475034198934,Down,0.210292986529528,0.485007552504993
Q5JSH3,WDR44,WD repeat-containing protein 44,13,15.277975,15.777635,-0.49966,0.707273444708966,Down,0.210305925369065,0.485007552504993
O14832,PHYH,"Phytanoyl-CoA dioxygenase, peroxisomal",3,11.191995,10.942385,0.249610000000001,1.18888568318264,Up,0.210335636089667,0.485007552504993
O95721,SNAP29,Synaptosomal-associated protein 29,4,13.37519,13.168435,0.206755000000001,1.15408941218796,Up,0.210358931309605,0.485007552504993
Q9NY35,CLDND1,Claudin domain-containing protein 1,5,13.976975,13.420915,0.556059999999999,1.47024848103292,Up,0.210376854017347,0.485007552504993
Q92541,RTF1,RNA polymerase-associated protein RTF1 homolog,9,13.25173,13.502255,-0.250525,0.840590466810584,Down,0.210402827113611,0.485007552504993
O60869,EDF1,Endothelial differentiation-related factor 1,7,16.45255,16.312445,0.140105000000002,1.10198531594963,Up,0.210421794002938,0.485007552504993
Q5VYV7,SLX4IP,Protein SLX4IP,5,12.375685,11.836395,0.539290000000001,1.45325714332966,Up,0.210482157178241,0.485007552504993
Q3LXA3,TKFC,Triokinase/FMN cyclase,6,10.61988,11.185165,-0.565285,0.675821896774229,Down,0.210483005102654,0.485007552504993
Q9UFN0,NIPSNAP3A,Protein NipSnap homolog 3A,9,12.45236,12.301635,0.150725,1.11012720603523,Up,0.210521106761662,0.485007552504993
Q5JPH6,EARS2,"Nondiscriminating glutamyl-tRNA synthetase EARS2, mitochondrial",10,14.61772,14.403395,0.214325000000001,1.16016097782081,Up,0.210535870418778,0.485007552504993
P23588,EIF4B,Eukaryotic translation initiation factor 4B,13,15.176005,14.96615,0.209855000000001,1.156571935,Up,0.210582089544576,0.485007552504993
Q9UK53,ING1,Inhibitor of growth protein 1,2,13.059545,12.88406,0.175485,1.12934399977765,Up,0.21066292428219,0.485007552504993
P52788,SMS,Spermine synthase,6,12.635635,13.428785,-0.79315,0.577082705151619,Down,0.210746266669961,0.485007552504993
O95218,ZRANB2,Zinc finger Ran-binding domain-containing protein 2,10,13.94045,14.22075,-0.2803,0.823419774135229,Down,0.210768646867909,0.485007552504993
Q2M296,MTHFSD,Methenyltetrahydrofolate synthase domain-containing protein,3,11.874575,11.329595,0.544980000000001,1.45900011806361,Up,0.210796597969209,0.485007552504993
P35244,RPA3,Replication protein A 14 kDa subunit,6,14.64082,14.583715,0.057105,1.04037598280294,Up,0.210890105229763,0.485007552504993
O15297,PPM1D,Protein phosphatase 1D,13,14.64857,14.357345,0.291224999999999,1.22367886890143,Up,0.210909918341983,0.485007552504993
O95219,SNX4,Sorting nexin-4,3,11.675465,12.105565,-0.4301,0.74221033743122,Down,0.210924331078927,0.485007552504993
Q9NX24,NHP2,H/ACA ribonucleoprotein complex subunit 2,2,15.999695,15.591595,0.408099999999999,1.32693711368149,Up,0.210978888068577,0.485007552504993
P27348,YWHAQ,14-3-3 protein theta,9,15.908345,16.2438,-0.335455,0.792534146213055,Down,0.210984523142965,0.485007552504993
Q9UPT9,USP22,Ubiquitin carboxyl-terminal hydrolase 22,8,13.924545,13.4276,0.496945,1.41122204223128,Up,0.211148418385336,0.485215541414703
Q06546,GABPA,GA-binding protein alpha chain,12,14.3882,14.32262,0.0655800000000006,1.04650557701973,Up,0.211231094658187,0.485236810773707
Q9NRP2,CMC2,COX assembly mitochondrial protein 2 homolog,3,13.874375,13.646735,0.227640000000001,1.1709179621069,Up,0.211419356564794,0.48550053076328
Q8TBK6,ZCCHC10,Zinc finger CCHC domain-containing protein 10,1,11.19067,10.996505,0.194165000000002,1.14406181125285,Up,0.211550020136206,0.485616153208301
Q8IYQ7,THNSL1,Threonine synthase-like 1,2,12.169725,10.90396,1.265765,2.40454679026005,Up,0.21168128695591,0.485616153208301
Q8N3V7,SYNPO,Synaptopodin,17,14.05803,13.996085,0.0619449999999997,1.0438721310268,Up,0.211690140322759,0.485616153208301
P28838,LAP3,Cytosol aminopeptidase,7,12.763925,13.140685,-0.37676,0.770165284674802,Down,0.211822487392295,0.485751151691769
Q9BYC9,MRPL20,Large ribosomal subunit protein bL20m,4,13.071975,12.771435,0.30054,1.23160531630805,Up,0.211930023320496,0.485829179370502
P01033,TIMP1,Metalloproteinase inhibitor 1,2,10.859765,10.475295,0.38447,1.30538014409136,Up,0.212322651109723,0.486471152294009
Q99439,CNN2,Calponin-2,7,14.509905,14.73521,-0.225305,0.855414163550973,Down,0.212630666493637,0.486471152294009
O95379,TNFAIP8,Tumor necrosis factor alpha-induced protein 8,2,10.0366235,10.760974,-0.7243505,0.605269475050233,Down,0.212692720247469,0.486471152294009
Q15291,RBBP5,Retinoblastoma-binding protein 5,22,15.87385,15.72078,0.15307,1.11193310753915,Up,0.21269729388859,0.486471152294009
Q68DK2,ZFYVE26,Zinc finger FYVE domain-containing protein 26,2,10.6848895,9.4639115,1.220978,2.33104684930996,Up,0.212723214029136,0.486471152294009
Q14493,SLBP,Histone RNA hairpin-binding protein,1,12.244515,12.578265,-0.33375,0.793471329382232,Down,0.212789550407231,0.486471152294009
O95402,MED26,Mediator of RNA polymerase II transcription subunit 26,10,12.927855,12.80623,0.121625000000002,1.08795961136289,Up,0.212828217467116,0.486471152294009
Q8NFW8,CMAS,N-acylneuraminate cytidylyltransferase,16,15.615995,15.47769,0.138305000000001,1.10061126487895,Up,0.212862729869115,0.486471152294009
Q96GX5,MASTL,Serine/threonine-protein kinase greatwall,2,10.24941,10.78724,-0.53783,0.688806183900623,Down,0.212872533277996,0.486471152294009
P53597,SUCLG1,"Succinate--CoA ligase [ADP/GDP-forming] subunit alpha, mitochondrial",6,13.36276,13.72472,-0.36196,0.778106749956344,Down,0.213450782979626,0.487623997480937
Q9P0T4,ZNF581,Zinc finger protein 581,3,12.21415,11.83228,0.381869999999999,1.30302972919327,Up,0.213641206595091,0.487846459527756
Q9H098,FAM107B,Protein FAM107B,2,12.024195,12.618355,-0.59416,0.662430038606468,Down,0.213695793665132,0.487846459527756
O15305,PMM2,Phosphomannomutase 2,5,11.632035,12.372425,-0.74039,0.598577518531864,Down,0.21403227689463,0.488445897098278
O14495,PLPP3,Phospholipid phosphatase 3,3,12.649445,12.13935,0.510095,1.42414397094046,Up,0.214156091923999,0.48851650909303
Q8N2F6,ARMC10,Armadillo repeat-containing protein 10,4,10.973945,11.25957,-0.285625,0.82038612660895,Down,0.214211052103435,0.48851650909303
Q9NRX2,MRPL17,Large ribosomal subunit protein bL17m,7,13.82123,13.570995,0.250235,1.18940084023654,Up,0.214289093279678,0.488525911516175
Q9Y6V7,DDX49,Probable ATP-dependent RNA helicase DDX49,17,14.712565,14.584555,0.128010000000002,1.09278531368529,Up,0.214408663952555,0.488549678811729
P35637,FUS,RNA-binding protein FUS,10,20.36191,20.252225,0.109684999999999,1.07899262206462,Up,0.214526793659825,0.488549678811729
Q9UGP4,LIMD1,LIM domain-containing protein 1,3,10.718875,11.42923,-0.710355,0.611169731487071,Down,0.214574139504058,0.488549678811729
Q16222,UAP1,UDP-N-acetylhexosamine pyrophosphorylase,9,15.54057,15.737735,-0.197165,0.872262939977199,Down,0.214602352967772,0.488549678811729
P26641,EEF1G,Elongation factor 1-gamma,19,17.95014,17.82427,0.125870000000003,1.0911655486428,Up,0.214745392712235,0.488549678811729
Q86VP1,TAX1BP1,Tax1-binding protein 1,2,13.888735,13.264755,0.62398,1.54112085209726,Up,0.214783732365292,0.488549678811729
Q8WW01,TSEN15,tRNA-splicing endonuclease subunit Sen15,1,11.159065,11.53237,-0.373305,0.772011904886419,Down,0.214844884663175,0.488549678811729
P17858,PFKL,"ATP-dependent 6-phosphofructokinase, liver type",13,13.644785,14.11004,-0.465255,0.724343036496963,Down,0.214890893676153,0.488549678811729
Q6P4R8,NFRKB,Nuclear factor related to kappa-B-binding protein,33,13.539945,13.259845,0.280099999999999,1.21427904888801,Up,0.215139758671079,0.488947271340152
O43286,B4GALT5,"Beta-1,4-galactosyltransferase 5",1,12.63093,12.267585,0.363344999999999,1.28640507212824,Up,0.215320266856512,0.489012544094505
Q9Y5K8,ATP6V1D,V-type proton ATPase subunit D,2,10.19632,10.50382,-0.3075,0.808040774679383,Down,0.215494077931084,0.489012544094505
O43248,HOXC11,Homeobox protein Hox-C11,9,13.307135,13.135005,0.172129999999999,1.12672075175373,Up,0.215561404359064,0.489012544094505
P61106,RAB14,Ras-related protein Rab-14,11,16.4348,16.67244,-0.23764,0.848131575033755,Down,0.215675117977464,0.489012544094505
O60826,CCDC22,Coiled-coil domain-containing protein 22,6,11.85626,12.139195,-0.282935,0.821917217584783,Down,0.215676607877724,0.489012544094505
Q9BUZ4,TRAF4,TNF receptor-associated factor 4,17,12.75963,12.90637,-0.14674,0.90328928471335,Down,0.215698126791564,0.489012544094505
Q2TBE0,CWF19L2,CWF19-like protein 2,22,13.00899,12.970585,0.0384050000000009,1.02697780319898,Up,0.215720861223108,0.489012544094505
P00488,F13A1,Coagulation factor XIII A chain,3,12.152155,11.643485,0.50867,1.42273798895949,Up,0.215760414371248,0.489012544094505
P19838,NFKB1,Nuclear factor NF-kappa-B p105 subunit,10,13.74207,13.22939,0.51268,1.42669801887269,Up,0.216031344691562,0.489131825690075
Q9HAU5,UPF2,Regulator of nonsense transcripts 2,18,12.980405,12.9084,0.0720050000000008,1.05117655218171,Up,0.216054127184728,0.489131825690075
Q6DKK2,TTC19,"Tetratricopeptide repeat protein 19, mitochondrial",4,11.744875,11.09262,0.652255,1.57162279709394,Up,0.21609702499846,0.489131825690075
Q8IZQ5,SELENOH,Selenoprotein H,3,11.093385,10.793095,0.300289999999999,1.23139191386035,Up,0.216182928245606,0.489131825690075
Q8N5A5,ZGPAT,Zinc finger CCCH-type with G patch domain-containing protein,12,12.98497,12.855255,0.129715000000001,1.09407754823241,Up,0.216183093182132,0.489131825690075
Q92698,RAD54L,DNA repair and recombination protein RAD54-like,10,13.022115,12.89391,0.128204999999999,1.09293302857444,Up,0.216332914839483,0.489144977326713
Q5T6V5,QNG1,Queuosine 5'-phosphate N-glycosylase/hydrolase,3,12.29348,13.168695,-0.875215,0.545172615033354,Down,0.216336929751246,0.489144977326713
Q04323,UBXN1,UBX domain-containing protein 1,3,13.186095,13.667145,-0.48105,0.716455994283644,Down,0.216436935331833,0.489203729688127
P00414,MT-CO3,Cytochrome c oxidase subunit 3,1,9.655582,10.992959,-1.337377,0.395739506165118,Down,0.216535085100905,0.489258248694661
Q9Y5L4,TIMM13,Mitochondrial import inner membrane translocase subunit Tim13,3,15.5079,15.756055,-0.248155,0.841972489066026,Down,0.216874020338383,0.489856596177845
Q01831,XPC,DNA repair protein complementing XP-C cells,18,14.576745,14.389965,0.186779999999999,1.13822044589571,Up,0.21738832555499,0.490850510281152
O94901,SUN1,SUN domain-containing protein 1,18,13.46439,13.52057,-0.05618,0.961807445836912,Down,0.217486482009985,0.490893500832347
Q9Y253,POLH,DNA polymerase eta,6,12.16357,11.6535,0.510070000000001,1.42411929261983,Up,0.217623043964301,0.490893500832347
Q9UNS1,TIMELESS,Protein timeless homolog,20,12.52995,12.625085,-0.095135,0.93618463998023,Down,0.217630194800844,0.490893500832347
P13987,CD59,CD59 glycoprotein,4,13.199425,13.825595,-0.62617,0.647894133599815,Down,0.21784844852625,0.490978031736648
P98160,HSPG2,Basement membrane-specific heparan sulfate proteoglycan core protein,11,12.77942,12.371135,0.408285000000001,1.32710728069475,Up,0.217874179424117,0.490978031736648
Q86UU0,BCL9L,B-cell CLL/lymphoma 9-like protein,12,12.68317,12.198665,0.484505,1.39910573906414,Up,0.217890538218125,0.490978031736648
Q9Y3D3,MRPS16,Small ribosomal subunit protein bS16m,4,12.909215,12.758295,0.150919999999999,1.11027726507714,Up,0.218018883090683,0.491016075477086
O95684,CEP43,Centrosomal protein 43,2,14.422985,14.51172,-0.088735,0.94034691333164,Down,0.218056011730254,0.491016075477086
Q3V6T2,CCDC88A,Girdin,3,10.433489,11.563827,-1.130338,0.456808689725359,Down,0.21840133557039,0.491626167161003
Q92968,PEX13,Peroxisomal membrane protein PEX13,4,11.06034,10.632625,0.427714999999999,1.34510146158753,Up,0.218509687706384,0.4917025965446
P12814,ACTN1,Alpha-actinin-1,26,14.701175,14.56701,0.134164999999999,1.09745744582513,Up,0.218928555300974,0.492175025252424
Q14181,POLA2,DNA polymerase alpha subunit B,7,13.42133,13.624845,-0.203515,0.868432124904064,Down,0.218988174208847,0.492175025252424
O15360,FANCA,Fanconi anemia group A protein,19,18.570945,18.401245,0.169700000000002,1.12482455967634,Up,0.218994394828517,0.492175025252424
Q8IX01,SUGP2,SURP and G-patch domain-containing protein 2,35,14.598925,14.74969,-0.150765,0.900772694391028,Down,0.219055138538255,0.492175025252424
Q9BWT6,MND1,Meiotic nuclear division protein 1 homolog,7,12.82904,12.87526,-0.04622,0.968470493595424,Down,0.21909198430816,0.492175025252424
P62195,PSMC5,26S proteasome regulatory subunit 8,15,15.40779,15.23086,0.176929999999999,1.13047571477007,Up,0.219449954452601,0.492651181937675
Q96AB3,ISOC2,Isochorismatase domain-containing protein 2,3,13.733055,13.939225,-0.20617,0.866835413927466,Down,0.219506750258427,0.492651181937675
Q96IZ7,RSRC1,Serine/Arginine-related protein 53,8,14.588195,14.508075,0.0801199999999991,1.05710596450694,Up,0.21952757312853,0.492651181937675
Q06203,PPAT,Amidophosphoribosyltransferase,3,9.989982,10.4931355,-0.5031535,0.705562847169646,Down,0.219813172632129,0.492816229845762
Q5T1M5,FKBP15,FK506-binding protein 15,19,13.307525,13.51179,-0.204265,0.867980778773551,Down,0.219850642282861,0.492816229845762
A8MW92,PHF20L1,PHD finger protein 20-like protein 1,14,14.246565,14.0038,0.242765,1.1832582656033,Up,0.219878198704469,0.492816229845762
Q9HCN8,SDF2L1,Stromal cell-derived factor 2-like protein 1,5,13.03961,13.269505,-0.229895,0.852696949180697,Down,0.220024548761255,0.492816229845762
Q9BW27,NUP85,Nuclear pore complex protein Nup85,25,15.484075,15.65002,-0.165945,0.891344476059329,Down,0.220036911422928,0.492816229845762
P41240,CSK,Tyrosine-protein kinase CSK,15,14.40499,14.753885,-0.348895,0.785185262733925,Down,0.220048523872726,0.492816229845762
P29218,IMPA1,Inositol monophosphatase 1,3,10.504881,11.837553,-1.332672,0.397032221384362,Down,0.220300829918178,0.493194324518843
O75147,OBSL1,Obscurin-like protein 1,9,11.82425,11.219365,0.604884999999999,1.52085751792756,Up,0.220432578041461,0.493194324518843
O43488,AKR7A2,Aflatoxin B1 aldehyde reductase member 2,6,11.132665,11.69515,-0.562485,0.677134813743152,Down,0.220445495039805,0.493194324518843
Q96AE4,FUBP1,Far upstream element-binding protein 1,19,19.477895,19.27331,0.204584999999998,1.15235481724848,Up,0.220515846414462,0.493194324518843
A9UHW6,MIF4GD,MIF4G domain-containing protein,2,10.221665,10.638595,-0.41693,0.749016808852678,Down,0.220728983316389,0.493216677330319
Q9UKY1,ZHX1,Zinc fingers and homeoboxes protein 1,17,15.928365,15.719675,0.208689999999999,1.15563836135779,Up,0.220736799953359,0.493216677330319
Q99570,PIK3R4,Phosphoinositide 3-kinase regulatory subunit 4,20,12.29145,12.044965,0.246485000000002,1.18631324287771,Up,0.220749724851428,0.493216677330319
Q96F25,ALG14,UDP-N-acetylglucosamine transferase subunit ALG14,1,7.534783,8.8066985,-1.2719155,0.414109584743273,Down,0.220950899672171,0.493499322721656
Q13155,AIMP2,Aminoacyl tRNA synthase complex-interacting multifunctional protein 2,9,15.148795,14.78249,0.366305000000001,1.28904711899034,Up,0.221143210714363,0.493602210028663
Q5T0F9,CC2D1B,Coiled-coil and C2 domain-containing protein 1B,5,14.367715,13.921405,0.44631,1.36255078213944,Up,0.221146337402764,0.493602210028663
Q13045,FLII,Protein flightless-1 homolog,33,14.262605,14.391215,-0.12861,0.91471232788647,Down,0.221320060753194,0.493823187548231
Q5JTJ3,COA6,Cytochrome c oxidase assembly factor 6 homolog,5,15.774725,15.608,0.166725,1.12250743439217,Up,0.221581535502161,0.494198927377067
Q16270,IGFBP7,Insulin-like growth factor-binding protein 7,2,10.634708,9.2049755,1.4297325,2.6939676003775,Up,0.221638011914908,0.494198927377067
Q96PC5,MIA2,Melanoma inhibitory activity protein 2,2,12.090865,11.16872,0.922145,1.89493058416782,Up,0.22177042828394,0.494251260193576
Q64LD2,WDR25,WD repeat-containing protein 25,11,13.28865,13.19139,0.0972600000000021,1.06973985717759,Up,0.221868248719799,0.494251260193576
Q2KHT3,CLEC16A,Protein CLEC16A,3,11.588935,12.720435,-1.1315,0.45644090722656,Down,0.221907287774867,0.494251260193576
Q8IY67,RAVER1,Ribonucleoprotein PTB-binding 1,11,16.21597,16.12893,0.0870399999999982,1.06218863620945,Up,0.221960620404681,0.494251260193576
Q6NTF9,RHBDD2,Rhomboid domain-containing protein 2,2,10.576725,10.940185,-0.36346,0.77729815663496,Down,0.222116794391744,0.494351674053239
Q9NYV4,CDK12,Cyclin-dependent kinase 12,21,13.957425,13.73415,0.223275000000001,1.1673806014193,Up,0.222155314259059,0.494351674053239
Q00613,HSF1,Heat shock factor protein 1,8,12.104945,11.718795,0.386150000000001,1.30690112805432,Up,0.222467622723477,0.494880012985345
Q9P1Y6,PHRF1,PHD and RING finger domain-containing protein 1,10,13.393105,13.128585,0.264519999999999,1.20123631892075,Up,0.22257226156121,0.49494618999261
Q9NVW2,RLIM,E3 ubiquitin-protein ligase RLIM,8,12.12232,11.939625,0.182694999999999,1.13500212610559,Up,0.222655170345338,0.494964016418547
Q6P9B6,MEAK7,MTOR-associated protein MEAK7,7,10.50872,10.957505,-0.448785,0.732659614973758,Down,0.223024251598488,0.495367099979109
Q9BT78,COPS4,COP9 signalosome complex subunit 4,21,14.20878,14.002455,0.206325,1.15374548330154,Up,0.223039894875164,0.495367099979109
Q9UP83,COG5,Conserved oligomeric Golgi complex subunit 5,2,8.263484,9.4256335,-1.1621495,0.446846274108999,Down,0.22307240070138,0.495367099979109
Q00059,TFAM,"Transcription factor A, mitochondrial",13,17.3489,17.08852,0.260379999999998,1.19779415717696,Up,0.223230158378138,0.495367099979109
Q5J8M3,EMC4,ER membrane protein complex subunit 4,4,12.656505,12.392035,0.264469999999999,1.20119468796378,Up,0.22326970622627,0.495367099979109
Q8TAT5,NEIL3,Endonuclease 8-like 3,3,12.12062,11.400865,0.719754999999999,1.64690233208764,Up,0.223286214380052,0.495367099979109
P18827,SDC1,Syndecan-1,2,12.430795,11.93622,0.494575000000001,1.40890564793686,Up,0.223500839061264,0.49541599795218
Q9NVM9,INTS13,Integrator complex subunit 13,27,14.65891,14.54718,0.111729999999998,1.08052316348773,Up,0.223504433178992,0.49541599795218
Q14739,LBR,Delta(14)-sterol reductase LBR,15,16.74022,16.46035,0.279870000000003,1.21408547927542,Up,0.223533137523589,0.49541599795218
Q9NYD6,HOXC10,Homeobox protein Hox-C10,10,13.60835,13.67559,-0.06724,0.954462221060651,Down,0.224031388193183,0.496353819835315
O75608,LYPLA1,Acyl-protein thioesterase 1,3,12.22269,12.63866,-0.41597,0.749515386450034,Down,0.224209252368472,0.496499512616454
Q8IX18,DHX40,Probable ATP-dependent RNA helicase DHX40,24,13.903845,13.859625,0.0442199999999993,1.03112554559478,Up,0.224433883343246,0.496499512616454
Q9H0U6,MRPL18,Large ribosomal subunit protein uL18m,5,13.93621,13.68797,0.248239999999999,1.18775723937887,Up,0.224434960561146,0.496499512616454
P17027,ZNF23,Zinc finger protein 23,2,9.481112,8.280624,1.200488,2.29817394925697,Up,0.224437987052258,0.496499512616454
Q16706,MAN2A1,Alpha-mannosidase 2,25,16.047955,15.953435,0.0945200000000028,1.06771011042419,Up,0.224520272836402,0.496499512616454
Q8NC51,SERBP1,SERPINE1 mRNA-binding protein 1,15,15.268945,15.1708,0.0981450000000006,1.07039627463367,Up,0.224547895780085,0.496499512616454
O60341,KDM1A,Lysine-specific histone demethylase 1A,34,16.294435,16.217795,0.0766399999999976,1.05455913694406,Up,0.224773652203042,0.49668401248689
P51532,SMARCA4,Transcription activator BRG1,26,15.176095,14.94518,0.230915,1.17357903188965,Up,0.224781643417807,0.49668401248689
Q8IX12,CCAR1,Cell division cycle and apoptosis regulator protein 1,31,17.58975,17.416815,0.172935000000003,1.12734961875256,Up,0.224967147806925,0.496728805903858
O94826,TOMM70,Mitochondrial import receptor subunit TOM70,16,14.919255,14.683545,0.235710000000001,1.17748607616996,Up,0.225110607239541,0.496728805903858
Q6R327,RICTOR,Rapamycin-insensitive companion of mTOR,18,14.00436,14.26286,-0.2585,0.835956629213223,Down,0.225143925454756,0.496728805903858
Q8WX92,NELFB,Negative elongation factor B,20,14.57473,14.43792,0.136810000000001,1.09947134164182,Up,0.225209927182382,0.496728805903858
Q8NHY2,COP1,E3 ubiquitin-protein ligase COP1,3,11.66546,11.440275,0.225185,1.16892713308214,Up,0.225241223118723,0.496728805903858
P12955,PEPD,Xaa-Pro dipeptidase,4,10.373915,10.557135,-0.18322,0.880735058501208,Down,0.225252872037201,0.496728805903858
P25490,YY1,Transcriptional repressor protein YY1,12,16.663805,16.7183,-0.054495,0.962931447991044,Down,0.225390345880865,0.49680593618301
Q96IR2,ZNF845,Zinc finger protein 845,11,15.62178,15.879725,-0.257945,0.836278280822648,Down,0.225438190741844,0.49680593618301
Q01081,U2AF1,Splicing factor U2AF 35 kDa subunit,7,18.706015,18.53441,0.171605,1.12631081010861,Up,0.225542799172871,0.496870786577836
Q9HBH0,RHOF,Rho-related GTP-binding protein RhoF,8,14.91108,14.68612,0.224960000000001,1.16874484362429,Up,0.225644408536845,0.496928989010332
Q9H7L9,SUDS3,Sin3 histone deacetylase corepressor complex component SDS3,12,14.23954,14.11465,0.124889999999999,1.09042458877537,Up,0.225873654261998,0.497268148240355
P01011,SERPINA3,Alpha-1-antichymotrypsin,1,10.3962855,9.1703255,1.22596,2.33911047329164,Up,0.22622197364445,0.497869138799924
P61769,B2M,Beta-2-microglobulin,2,13.453475,13.676475,-0.223,0.85678195476857,Down,0.226371201176201,0.497896482003132
Q69YN4,VIRMA,Protein virilizer homolog,53,19.069145,18.96235,0.106794999999998,1.07683335250089,Up,0.226385070119445,0.497896482003132
Q13630,GFUS,GDP-L-fucose synthase,5,12.02783,13.119475,-1.091645,0.469226045208045,Down,0.226578638574767,0.498024036247263
Q9UBC2,EPS15L1,Epidermal growth factor receptor substrate 15-like 1,32,16.053675,16.09592,-0.042245,0.971142561078964,Down,0.226646365312193,0.498024036247263
O96013,PAK4,Serine/threonine-protein kinase PAK 4,13,13.56049,13.418505,0.141985000000002,1.10342226747181,Up,0.226669133156569,0.498024036247263
P08729,KRT7,"Keratin, type II cytoskeletal 7",30,17.533375,18.405145,-0.87177,0.546475983912361,Down,0.226834185002116,0.498221046420401
P37287,PIGA,Phosphatidylinositol N-acetylglucosaminyltransferase subunit A,2,12.028985,10.89316,1.135825,2.19744186762554,Up,0.227238423791512,0.498872650838467
P62906,RPL10A,Large ribosomal subunit protein uL1,11,17.139625,17.242795,-0.10317,0.930985110716781,Down,0.227281820498506,0.498872650838467
Q9H4A6,GOLPH3,Golgi phosphoprotein 3,6,12.331865,12.62305,-0.291185,0.8172305264774,Down,0.227553979841967,0.498930929721121
Q6NSJ5,LRRC8E,Volume-regulated anion channel subunit LRRC8E,8,12.16225,11.606875,0.555375,1.46955056419982,Up,0.227613239847365,0.498930929721121
Q9HB96,FANCE,Fanconi anemia group E protein,7,12.09264,11.78231,0.31033,1.23999130133903,Up,0.227629114152055,0.498930929721121
O94888,UBXN7,UBX domain-containing protein 7,10,13.506845,13.68107,-0.174225,0.886243471554477,Down,0.227665834079701,0.498930929721121
P23458,JAK1,Tyrosine-protein kinase JAK1,12,12.789665,12.50128,0.288385,1.2212723799666,Up,0.2277616757911,0.498930929721121
P61009,SPCS3,Signal peptidase complex subunit 3,5,14.551095,14.26933,0.281765,1.21568124523789,Up,0.227824949096663,0.498930929721121
Q6KC79,NIPBL,Nipped-B-like protein,72,15.266525,15.165715,0.100810000000001,1.07237537786347,Up,0.227965935697401,0.498930929721121
Q07812,BAX,Apoptosis regulator BAX,2,10.569125,10.059665,0.509460000000001,1.42351727409527,Up,0.227977265155465,0.498930929721121
O96020,CCNE2,G1/S-specific cyclin-E2,6,12.75917,12.602715,0.156455000000001,1.11454510282262,Up,0.227987805682824,0.498930929721121
P26639,TARS1,"Threonine--tRNA ligase 1, cytoplasmic",37,17.39372,17.490005,-0.096285,0.935438686521425,Down,0.228166922308884,0.499157626461244
P06865,HEXA,Beta-hexosaminidase subunit alpha,5,11.579725,11.79794,-0.218215,0.859628369166025,Down,0.228492026731882,0.499580340848442
Q96JG6,VPS50,Syndetin,14,11.18812,11.309315,-0.121195,0.919425764764248,Down,0.228511328549681,0.499580340848442
P01023,A2M,Alpha-2-macroglobulin,6,10.825209,10.0327345,0.792474500000001,1.73204270333354,Up,0.228729591714701,0.49970073329075
Q96BN2,TADA1,Transcriptional adapter 1,9,13.75713,13.44372,0.313410000000001,1.24264137828956,Up,0.228803162039471,0.49970073329075
P08670,VIM,Vimentin,45,20.338815,21.370825,-1.03201,0.489028347025722,Down,0.228841780275509,0.49970073329075
Q7Z7H8,MRPL10,Large ribosomal subunit protein uL10m,5,16.49183,16.241575,0.250255000000003,1.18941732894761,Up,0.228914412156414,0.49970073329075
Q9C0D2,CEP295,Centrosomal protein of 295 kDa,2,7.395187,8.565308,-1.170121,0.444384068169037,Down,0.229059814779394,0.49970073329075
Q06323,PSME1,Proteasome activator complex subunit 1,11,13.41868,13.561925,-0.143245,0.905480200353682,Down,0.22907131881992,0.49970073329075
P13498,CYBA,Cytochrome b-245 light chain,2,14.00579,14.101385,-0.095595,0.935886187241149,Down,0.229095660746099,0.49970073329075
Q15126,PMVK,Phosphomevalonate kinase,5,11.25561,11.72472,-0.46911,0.722410116,Down,0.229229335309272,0.499827343140542
Q07021,C1QBP,"Complement component 1 Q subcomponent-binding protein, mitochondrial",4,17.42501,17.59813,-0.17312,0.886922529941849,Down,0.229369145352018,0.499967243282153
Q9BSI4,TINF2,TERF1-interacting nuclear factor 2,3,11.208185,11.08995,0.118235,1.08540615884445,Up,0.229456381951518,0.499992492026899
Q9P2I0,CPSF2,Cleavage and polyadenylation specificity factor subunit 2,32,16.21344,16.110645,0.102795,1.0738518716121,Up,0.229685161972744,0.50009312100868
Q8TAQ2,SMARCC2,SWI/SNF complex subunit SMARCC2,36,17.927675,17.831855,0.0958200000000033,1.06867264835486,Up,0.229709043453093,0.50009312100868
Q96CT2,KLHL29,Kelch-like protein 29,2,11.26427,12.029325,-0.765055,0.588430935373365,Down,0.229729568071169,0.50009312100868
O75818,RPP40,Ribonuclease P protein subunit p40,7,14.280775,13.86896,0.411815000000001,1.33035843531561,Up,0.229963288872972,0.500437068212536
P82663,MRPS25,Small ribosomal subunit protein mS25,7,14.163005,13.95376,0.209245000000001,1.15608301712803,Up,0.230111343802136,0.500568927565362
Q92887,ABCC2,ATP-binding cassette sub-family C member 2,16,12.562515,12.24502,0.317494999999999,1.24616491119561,Up,0.230175362516438,0.500568927565362
Q9H8H2,DDX31,ATP-dependent DNA helicase DDX31,30,15.353845,15.28365,0.070195,1.04985857680338,Up,0.230424410528071,0.500945700388165
O60675,MAFK,Transcription factor MafK,2,12.852065,12.636945,0.215119999999999,1.1608004630365,Up,0.230563260684929,0.500975958253185
Q96FS4,SIPA1,Signal-induced proliferation-associated protein 1,20,14.57471,14.690505,-0.115795,0.922873619223022,Down,0.230676043781667,0.500975958253185
P61956,SUMO2,Small ubiquitin-related modifier 2,1,16.47802,16.249715,0.228304999999999,1.17145781280943,Up,0.230741236707357,0.500975958253185
Q96C36,PYCR2,Pyrroline-5-carboxylate reductase 2,12,14.890715,14.68448,0.206235,1.1536735111579,Up,0.230741536832001,0.500975958253185
P38117,ETFB,Electron transfer flavoprotein subunit beta,12,13.715055,13.922135,-0.20708,0.866288817816057,Down,0.231101595653753,0.500983407808152
Q99720,SIGMAR1,Sigma non-opioid intracellular receptor 1,3,12.46163,12.577995,-0.116365,0.922509069512555,Down,0.231103716075204,0.500983407808152
Q9Y657,SPIN1,Spindlin-1,14,15.41848,15.068,0.350479999999999,1.27498475776224,Up,0.231111697753967,0.500983407808152
Q99470,SDF2,Stromal cell-derived factor 2,1,12.14496,11.92439,0.220570000000002,1.1651938565143,Up,0.23118591009973,0.500983407808152
P78337,PITX1,Pituitary homeobox 1,2,12.811845,12.597725,0.214120000000001,1.15999613625897,Up,0.231253059246238,0.500983407808152
Q9Y2R5,MRPS17,Small ribosomal subunit protein uS17m,1,11.822705,11.97681,-0.154105,0.898689717185209,Down,0.231261121158045,0.500983407808152
Q14558,PRPSAP1,Phosphoribosyl pyrophosphate synthase-associated protein 1,12,13.665515,13.92173,-0.256215,0.837281700928573,Down,0.231275590440713,0.500983407808152
Q8N612,FHIP1B,FHF complex subunit HOOK-interacting protein 1B,2,9.486084,11.176108,-1.690024,0.30992176922825,Down,0.231495041116298,0.501294471408131
Q71SY5,MED25,Mediator of RNA polymerase II transcription subunit 25,10,14.41535,14.197565,0.217784999999999,1.16294671858689,Up,0.231861290761266,0.501923115178907
Q6ZNB6,NFXL1,NF-X1-type zinc finger protein NFXL1,7,11.46412,11.612195,-0.148075,0.902453811244334,Down,0.232201429977424,0.50234051202081
Q6NUM9,RETSAT,"All-trans-retinol 13,14-reductase",6,12.49355,12.12419,0.36936,1.2917796517207,Up,0.232206122593974,0.50234051202081
O75718,CRTAP,Cartilage-associated protein,7,13.596945,13.970245,-0.3733,0.772014580480431,Down,0.232408477480985,0.502373784954695
O15127,SCAMP2,Secretory carrier-associated membrane protein 2,2,11.348935,11.58495,-0.236015,0.849087418262696,Down,0.232425113259207,0.502373784954695
O94925,GLS,"Glutaminase kidney isoform, mitochondrial",11,13.76568,14.00027,-0.23459,0.849926505726166,Down,0.232449543711826,0.502373784954695
Q9Y305,ACOT9,"Acyl-coenzyme A thioesterase 9, mitochondrial",18,13.972445,14.14736,-0.174915,0.885819707856734,Down,0.232759737429316,0.502760141361036
Q9UHN6,CEMIP2,Cell surface hyaluronidase CEMIP2,9,12.17093,11.836805,0.334125,1.26061261061097,Up,0.232938304395275,0.502760141361036
P04150,NR3C1,Glucocorticoid receptor,4,11.39813,11.83307,-0.43494,0.739724518262556,Down,0.233040957659784,0.502760141361036
Q9H6S0,YTHDC2,3'-5' RNA helicase YTHDC2,33,14.933485,14.82964,0.103845,1.07463371035749,Up,0.233049719969686,0.502760141361036
O14818,PSMA7,Proteasome subunit alpha type-7,8,15.01876,14.86111,0.15765,1.11546867510808,Up,0.233050459880312,0.502760141361036
P41182,BCL6,B-cell lymphoma 6 protein,11,13.70536,14.121705,-0.416345,0.749320590089019,Down,0.233159109866347,0.502760141361036
Q9H9B1,EHMT1,Histone-lysine N-methyltransferase EHMT1,25,14.667165,14.522055,0.145110000000001,1.10581496428375,Up,0.233186019626757,0.502760141361036
Q9BTC8,MTA3,Metastasis-associated protein MTA3,11,14.404165,14.34144,0.0627249999999986,1.04443665809928,Up,0.233344123862667,0.502760141361036
P27694,RPA1,Replication protein A 70 kDa DNA-binding subunit,24,15.653235,15.78939,-0.136155,0.909941056751953,Down,0.233418506324389,0.502760141361036
O00472,ELL2,RNA polymerase II elongation factor ELL2,9,13.02763,12.47396,0.553669999999999,1.46781485176255,Up,0.233499418832948,0.502760141361036
Q9NZI7,UBP1,Upstream-binding protein 1,8,13.120495,12.73489,0.385605,1.30640751951072,Up,0.233655311482719,0.502760141361036
Q9H5V7,IKZF5,Zinc finger protein Pegasus,5,11.67628,12.28955,-0.61327,0.653713320542344,Down,0.233810022847942,0.502760141361036
Q8IWE4,DCUN1D3,DCN1-like protein 3,1,11.75686,10.850955,0.905905000000001,1.87371950716007,Up,0.233816291915672,0.502760141361036
B0I1T2,MYO1G,Unconventional myosin-Ig,3,9.6341795,8.4140915,1.220088,2.32960926766761,Up,0.233901125365635,0.502760141361036
P25789,PSMA4,Proteasome subunit alpha type-4,8,14.904175,14.692345,0.211829999999999,1.15815632677904,Up,0.233940700663394,0.502760141361036
Q9H8M2,BRD9,Bromodomain-containing protein 9,7,12.427435,12.31001,0.117424999999999,1.08479692944893,Up,0.234005213169097,0.502760141361036
P52758,RIDA,2-iminobutanoate/2-iminopropanoate deaminase,3,14.4225,15.064185,-0.641685,0.640963895732796,Down,0.23402666996801,0.502760141361036
Q9UJ78,ZMYM5,Zinc finger MYM-type protein 5,4,10.90039,11.292695,-0.392305,0.761911322553255,Down,0.234090678308073,0.502760141361036
P13693,TPT1,Translationally-controlled tumor protein,7,16.016,16.15553,-0.13953,0.907814854322428,Down,0.234091703133716,0.502760141361036
Q12792,TWF1,Twinfilin-1,15,14.546505,14.480665,0.0658399999999997,1.04669419343672,Up,0.23414975262661,0.502760141361036
Q9UPP1,PHF8,Histone lysine demethylase PHF8,19,13.84111,13.930165,-0.089055,0.940138360841955,Down,0.234364800949298,0.502832855430377
Q96K80,ZC3H10,Zinc finger CCCH domain-containing protein 10,2,11.263075,11.49238,-0.229305,0.85304573674222,Down,0.234368184702514,0.502832855430377
Q8WXF1,PSPC1,Paraspeckle component 1,18,17.185385,17.070565,0.114820000000002,1.08283993495684,Up,0.234509999393301,0.502832855430377
Q9NX57,RAB20,Ras-related protein Rab-20,5,13.487035,13.615415,-0.12838,0.914858166473587,Down,0.2345581044871,0.502832855430377
Q96PZ2,FAM111A,Serine protease FAM111A,2,8.5055005,9.5673035,-1.061803,0.479033016601366,Down,0.234564032878174,0.502832855430377
Q3B7T1,EDRF1,Erythroid differentiation-related factor 1,3,11.29549,11.03742,0.25807,1.1958778197222,Up,0.234889013249052,0.502989547637874
Q9NQ50,MRPL40,Large ribosomal subunit protein mL40,4,13.997415,13.54577,0.451644999999999,1.36759874123554,Up,0.234925975905471,0.502989547637874
P10412,H1-4,Histone H1.4,7,20.70556,20.431815,0.273744999999998,1.20894197339401,Up,0.234929352381586,0.502989547637874
P53539,FOSB,Protein FosB,3,10.98426,11.231445,-0.247185,0.842538781950184,Down,0.234975887374212,0.502989547637874
Q9NXL9,MCM9,DNA helicase MCM9,4,11.460185,10.94358,0.516604999999998,1.43058478210352,Up,0.235017661235551,0.502989547637874
Q03933,HSF2,Heat shock factor protein 2,2,11.0008,10.65533,0.345470000000001,1.27056483868703,Up,0.235247375279536,0.503174146407156
Q9HD23,MRS2,"Magnesium transporter MRS2 homolog, mitochondrial",8,12.80882,13.093805,-0.284985,0.820750142275843,Down,0.235353197931798,0.503174146407156
Q14CN4,KRT72,"Keratin, type II cytoskeletal 72",1,7.8887585,9.190493,-1.3017345,0.405638220755608,Down,0.235495775013222,0.503174146407156
P28290,ITPRID2,Protein ITPRID2,25,15.33069,15.45229,-0.1216,0.919167695551616,Down,0.235544318947104,0.503174146407156
Q4VC44,FLYWCH1,FLYWCH-type zinc finger-containing protein 1,12,14.38103,14.10224,0.278789999999999,1.21317695625647,Up,0.235576406383649,0.503174146407156
Q9NX46,ADPRS,ADP-ribosylhydrolase ARH3,2,8.389549,9.6322515,-1.2427025,0.422580324054316,Down,0.23563485420296,0.503174146407156
Q53FA7,TP53I3,Quinone oxidoreductase PIG3,6,12.831995,12.59471,0.237285,1.17877224767062,Up,0.235636856276312,0.503174146407156
O60244,MED14,Mediator of RNA polymerase II transcription subunit 14,50,16.698335,16.618935,0.0793999999999997,1.05657853051649,Up,0.235721072497269,0.503191397976244
Q08AN1,ZNF616,Zinc finger protein 616,4,12.08754,12.49268,-0.40514,0.755163007750303,Down,0.23612296453427,0.503886558801095
P48509,CD151,CD151 antigen,1,13.24625,12.785835,0.460415000000001,1.3759375580227,Up,0.236503862047319,0.504536482979578
Q96HY7,DHTKD1,2-oxoadipate dehydrogenase complex component E1,5,11.33652,11.808865,-0.472345,0.720792047952237,Down,0.236685934812106,0.504761969400841
Q15906,VPS72,Vacuolar protein sorting-associated protein 72 homolog,6,13.838485,13.59643,0.242055000000001,1.18267608665744,Up,0.236845876066275,0.504940127394197
Q8NAT1,POMGNT2,"Protein O-linked-mannose beta-1,4-N-acetylglucosaminyltransferase 2",1,10.6139045,9.899134,0.7147705,1.6412221157072,Up,0.237249422202554,0.505118386914309
O14503,BHLHE40,Class E basic helix-loop-helix protein 40,3,11.72964,10.586205,1.143435,2.20906366863949,Up,0.237251715792035,0.505118386914309
Q9BYD3,MRPL4,Large ribosomal subunit protein uL4m,6,13.674145,13.414785,0.259359999999999,1.1969476038773,Up,0.237296922876419,0.505118386914309
Q9C0B5,ZDHHC5,Palmitoyltransferase ZDHHC5,14,12.65507,12.273645,0.381425,1.30262787100771,Up,0.237302198940833,0.505118386914309
Q5U5X0,LYRM7,Complex III assembly factor LYRM7,3,11.39349,11.76938,-0.37589,0.770629863709345,Down,0.237311634342401,0.505118386914309
Q3YBR2,TBRG1,Transforming growth factor beta regulator 1,1,12.285525,11.93448,0.351044999999999,1.27548417547978,Up,0.237423112579755,0.50518894362678
Q96IT1,ZNF496,Zinc finger protein 496,3,10.92733,10.690555,0.236775000000002,1.17835561935847,Up,0.237497661953156,0.50518894362678
P01009,SERPINA1,Alpha-1-antitrypsin,6,12.03196,11.30614,0.725820000000001,1.65384038015021,Up,0.237645720933865,0.505232991686674
Q9Y6W3,CAPN7,Calpain-7,12,12.69166,13.255565,-0.563905,0.676468658831197,Down,0.237817259413123,0.505232991686674
Q92791,P3H4,Endoplasmic reticulum protein SC65,1,9.864612,8.841615,1.022997,2.03213606027487,Up,0.237873565982117,0.505232991686674
Q9UHK0,NUFIP1,FMR1-interacting protein NUFIP1,9,14.97259,14.6551,0.317490000000001,1.24616059232462,Up,0.237975173382646,0.505232991686674
Q14690,PDCD11,Protein RRP5 homolog,67,15.589835,15.49171,0.0981250000000014,1.07038143589332,Up,0.237975586573562,0.505232991686674
Q8WUH6,TMEM263,Transmembrane protein 263,4,11.556785,11.989175,-0.43239,0.741033156256019,Down,0.237977046923985,0.505232991686674
Q9H3P2,NELFA,Negative elongation factor A,10,14.37775,14.29527,0.0824799999999986,1.05883662249433,Up,0.238129477598986,0.505394257370488
Q13829,TNFAIP1,BTB/POZ domain-containing adapter for CUL3-mediated RhoA degradation protein 2,7,13.190655,12.500345,0.69031,1.61363021099671,Up,0.238253559596811,0.505495272993682
Q86W92,PPFIBP1,Liprin-beta-1,25,15.96837,15.80841,0.15996,1.11725616072447,Up,0.238570669875405,0.505765835017609
Q10567,AP1B1,AP-1 complex subunit beta-1,12,13.106535,13.323835,-0.2173,0.860173743911249,Down,0.238643527682273,0.505765835017609
P25098,GRK2,Beta-adrenergic receptor kinase 1,11,12.241315,12.38635,-0.145035,0.904357437446674,Down,0.238657139491658,0.505765835017609
Q9C0H5,ARHGAP39,Rho GTPase-activating protein 39,19,12.90589,13.260005,-0.354115,0.782349416672301,Down,0.238708159880359,0.505765835017609
Q9P215,POGK,Pogo transposable element with KRAB domain,8,12.189815,11.73413,0.455684999999999,1.37143381517114,Up,0.23876371693977,0.505765835017609
Q9Y6J0,CABIN1,Calcineurin-binding protein cabin-1,41,14.46645,14.341285,0.125165000000001,1.09063246038708,Up,0.238894822486152,0.505881410384806
Q9Y448,KNSTRN,Small kinetochore-associated protein,2,12.60187,12.013765,0.588105000000001,1.50327088282153,Up,0.239048935899168,0.506045617347086
Q13610,PWP1,Periodic tryptophan protein 1 homolog,11,14.20447,14.099805,0.104665000000001,1.07524468502185,Up,0.239321073260692,0.506455584700437
Q9NP79,VTA1,Vacuolar protein sorting-associated protein VTA1 homolog,6,12.43625,12.91925,-0.483,0.715488260011456,Down,0.239395861189917,0.506455584700437
Q9UER7,DAXX,Death domain-associated protein 6,9,13.997225,13.860395,0.13683,1.09948658365668,Up,0.239785800756125,0.507118194303113
Q15561,TEAD4,Transcriptional enhancer factor TEF-3,4,13.654775,13.31715,0.337625000000001,1.26367458858051,Up,0.239972090784502,0.507272712992673
O75448,MED24,Mediator of RNA polymerase II transcription subunit 24,23,14.35367,14.22295,0.13072,1.09483996230704,Up,0.240012373056149,0.507272712992673
Q9NR48,ASH1L,Histone-lysine N-methyltransferase ASH1L,33,12.864345,12.81645,0.0478950000000005,1.0337554963157,Up,0.240184529914199,0.507471591127456
Q9Y2R4,DDX52,Probable ATP-dependent RNA helicase DDX52,21,15.75097,15.516255,0.234714999999998,1.17667426584932,Up,0.240260040647271,0.507471591127456
O75381,PEX14,Peroxisomal membrane protein PEX14,4,11.78242,11.44858,0.33384,1.26036360503503,Up,0.240340188936916,0.507478692870313
Q9NUQ8,ABCF3,ATP-binding cassette sub-family F member 3,17,12.402415,12.77471,-0.372295,0.772552563169982,Down,0.240447895928326,0.507543961734369
Q9H707,ZNF552,Zinc finger protein 552,4,12.235215,12.57622,-0.341005,0.789491150527989,Down,0.24086015091854,0.508251831871209
O95197,RTN3,Reticulon-3,2,13.16749,12.95048,0.217010000000002,1.16232216409351,Up,0.241254684217475,0.508810369691735
P36578,RPL4,Large ribosomal subunit protein uL4,17,17.21545,17.373325,-0.157875,0.896344358525653,Down,0.241383034314953,0.508810369691735
Q92585,MAML1,Mastermind-like protein 1,1,11.976385,10.68036,1.296025,2.45551391827518,Up,0.241384072377248,0.508810369691735
O75223,GGCT,Gamma-glutamylcyclotransferase,5,13.813255,14.37774,-0.564485,0.676196755931501,Down,0.241432791549899,0.508810369691735
O60930,RNASEH1,Ribonuclease H1,6,12.233695,11.93227,0.301425000000002,1.23236105820473,Up,0.241599557629238,0.508999514303995
Q96JM7,L3MBTL3,Lethal(3)malignant brain tumor-like protein 3,14,14.468615,14.609455,-0.14084,0.906990911866474,Down,0.242305987685379,0.510286386438291
Q9P2J5,LARS1,"Leucine--tRNA ligase, cytoplasmic",28,13.953025,13.867885,0.0851399999999991,1.060790676,Up,0.242364800579482,0.510286386438291
Q9NXF1,TEX10,Testis-expressed protein 10,28,16.02176,16.003155,0.0186050000000009,1.01297951534925,Up,0.242760860737523,0.510941639303278
Q9Y3E0,GOLT1B,Vesicle transport protein GOT1B,3,11.286615,10.736445,0.550170000000001,1.46425822667879,Up,0.242830638379724,0.510941639303278
Q9Y5L0,TNPO3,Transportin-3,24,15.565275,15.834185,-0.26891,0.829946358723148,Down,0.243149163480587,0.51144902019198
O60513,B4GALT4,"Beta-1,4-galactosyltransferase 4",3,11.938175,11.34562,0.592555000000001,1.5079148878523,Up,0.243410929385487,0.511836726792454
Q9NYJ8,TAB2,TGF-beta-activated kinase 1 and MAP3K7-binding protein 2,4,11.944075,12.342895,-0.39882,0.758478399473512,Down,0.243622799564457,0.511876340551832
Q8NHM5,KDM2B,Lysine-specific demethylase 2B,17,14.175125,14.068605,0.10652,1.076628111,Up,0.243657507671163,0.511876340551832
Q9BXB4,OSBPL11,Oxysterol-binding protein-related protein 11,6,11.951615,11.604655,0.346959999999999,1.27187774231586,Up,0.243772215605541,0.511876340551832
P52926,HMGA2,High mobility group protein HMGI-C,1,11.90262,10.5079795,1.3946405,2.62923027031799,Up,0.243775256656498,0.511876340551832
L0R819,ASDURF,ASNSD1 upstream open reading frame protein,2,11.321155,10.81465,0.506505000000001,1.4206045389776,Up,0.243817025277223,0.511876340551832
O14975,SLC27A2,Long-chain fatty acid transport protein 2,15,12.98668,13.072265,-0.085585,0.942402322676385,Down,0.244055264208239,0.512213795221419
Q8IUH3,RBM45,RNA-binding protein 45,12,14.435965,14.15263,0.283334999999999,1.21700491960899,Up,0.244341331663525,0.512651384433092
Q7Z2Z2,EFL1,Elongation factor-like GTPase 1,4,13.132445,14.5708,-1.438355,0.368987794437326,Down,0.244532200957909,0.512889024478204
Q8TEK3,DOT1L,"Histone-lysine N-methyltransferase, H3 lysine-79 specific",8,12.39672,12.53994,-0.14322,0.905495891265832,Down,0.244799158074997,0.513039831185953
Q9Y5X3,SNX5,Sorting nexin-5,8,12.377805,12.571705,-0.1939,0.874239215955035,Down,0.244824831807098,0.513039831185953
Q9UJX5,ANAPC4,Anaphase-promoting complex subunit 4,22,13.9432,13.799155,0.144045000000002,1.10499895097321,Up,0.244836984046073,0.513039831185953
O75530,EED,Polycomb protein EED,25,15.81361,15.701715,0.111895000000001,1.08064674921622,Up,0.244929275686683,0.513070549291058
O75820,ZNF189,Zinc finger protein 189,6,12.29321,12.514105,-0.220895,0.858032976185766,Down,0.245047559157031,0.513155677588346
P78563,ADARB1,Double-stranded RNA-specific editase 1,16,13.15504,12.99919,0.155850000000001,1.1140778118133,Up,0.245340775899775,0.513606964815208
Q9BVG8,KIFC3,Kinesin-like protein KIFC3,10,13.176735,12.905825,0.270910000000001,1.20656864770386,Up,0.245474006160783,0.513723149688604
Q2TAY7,SMU1,WD40 repeat-containing protein SMU1,16,16.779155,16.721815,0.0573399999999999,1.04054546302046,Up,0.245597679661665,0.513800098326863
Q5TB30,DEPDC1,DEP domain-containing protein 1A,1,13.17168,11.89707,1.27461,2.41933407773992,Up,0.245666259753803,0.513800098326863
Q9Y580,RBM7,RNA-binding protein 7,9,15.05805,14.99074,0.0673100000000009,1.04776124126575,Up,0.245812639322751,0.513872095261873
Q04446,GBE1,"1,4-alpha-glucan-branching enzyme",2,10.839605,11.99643,-1.156825,0.448498479736491,Down,0.245866415721216,0.513872095261873
P62249,RPS16,Small ribosomal subunit protein uS9,9,17.558505,17.67654,-0.118035,0.921441831609274,Down,0.245938152440797,0.513872095261873
Q9BQG0,MYBBP1A,Myb-binding protein 1A,38,17.076825,17.03243,0.044394999999998,1.03125062948984,Up,0.24603707187207,0.513872095261873
O15020,SPTBN2,"Spectrin beta chain, non-erythrocytic 2",81,15.75104,15.664985,0.086055,1.06146367445888,Up,0.246089450976521,0.513872095261873
O00139,KIF2A,Kinesin-like protein KIF2A,17,14.284635,14.212995,0.0716400000000021,1.05091063949777,Up,0.246195329274065,0.513930806
P05161,ISG15,Ubiquitin-like protein ISG15,1,10.141463,10.5023725,-0.3609095,0.778673535580244,Down,0.246468923205558,0.514255720979608
Q9C0C9,UBE2O,(E3-independent) E2 ubiquitin-conjugating enzyme,3,14.588075,15.610325,-1.02225,0.492347896666053,Down,0.246538540478464,0.514255720979608
O75787,ATP6AP2,Renin receptor,4,10.28144,10.793805,-0.512365,0.701072232503984,Down,0.246584412132604,0.514255720979608
P47985,UQCRFS1,"Cytochrome b-c1 complex subunit Rieske, mitochondrial",7,13.64076,14.01428,-0.37352,0.771896863115602,Down,0.24676573939159,0.514471536794644
Q05682,CALD1,Caldesmon,24,17.62313,17.497695,0.125435,1.09083659106802,Up,0.247009650871362,0.514523364768499
Q12986,NFX1,Transcriptional repressor NF-X1,3,10.639255,10.988665,-0.34941,0.784905024545519,Down,0.247019312025131,0.514523364768499
P07099,EPHX1,Epoxide hydrolase 1,8,12.556505,13.171485,-0.61498,0.652938945137496,Down,0.247024154397102,0.514523364768499
P49590,HARS2,"Histidine--tRNA ligase, mitochondrial",9,18.11613,18.28306,-0.16693,0.890736118344237,Down,0.247335520723831,0.51497026509778
A6ZKI3,RTL8C,Retrotransposon Gag-like protein 8C,1,11.470865,12.33686,-0.865995,0.548667870324263,Down,0.247465650673603,0.51497026509778
P15374,UCHL3,Ubiquitin carboxyl-terminal hydrolase isozyme L3,5,13.84888,14.35464,-0.50576,0.704289265979861,Down,0.247472471168187,0.51497026509778
Q8NBS9,TXNDC5,Thioredoxin domain-containing protein 5,10,13.20856,13.03084,0.177719999999999,1.13109491727095,Up,0.247829929585308,0.51546147323447
O75607,NPM3,Nucleoplasmin-3,3,15.636255,15.351795,0.284460000000001,1.21795429868917,Up,0.247885601827032,0.51546147323447
Q9NRZ9,HELLS,Lymphoid-specific helicase,38,15.266965,15.214035,0.0529299999999999,1.03736960185746,Up,0.247942506190404,0.51546147323447
P84090,ERH,Enhancer of rudimentary homolog,4,17.838255,17.51698,0.321275,1.24943426446155,Up,0.248131725888187,0.515594360396357
Q9H2H8,PPIL3,Peptidyl-prolyl cis-trans isomerase-like 3,6,13.386285,13.136085,0.250200000000001,1.18937198554219,Up,0.248162454292754,0.515594360396357
Q8TDX7,NEK7,Serine/threonine-protein kinase Nek7,7,11.778675,12.020355,-0.24168,0.845759862114477,Down,0.248352790797109,0.515801714167334
Q8NDH3,NPEPL1,Probable aminopeptidase NPEPL1,7,12.67994,12.937005,-0.257065,0.836788540688923,Down,0.248418347131884,0.515801714167334
O60841,EIF5B,Eukaryotic translation initiation factor 5B,35,15.96843,15.823795,0.144634999999999,1.10545094026433,Up,0.24878477283139,0.515984735779537
Q9BZG1,RAB34,Ras-related protein Rab-34,8,13.80558,14.100135,-0.294555,0.815323780644973,Down,0.248791722540709,0.515984735779537
O94854,MACF1,"Microtubule-actin cross-linking factor 1, isoforms 6/7",1,11.063522,9.9091525,1.1543695,2.225870253,Up,0.248807229536628,0.515984735779537
Q9UN79,SOX13,Transcription factor SOX-13,9,11.42589,11.21307,0.212819999999999,1.15895134458933,Up,0.248818785433407,0.515984735779537
Q8WY36,BBX,HMG box transcription factor BBX,20,14.32699,14.47583,-0.14884,0.901975405108925,Down,0.2490170784887,0.516233962274723
Q969M3,YIPF5,Protein YIPF5,1,11.6715145,10.451382,1.2201325,2.3296811256891,Up,0.24916550249445,0.516379682027539
P53384,NUBP1,Cytosolic Fe-S cluster assembly factor NUBP1,1,9.651888,10.3573685,-0.7054805,0.613238211196776,Down,0.249431263332558,0.516768407324412
O95251,KAT7,Histone acetyltransferase KAT7,16,14.10046,13.93651,0.16395,1.12035038513579,Up,0.249666539388006,0.517093750803927
Q9BUG6,ZSCAN5A,Zinc finger and SCAN domain-containing protein 5A,3,10.8661175,9.8974195,0.968697999999998,1.95707358282224,Up,0.249844934018849,0.517301118086018
Q9P2E3,ZNFX1,NFX1-type zinc finger-containing protein 1,7,12.27583,12.460375,-0.184545,0.879926545130498,Down,0.24994132690533,0.517338624966279
Q96EL2,MRPS24,Small ribosomal subunit protein uS3m,5,12.286205,12.124595,0.16161,1.11853468958759,Up,0.250036990582526,0.517374599486511
Q96PQ6,ZNF317,Zinc finger protein 317,6,11.353355,12.21262,-0.859265,0.551233319492005,Down,0.250228616243489,0.517609053130898
Q9UKN5,PRDM4,PR domain zinc finger protein 4,3,12.28976,11.956125,0.333634999999999,1.26018452617519,Up,0.25042877936148,0.517861014643311
Q9Y666,SLC12A7,Solute carrier family 12 member 7,6,11.74443,11.512955,0.231475000000001,1.17403465959109,Up,0.250644177778054,0.518031715471685
O14548,COX7A2L,"Cytochrome c oxidase subunit 7A2-like, mitochondrial",4,15.296515,15.485515,-0.189,0.877213548732822,Down,0.250740889445648,0.518031715471685
P48739,PITPNB,Phosphatidylinositol transfer protein beta isoform,10,12.119185,12.539485,-0.4203,0.74726921789465,Down,0.250746475683753,0.518031715471685
Q5H9F3,BCORL1,BCL-6 corepressor-like protein 1,21,12.11594,12.311405,-0.195465,0.87329137700353,Down,0.251147872960868,0.518518612125901
Q9NR19,ACSS2,"Acetyl-coenzyme A synthetase, cytoplasmic",3,10.85218,11.873805,-1.021625,0.492561236346671,Down,0.251218216322976,0.518518612125901
Q8N8K9,KIAA1958,Uncharacterized protein KIAA1958,3,12.13884,13.16771,-1.02887,0.49009386761503,Down,0.251234368835103,0.518518612125901
P07203,GPX1,Glutathione peroxidase 1,3,10.928375,11.301415,-0.37304,0.77215372414792,Down,0.251348430067064,0.518518612125901
P24941,CDK2,Cyclin-dependent kinase 2,15,14.84397,14.770905,0.0730650000000015,1.05194917325044,Up,0.251374433840428,0.518518612125901
Q9NS37,CREBZF,CREB/ATF bZIP transcription factor,7,12.92151,12.77201,0.149499999999998,1.10918499122155,Up,0.251744826921049,0.519120611894294
P41221,WNT5A,Protein Wnt-5a,3,10.0393195,10.7559395,-0.71662,0.608521440279908,Down,0.251849949611147,0.51917539519029
Q9BV44,THUMPD3,tRNA (guanine(6)-N(2))-methyltransferase THUMP3,2,10.800135,11.886205,-1.08607,0.471042781259624,Down,0.252085407291408,0.519251490491786
O15066,KIF3B,Kinesin-like protein KIF3B,3,9.292194,10.318803,-1.026609,0.490862547737401,Down,0.252115000267141,0.519251490491786
Q9UNH7,SNX6,Sorting nexin-6,14,13.553245,13.718015,-0.16477,0.892070725435161,Down,0.252122565136653,0.519251490491786
P41743,PRKCI,Protein kinase C iota type,8,12.553385,12.764465,-0.21108,0.863890281823012,Down,0.252567889765235,0.519863453980647
Q92613,JADE3,Protein Jade-3,9,12.48597,12.81512,-0.32915,0.796005332148392,Down,0.252577023866221,0.519863453980647
O00161,SNAP23,Synaptosomal-associated protein 23,6,11.20643,11.765995,-0.559565,0.678506715566496,Down,0.252730602726395,0.520017606917417
Q9NZN8,CNOT2,CCR4-NOT transcription complex subunit 2,11,12.67448,12.845095,-0.170615,0.888463861154025,Down,0.252942998567074,0.520073682137944
Q12857,NFIA,Nuclear factor 1 A-type,6,13.593015,13.739865,-0.14685,0.903220414972607,Down,0.252975567093757,0.520073682137944
P52594,AGFG1,Arf-GAP domain and FG repeat-containing protein 1,9,14.67452,14.87286,-0.19834,0.871552816443653,Down,0.252993930711679,0.520073682137944
P58012,FOXL2,Forkhead box protein L2,3,14.40384,14.198105,0.205734999999999,1.15327374766486,Up,0.253251387127757,0.520250765672106
Q9BPX5,ARPC5L,Actin-related protein 2/3 complex subunit 5-like protein,8,16.601115,16.378965,0.222149999999999,1.1664706438595,Up,0.253320967050745,0.520250765672106
P54577,YARS1,"Tyrosine--tRNA ligase, cytoplasmic",23,14.98645,14.93365,0.0528000000000013,1.03727612959296,Up,0.253497362798597,0.520250765672106
Q99958,FOXC2,Forkhead box protein C2,6,14.199345,13.95306,0.246284999999999,1.18614879634063,Up,0.253506491087572,0.520250765672106
Q96BY9,SARAF,Store-operated calcium entry-associated regulatory factor,2,10.208954,9.179023,1.029931,2.04192658953853,Up,0.253608768008143,0.520250765672106
P29966,MARCKS,Myristoylated alanine-rich C-kinase substrate,5,14.070735,13.648675,0.422059999999998,1.33983932362012,Up,0.2537834363508,0.520250765672106
O43181,NDUFS4,"NADH dehydrogenase [ubiquinone] iron-sulfur protein 4, mitochondrial",4,13.19888,13.30312,-0.10424,0.930294885323323,Down,0.253821770285576,0.520250765672106
Q03001,DST,Dystonin,67,14.49634,14.43904,0.0573000000000015,1.04051661337424,Up,0.253877708363928,0.520250765672106
Q15366,PCBP2,Poly(rC)-binding protein 2,13,18.6208,18.499475,0.121325000000006,1.08773340004221,Up,0.254014813196768,0.520250765672106
Q96MH6,TMEM68,DGAT1/2-independent enzyme synthesizing storage lipids,1,10.154895,9.105466,1.049429,2.06971052095305,Up,0.254125612896856,0.520250765672106
Q9BRT2,UQCC2,Ubiquinol-cytochrome c reductase complex assembly factor 2,3,12.5164,12.343285,0.173115000000001,1.12749028298522,Up,0.254158315270874,0.520250765672106
Q9Y6A4,CFAP20,Cilia- and flagella-associated protein 20,11,14.84272,14.48995,0.35277,1.27701015708862,Up,0.254177811819499,0.520250765672106
Q8N6S5,ARL6IP6,ADP-ribosylation factor-like protein 6-interacting protein 6,4,12.04905,12.26032,-0.21127,0.863776516722993,Down,0.254189944849974,0.520250765672106
Q8N2K0,ABHD12,Lysophosphatidylserine lipase ABHD12,9,13.53289,13.28935,0.243540000000001,1.18389406976281,Up,0.254299251161728,0.520250765672106
Q8TAE8,GADD45GIP1,Large ribosomal subunit protein mL64,7,13.99606,13.823645,0.172415000000001,1.12694335398422,Up,0.254321748119379,0.520250765672106
Q13425,SNTB2,Beta-2-syntrophin,17,14.478595,14.37883,0.0997649999999997,1.07159889601708,Up,0.254419432270596,0.520250765672106
P01857,IGHG1,Immunoglobulin heavy constant gamma 1,3,13.296885,12.60225,0.694635,1.61847490921065,Up,0.254445926469643,0.520250765672106
Q9BXS4,TMEM59,Transmembrane protein 59,3,10.0515675,8.009294,2.0422735,4.11894111109176,Up,0.254497007931294,0.520250765672106
Q9UKM9,RALY,RNA-binding protein Raly,12,16.19974,16.00917,0.190570000000001,1.1412145136937,Up,0.254626630400548,0.52035479292431
Q9BUH6,PAXX,Protein PAXX,6,15.640795,15.87711,-0.236315,0.848910873854015,Down,0.254867523901991,0.520686078970095
Q86XK2,FBXO11,F-box only protein 11,12,13.86482,13.56274,0.30208,1.23292069120837,Up,0.255324766068804,0.521009162987275
Q9BQC3,DPH2,2-(3-amino-3-carboxypropyl)histidine synthase subunit 2,4,14.82556,15.19887,-0.37331,0.772009229301679,Down,0.255333768677739,0.521009162987275
Q8TF76,HASPIN,Serine/threonine-protein kinase haspin,12,12.28571,11.963585,0.322125,1.25017061692257,Up,0.255368658678354,0.521009162987275
Q96EB6,SIRT1,NAD-dependent protein deacetylase sirtuin-1,3,11.31936,11.705465,-0.386105,0.765192691813197,Down,0.255409221627869,0.521009162987275
Q96A19,CCDC102A,Coiled-coil domain-containing protein 102A,5,11.202435,11.00553,0.196905000000001,1.14623670472292,Up,0.255419834782686,0.521009162987275
O75251,NDUFS7,"NADH dehydrogenase [ubiquinone] iron-sulfur protein 7, mitochondrial",3,13.72927,13.999035,-0.269765,0.829454644335881,Down,0.255586380989001,0.521188025904445
P14678,SNRPB,Small nuclear ribonucleoprotein-associated proteins B and B',9,18.632625,18.399575,0.233049999999999,1.17531706109928,Up,0.25597743705341,0.52182445449907
Q9UBN7,HDAC6,Histone deacetylase 6,5,15.265025,15.801075,-0.53605,0.689656558824375,Down,0.256171321368322,0.521904044578423
Q96IG2,FBXL20,F-box/LRR-repeat protein 20,5,11.174865,11.4527,-0.277835,0.824827878190281,Down,0.256174416797156,0.521904044578423
Q9UI30,TRMT112,Multifunctional methyltransferase subunit TRM112-like protein,5,15.267365,14.869825,0.397539999999999,1.31725987948126,Up,0.256354883226566,0.522110762170839
O00469,PLOD2,"Procollagen-lysine,2-oxoglutarate 5-dioxygenase 2",14,17.564555,17.656235,-0.09168,0.938429323702531,Down,0.25646512224027,0.522174366261844
Q99676,ZNF184,Zinc finger protein 184,5,12.89472,13.20128,-0.30656,0.808567431948384,Down,0.256555540285769,0.522197587233953
Q9BZX2,UCK2,Uridine-cytidine kinase 2,4,15.38815,15.75613,-0.36798,0.774866672817706,Down,0.25694546037216,0.522830217857021
Q96BZ8,LENG1,Leukocyte receptor cluster member 1,3,12.81098,12.410955,0.400024999999999,1.31953077630071,Up,0.257101965177566,0.522987654003858
P17931,LGALS3,Galectin-3,9,14.76478,15.06962,-0.30484,0.809531991539935,Down,0.257223825668234,0.523036864912263
Q9UK45,LSM7,U6 snRNA-associated Sm-like protein LSm7,2,15.626605,15.11477,0.511835,1.42586263314884,Up,0.257343652921345,0.523036864912263
O60476,MAN1A2,"Mannosyl-oligosaccharide 1,2-alpha-mannosidase IB",9,12.93252,13.130085,-0.197565,0.872021130861589,Down,0.257387449425111,0.523036864912263
O94903,PLPBP,Pyridoxal phosphate homeostasis protein,8,11.906035,12.12842,-0.222385,0.857147266364284,Down,0.25744271774241,0.523036864912263
Q7Z5J4,RAI1,Retinoic acid-induced protein 1,28,13.16612,13.06849,0.0976299999999988,1.07001424261254,Up,0.257582937562736,0.523160920206552
O43169,CYB5B,Cytochrome b5 type B,4,13.283965,13.495465,-0.2115,0.86363882112011,Down,0.257776903434836,0.523258195798864
Q9P0S9,TMEM14C,Transmembrane protein 14C,1,7.337835,8.419988,-1.082153,0.472323427225676,Down,0.257789179228491,0.523258195798864
Q6NXT4,SLC30A6,Zinc transporter 6,2,12.118405,13.15548,-1.037075,0.487314481237863,Down,0.258009201383239,0.523544001210263
Q14534,SQLE,Squalene monooxygenase,7,13.09249,12.740235,0.352255,1.27655438310765,Up,0.258264137513936,0.523900455748804
Q8WTV0,SCARB1,Scavenger receptor class B member 1,6,16.91569,16.603585,0.312104999999999,1.2415178464705,Up,0.259049459363045,0.525301050700484
O43674,NDUFB5,"NADH dehydrogenase [ubiquinone] 1 beta subcomplex subunit 5, mitochondrial",3,12.54026,13.060975,-0.520715,0.697026301161372,Down,0.259113545965135,0.525301050700484
P56378,ATP5MJ,"ATP synthase subunit ATP5MJ, mitochondrial",1,14.034255,13.37264,0.661614999999999,1.58185241027274,Up,0.259396084192856,0.525617854415873
O95139,NDUFB6,NADH dehydrogenase [ubiquinone] 1 beta subcomplex subunit 6,2,12.69795,12.24192,0.456029999999998,1.37176181327902,Up,0.25945829928072,0.525617854415873
Q9P287,BCCIP,BRCA2 and CDKN1A-interacting protein,11,13.82282,13.70232,0.1205,1.08711156140222,Up,0.259668452691686,0.525617854415873
P0DP91,ERCC6,Chimeric ERCC6-PGBD3 protein,15,14.90198,14.71969,0.18229,1.134683548,Up,0.259675980535985,0.525617854415873
O15226,NKRF,NF-kappa-B-repressing factor,31,15.00372,15.141505,-0.137785,0.908913558693192,Down,0.259733459143694,0.525617854415873
O75165,DNAJC13,DnaJ homolog subfamily C member 13,50,13.1025,13.13033,-0.02783,0.980894580912154,Down,0.259746998414623,0.525617854415873
P14625,HSP90B1,Endoplasmin,33,17.00457,17.12189,-0.11732,0.921898611577511,Down,0.259875244706879,0.525716404122365
O75569,PRKRA,Interferon-inducible double-stranded RNA-dependent protein kinase activator A,6,11.018155,10.861035,0.157120000000001,1.11505896286768,Up,0.260088827893465,0.525987473545872
P82914,MRPS15,Small ribosomal subunit protein uS15m,6,12.710235,12.46923,0.241005000000001,1.18181564278817,Up,0.260399087777081,0.526453830259629
Q99741,CDC6,Cell division control protein 6 homolog,8,12.908845,12.17282,0.736025,1.66558040382005,Up,0.26056992384818,0.526563742890241
P50539,MXI1,Max-interacting protein 1,2,11.37359,11.65263,-0.27904,0.824139234644994,Down,0.260612801179298,0.526563742890241
Q149N8,SHPRH,E3 ubiquitin-protein ligase SHPRH,33,15.265595,15.12979,0.135805000000001,1.098705702,Up,0.260804823382889,0.526790671680169
P57740,NUP107,Nuclear pore complex protein Nup107,33,15.57037,15.76653,-0.19616,0.872870781298218,Down,0.261016511832203,0.527057172838077
Q96N66,MBOAT7,Lysophospholipid acyltransferase 7,8,13.60132,13.37685,0.224469999999998,1.16834795605333,Up,0.261414359460492,0.527699298006839
O14672,ADAM10,Disintegrin and metalloproteinase domain-containing protein 10,8,12.53086,12.178315,0.352545000000001,1.2768110125204,Up,0.261628472827144,0.52771851591432
Q14592,ZNF460,Zinc finger protein 460,7,13.450555,13.109875,0.340679999999999,1.26635333641133,Up,0.261658818858955,0.52771851591432
P55210,CASP7,Caspase-7,4,11.61374,12.07003,-0.45629,0.728858164947348,Down,0.261663425125016,0.52771851591432
Q99836,MYD88,Myeloid differentiation primary response protein MyD88,2,10.679195,11.83169,-1.152495,0.449846592515925,Down,0.261767737434328,0.52775694139467
Q96T60,PNKP,Bifunctional polynucleotide phosphatase/kinase,19,14.39964,14.46592,-0.06628,0.955097551904125,Down,0.261957366669243,0.52775694139467
Q96EP5,DAZAP1,DAZ-associated protein 1,14,17.61483,17.343825,0.271004999999995,1.20664810163716,Up,0.26200086982088,0.52775694139467
Q4KMP7,TBC1D10B,TBC1 domain family member 10B,7,12.026065,12.16164,-0.135575,0.910306949681364,Down,0.262157313204537,0.52775694139467
Q9H089,LSG1,Large subunit GTPase 1 homolog,13,13.382235,13.312235,0.0700000000000003,1.04971668362307,Up,0.262199822890253,0.52775694139467
Q5T200,ZC3H13,Zinc finger CCCH domain-containing protein 13,26,14.911515,14.808945,0.102569999999998,1.07368440875668,Up,0.262285523568844,0.52775694139467
P04626,ERBB2,Receptor tyrosine-protein kinase erbB-2,2,10.757865,11.970535,-1.21267,0.431469354667669,Down,0.262304696112226,0.52775694139467
Q9Y5B8,NME7,Nucleoside diphosphate kinase homolog 7,4,12.32195,12.420285,-0.098335,0.934110417237474,Down,0.262321312222952,0.52775694139467
P34913,EPHX2,Bifunctional epoxide hydrolase 2,3,7.4094275,9.7220435,-2.312616,0.201295105695298,Down,0.262625587815793,0.528208310978264
Q96H22,CENPN,Centromere protein N,2,10.5456735,9.534301,1.0113725,2.01582793501334,Up,0.262791245841727,0.528246711768528
Q8IXH7,NELFCD,Negative elongation factor C/D,16,15.33985,15.14543,0.194419999999997,1.14426404494579,Up,0.262878267043788,0.528246711768528
Q07889,SOS1,Son of sevenless homolog 1,5,13.82318,14.542175,-0.718995,0.607520501454473,Down,0.263090058388857,0.528246711768528
Q9UHJ3,SFMBT1,Scm-like with four MBT domains protein 1,21,12.43692,12.2866,0.150320000000001,1.10981560974876,Up,0.263112391950572,0.528246711768528
Q92966,SNAPC3,snRNA-activating protein complex subunit 3,6,11.012375,10.645335,0.367039999999999,1.28970400834806,Up,0.263152229976397,0.528246711768528
Q96B01,RAD51AP1,RAD51-associated protein 1,10,13.38837,13.05159,0.336779999999999,1.26293465924933,Up,0.263204458793829,0.528246711768528
Q9Y217,MTMR6,"Phosphatidylinositol-3,5-bisphosphate 3-phosphatase MTMR6",11,11.94736,12.06326,-0.1159,0.922806454506238,Down,0.263252087901909,0.528246711768528
P63220,RPS21,Small ribosomal subunit protein eS21,5,15.43247,15.28488,0.147589999999999,1.1077175005112,Up,0.263284107817451,0.528246711768528
Q8WVI0,UQCC5,Ubiquinol-cytochrome c reductase complex assembly factor 5,1,11.438365,11.621175,-0.18281,0.880985390469762,Down,0.263596787276777,0.528590246263903
Q5JS54,PSMG4,Proteasome assembly chaperone 4,4,12.203385,12.50919,-0.305805,0.808990687146965,Down,0.263615290011473,0.528590246263903
Q6P1Q0,LETMD1,LETM1 domain-containing protein 1,9,13.487475,13.620445,-0.13297,0.91195212883401,Down,0.263754389205015,0.528627648323253
Q8NHH9,ATL2,Atlastin-2,5,10.314035,10.63905,-0.325015,0.798290086325663,Down,0.263991104763756,0.528627648323253
P07910,HNRNPC,Heterogeneous nuclear ribonucleoproteins C1/C2,15,19.310345,19.136115,0.174230000000001,1.12836201093577,Up,0.263998705501515,0.528627648323253
Q9Y608,LRRFIP2,Leucine-rich repeat flightless-interacting protein 2,15,14.532095,14.450115,0.0819800000000015,1.05846972126736,Up,0.264018242754231,0.528627648323253
Q99666,RGPD5,RANBP2-like and GRIP domain-containing protein 5/6,26,15.76375,15.610725,0.153025000000001,1.11189842508163,Up,0.264033873069308,0.528627648323253
O15344,MID1,E3 ubiquitin-protein ligase Midline-1,4,11.78894,11.515265,0.273675000000001,1.20888331658663,Up,0.264142728865457,0.528685431578378
P23528,CFL1,Cofilin-1,10,18.49709,18.460945,0.0361449999999977,1.02537028892596,Up,0.264426541716414,0.528929653530314
Q8NFH5,NUP35,Nucleoporin NUP35,9,14.63577,14.666005,-0.030235,0.979260773211514,Down,0.264439535325212,0.528929653530314
Q99567,NUP88,Nuclear pore complex protein Nup88,22,15.07173,15.25469,-0.18296,0.880893797350479,Down,0.264522453700925,0.528929653530314
Q92733,PRCC,Proline-rich protein PRCC,9,14.606505,14.51816,0.0883450000000003,1.06314988113558,Up,0.2645848743488,0.528929653530314
Q9HCN4,GPN1,GPN-loop GTPase 1,2,10.2582135,9.5259405,0.732272999999999,1.6612543762447,Up,0.264738068997633,0.52894574242628
Q93008,USP9X,Ubiquitin carboxyl-terminal hydrolase 9X,23,14.475995,14.70176,-0.225765,0.855141460187493,Down,0.264821404952679,0.52894574242628
Q9Y2X0,MED16,Mediator of RNA polymerase II transcription subunit 16,23,13.905805,13.77903,0.126775,1.09185024955899,Up,0.26497606158333,0.52894574242628
Q3KQZ1,SLC25A35,Solute carrier family 25 member 35,1,9.4424325,10.4371495,-0.994717,0.501834304744805,Down,0.264995316258393,0.52894574242628
O00159,MYO1C,Unconventional myosin-Ic,43,15.50846,15.629355,-0.120895,0.919616973856939,Down,0.265102627922468,0.52894574242628
Q6PIW4,FIGNL1,Fidgetin-like protein 1,6,13.377025,12.927645,0.44938,1.36545332537013,Up,0.265128453836918,0.52894574242628
Q9BQD3,KXD1,KxDL motif-containing protein 1,1,10.112213,9.6527135,0.4594995,1.37506469771292,Up,0.265153161546114,0.52894574242628
O75688,PPM1B,Protein phosphatase 1B,2,9.891619,10.9230195,-1.0314005,0.489234992047504,Down,0.265560732694241,0.529145402804693
Q08117,TLE5,TLE family member 5,1,10.107762,10.425731,-0.317969,0.802198403455705,Down,0.265571352349622,0.529145402804693
Q13547,HDAC1,Histone deacetylase 1,17,18.49155,18.415615,0.0759349999999941,1.0540439327282,Up,0.265586890494529,0.529145402804693
P25325,MPST,3-mercaptopyruvate sulfurtransferase,3,12.016765,12.405875,-0.38911,0.763600525130087,Down,0.265611800557393,0.529145402804693
O60885,BRD4,Bromodomain-containing protein 4,37,16.18323,16.161105,0.0221250000000026,1.01545407944951,Up,0.265759899762995,0.529145402804693
O75486,SUPT3H,Transcription initiation protein SPT3 homolog,3,12.40966,12.000575,0.409084999999997,1.32784338930446,Up,0.265763275950231,0.529145402804693
Q460N5,PARP14,Protein mono-ADP-ribosyltransferase PARP14,53,16.751435,16.66294,0.0884950000000018,1.0632604247836,Up,0.265813699093899,0.529145402804693
Q9Y4B4,RAD54L2,Helicase ARIP4,5,14.47278,14.245775,0.227005000000002,1.17040269777421,Up,0.265896812478301,0.529151470541732
Q9BT17,MTG1,Mitochondrial ribosome-associated GTPase 1,10,12.523045,12.74367,-0.220625,0.85819357186035,Down,0.266146640630724,0.529489207684664
Q15052,ARHGEF6,Rho guanine nucleotide exchange factor 6,1,11.435575,10.99788,0.437695,1.3544386054988,Up,0.266366596460573,0.529767329523903
Q15149,PLEC,Plectin,247,17.314875,17.730325,-0.41545,0.749785587870331,Down,0.266601578528161,0.530024166487429
Q96FC9,DDX11,ATP-dependent DNA helicase DDX11,7,11.251995,11.05839,0.193605000000002,1.14361781562707,Up,0.266722131087011,0.530024166487429
Q9Y680,FKBP7,Peptidyl-prolyl cis-trans isomerase FKBP7,1,8.187767,8.5315595,-0.3437925,0.787967209678919,Down,0.266804541721161,0.530024166487429
P39210,MPV17,Mitochondrial inner membrane protein Mpv17,1,11.48148,12.50114,-1.01966,0.493232578692832,Down,0.266816523211329,0.530024166487429
O95182,NDUFA7,NADH dehydrogenase [ubiquinone] 1 alpha subcomplex subunit 7,5,12.45655,12.78274,-0.32619,0.797640185302799,Down,0.266898715752742,0.530028128728928
Q96MU7,YTHDC1,YTH domain-containing protein 1,10,14.22515,14.10803,0.11712,1.08456761688966,Up,0.267224097042274,0.530514886558242
Q14119,VEZF1,Vascular endothelial zinc finger 1,8,14.525585,14.580965,-0.05538,0.962340933032759,Down,0.267446450128137,0.5307968735426
Q53GS7,GLE1,mRNA export factor GLE1,19,13.07045,13.10749,-0.03704,0.974652607408652,Down,0.267640511138793,0.531022557224942
Q9BV10,ALG12,"Dol-P-Man:Man(7)GlcNAc(2)-PP-Dol alpha-1,6-mannosyltransferase",1,8.383938,9.474446,-1.090508,0.469595991929536,Down,0.26777553555467,0.531131006746942
O14579,COPE,Coatomer subunit epsilon,5,12.45008,12.733545,-0.283465,0.821615326951587,Down,0.268099759713287,0.531614555039039
P10636,MAPT,Microtubule-associated protein tau,4,11.12341,11.547735,-0.424325,0.74518730403411,Down,0.268314715682076,0.531775373961748
P69892,HBG2,Hemoglobin subunit gamma-2,9,15.25712,13.007455,2.249665,4.75572403219341,Up,0.268341787284374,0.531775373961748
Q04721,NOTCH2,Neurogenic locus notch homolog protein 2,7,12.003785,11.508275,0.495509999999999,1.40981904523191,Up,0.268571532275573,0.532010072085622
P46937,YAP1,Transcriptional coactivator YAP1,4,13.34515,13.14966,0.195489999999999,1.14511302317097,Up,0.268621215093013,0.532010072085622
P52747,ZNF143,Zinc finger protein 143,13,13.087515,13.31461,-0.227095,0.854353480730311,Down,0.268961640240037,0.532402086886465
Q9HCD6,TANC2,Protein TANC2,23,13.93739,14.27031,-0.33292,0.793927954424906,Down,0.269024237066973,0.532402086886465
Q8WW59,SPRYD4,SPRY domain-containing protein 4,5,11.20755,11.499615,-0.292065,0.816732192765978,Down,0.269111267493293,0.532402086886465
P29558,RBMS1,"RNA-binding motif, single-stranded-interacting protein 1",3,12.18864,11.697585,0.491054999999999,1.40547228013855,Up,0.269141378769508,0.532402086886465
O43426,SYNJ1,Synaptojanin-1,28,14.43258,14.698715,-0.266135,0.831544283086515,Down,0.269231489217991,0.532420979126781
Q8TF50,ZNF526,Zinc finger protein 526,1,10.289222,9.232357,1.056865,2.08040585022972,Up,0.269406144733709,0.532607002855244
P09543,CNP,"2',3'-cyclic-nucleotide 3'-phosphodiesterase",18,14.779115,14.973565,-0.19445,0.87390599243041,Down,0.269739562512484,0.532901641867752
Q9HCU5,PREB,Guanine nucleotide-exchange factor SEC12,7,13.196905,13.33709,-0.140185,0.907402789574635,Down,0.269782751776644,0.532901641867752
Q12802,AKAP13,A-kinase anchor protein 13,12,12.624165,12.462135,0.162030000000001,1.11886036684107,Up,0.269797078784914,0.532901641867752
Q4U2R6,MRPL51,Large ribosomal subunit protein mL51,3,13.383745,12.93253,0.451215000000001,1.36719118467434,Up,0.270018445333881,0.533179535468068
P14859,POU2F1,"POU domain, class 2, transcription factor 1",6,14.853765,14.778085,0.0756799999999984,1.05385764425923,Up,0.270359813681317,0.533694148333281
Q9NQV5,PRDM11,PR domain-containing protein 11,2,10.91284,10.552015,0.360824999999998,1.28416002995833,Up,0.271000823837793,0.534605247428994
Q969V3,NCLN,BOS complex subunit NCLN,18,14.36381,14.22474,0.13907,1.10119502711774,Up,0.271038848757596,0.534605247428994
Q14764,MVP,Major vault protein,30,15.164605,15.0317,0.132904999999999,1.09649938284229,Up,0.271131884135135,0.534605247428994
Q9UIW2,PLXNA1,Plexin-A1,11,12.634885,12.339015,0.295870000000001,1.2276250587007,Up,0.271212106686612,0.534605247428994
P43243,MATR3,Matrin-3,37,18.403805,18.271245,0.132559999999998,1.09623720195974,Up,0.271225812472298,0.534605247428994
Q8NBX0,SCCPDH,Saccharopine dehydrogenase-like oxidoreductase,11,14.81343,14.944745,-0.131315,0.912998882828264,Down,0.271366912354403,0.534634135506209
Q05469,LIPE,Hormone-sensitive lipase,4,10.0646005,9.8096315,0.254969000000001,1.19331010143073,Up,0.271402258227165,0.534634135506209
Q6ZSZ5,ARHGEF18,Rho guanine nucleotide exchange factor 18,11,12.072445,11.82721,0.245234999999999,1.18528582593701,Up,0.271644813274298,0.534952494317592
P50750,CDK9,Cyclin-dependent kinase 9,13,16.20744,16.2446,-0.03716,0.974571541455314,Down,0.272045302002475,0.535310839897966
Q969Q0,RPL36AL,Ribosomal protein eL42-like,1,13.540115,14.031835,-0.49172,0.711176717938711,Down,0.272052995634737,0.535310839897966
O75879,GATB,"Glutamyl-tRNA(Gln) amidotransferase subunit B, mitochondrial",1,8.164221,9.201516,-1.037295,0.487240175158646,Down,0.272088129093477,0.535310839897966
Q9H845,ACAD9,"Complex I assembly factor ACAD9, mitochondrial",24,14.148355,14.32115,-0.172795,0.887122351999819,Down,0.272150767446991,0.535310839897966
P55347,PKNOX1,Homeobox protein PKNOX1,3,12.858805,13.018035,-0.15923,0.895502894189762,Down,0.272297100559434,0.53543931496498
Q6VY07,PACS1,Phosphofurin acidic cluster sorting protein 1,13,12.19774,12.282995,-0.085255,0.942617911091402,Down,0.272413513958387,0.535508897605883
Q6ZNG1,ZNF600,Zinc finger protein 600,2,7.752514,9.0748505,-1.3223365,0.399886782084954,Down,0.272683401986079,0.535878928539034
P50502,ST13,Hsc70-interacting protein,7,13.490465,13.83881,-0.348345,0.785484656722522,Down,0.27276391520734,0.535878928539034
Q9P0L0,VAPA,Vesicle-associated membrane protein-associated protein A,9,16.055825,15.88025,0.175574999999998,1.12941445412005,Up,0.27291144679579,0.535906160151649
P12755,SKI,Ski oncogene,2,9.572095,10.574045,-1.00195,0.499324638023892,Down,0.272939950835293,0.535906160151649
P62166,NCS1,Neuronal calcium sensor 1,5,11.31326,10.88131,0.431950000000001,1.34905577881902,Up,0.273142608328375,0.53614478718213
P62241,RPS8,Small ribosomal subunit protein eS8,12,17.39379,17.50315,-0.10936,0.926999200694826,Down,0.273338085603759,0.53636918282519
Q96RT1,ERBIN,Erbin,30,14.992055,14.734115,0.257940000000001,1.19577006506304,Up,0.27342432591823,0.536379154049742
Q96BR6,ZNF669,Zinc finger protein 669,4,11.778725,11.50304,0.275685000000001,1.21056873786589,Up,0.273562313749324,0.53647765227015
P17612,PRKACA,cAMP-dependent protein kinase catalytic subunit alpha,1,11.775835,11.225185,0.550650000000001,1.46474548203331,Up,0.273652373955771,0.53647765227015
Q6ZSJ8,C1orf122,Uncharacterized protein C1orf122,3,11.747945,11.30298,0.444965,1.36128109121361,Up,0.273718057717498,0.53647765227015
O15230,LAMA5,Laminin subunit alpha-5,10,12.021845,11.758215,0.263629999999999,1.2004955035739,Up,0.273927563709533,0.536729104226595
Q5SSJ5,HP1BP3,Heterochromatin protein 1-binding protein 3,19,17.508195,17.411115,0.0970799999999983,1.06960639781352,Up,0.27409718108774,0.536780614452843
Q9NUQ3,TXLNG,Gamma-taxilin,11,13.415065,13.240115,0.174950000000001,1.12892527855943,Up,0.274191439175776,0.536780614452843
A1L170,C1orf226,Uncharacterized protein C1orf226,5,14.333295,14.01781,0.315484999999999,1.24442993093954,Up,0.274197511634559,0.536780614452843
O00762,UBE2C,Ubiquitin-conjugating enzyme E2 C,3,14.836555,15.008795,-0.17224,0.887463690679731,Down,0.274388611172531,0.536922431172928
Q9NTG7,SIRT3,"NAD-dependent protein deacetylase sirtuin-3, mitochondrial",1,10.2148145,10.829551,-0.6147365,0.653049158347297,Down,0.27446035188509,0.536922431172928
Q6N069,NAA16,"N-alpha-acetyltransferase 16, NatA auxiliary subunit",1,9.741228,10.7350775,-0.9938495,0.502136151053096,Down,0.274513677550813,0.536922431172928
O43318,MAP3K7,Mitogen-activated protein kinase kinase kinase 7,4,10.680205,11.27778,-0.597575,0.660863856421958,Down,0.275171486216966,0.537522073354268
Q6B0B8,TIGD3,Tigger transposable element-derived protein 3,1,11.287405,10.873955,0.413450000000001,1.33186697938202,Up,0.275310505578538,0.537522073354268
Q13823,GNL2,Nucleolar GTP-binding protein 2,18,14.38648,14.1481,0.238380000000001,1.17966727089995,Up,0.275310763040679,0.537522073354268
Q14186,TFDP1,Transcription factor Dp-1,6,13.703495,13.34234,0.361155,1.28445380048375,Up,0.27535786208879,0.537522073354268
O15213,WDR46,WD repeat-containing protein 46,14,13.231145,13.32836,-0.097215,0.934835871917568,Down,0.275363154813995,0.537522073354268
Q14257,RCN2,Reticulocalbin-2,4,11.53245,11.926815,-0.394365,0.760824178524074,Down,0.275364073127919,0.537522073354268
Q9HAN9,NMNAT1,Nicotinamide/nicotinic acid mononucleotide adenylyltransferase 1,9,13.989615,14.144785,-0.15517,0.898026547672269,Down,0.275415246552739,0.537522073354268
Q13029,PRDM2,PR domain zinc finger protein 2,17,13.195415,12.89709,0.298325,1.22971585763008,Up,0.275521759108244,0.537522073354268
Q8ND76,CCNY,Cyclin-Y,8,11.566575,11.993765,-0.42719,0.743708929815301,Down,0.275595338175018,0.537522073354268
P08574,CYC1,"Cytochrome c1, heme protein, mitochondrial",8,14.640675,14.84223,-0.201555,0.869612751209926,Down,0.275730676810934,0.537522073354268
O75533,SF3B1,Splicing factor 3B subunit 1,54,17.127925,17.070745,0.0571800000000025,1.04043006923474,Up,0.275762296549735,0.537522073354268
Q8NFI3,ENGASE,Cytosolic endo-beta-N-acetylglucosaminidase,15,13.71236,13.610245,0.102115000000001,1.07334584144756,Up,0.275942238441973,0.537522073354268
Q5XKP0,MICOS13,MICOS complex subunit MIC13,1,12.839575,13.88158,-1.042005,0.485652064626103,Down,0.275947807561923,0.537522073354268
Q9Y6X3,MAU2,MAU2 chromatid cohesion factor homolog,17,14.735015,14.608775,0.126240000000001,1.09144542971075,Up,0.275958903751101,0.537522073354268
Q7Z6K5,ARPIN,Arpin,2,10.483461,10.052442,0.431019000000001,1.34818548694855,Up,0.276245378173869,0.537726038265434
Q9Y2X9,ZNF281,Zinc finger protein 281,18,13.02658,13.18289,-0.15631,0.89731721835153,Down,0.27626803088698,0.537726038265434
Q14157,UBAP2L,Ubiquitin-associated protein 2-like,11,14.73033,14.61924,0.111089999999997,1.08004393437806,Up,0.276349006213206,0.537726038265434
Q9H2H9,SLC38A1,Sodium-coupled neutral amino acid symporter 1,4,12.161065,11.91328,0.247785,1.18738270122861,Up,0.276389068238414,0.537726038265434
O95372,LYPLA2,Acyl-protein thioesterase 2,3,12.351255,12.78612,-0.434865,0.73976297460946,Down,0.276526667638205,0.537758759553921
P02679,FGG,Fibrinogen gamma chain,3,11.213045,10.474635,0.73841,1.66833614530853,Up,0.276716517854038,0.537758759553921
Q6P4F7,ARHGAP11A,Rho GTPase-activating protein 11A,9,11.824545,11.40784,0.416705,1.33487532219302,Up,0.276723509182952,0.537758759553921
Q8NBZ0,INO80E,INO80 complex subunit E,3,13.010045,12.662465,0.347579999999999,1.27242445083387,Up,0.276731357428186,0.537758759553921
P04040,CAT,Catalase,10,17.6321,17.49548,0.136620000000001,1.0993265530387,Up,0.276989339329266,0.537804154299344
Q02218,OGDH,2-oxoglutarate dehydrogenase complex component E1,28,13.084345,13.219295,-0.13495,0.910701395550281,Down,0.27698952362832,0.537804154299344
Q15532,SS18,Protein SSXT,3,13.019325,12.819785,0.199539999999999,1.14833215354939,Up,0.27699884116129,0.537804154299344
Q02750,MAP2K1,Dual specificity mitogen-activated protein kinase kinase 1,3,12.66947,13.059935,-0.390465,0.762883677188052,Down,0.277438256927669,0.538499101331854
P09493,TPM1,Tropomyosin alpha-1 chain,11,15.2892,14.998965,0.290235000000001,1.22283944928353,Up,0.27780607940306,0.539009379940118
Q5VZE5,NAA35,"N-alpha-acetyltransferase 35, NatC auxiliary subunit",7,15.15381,15.01919,0.13462,1.09780361869874,Up,0.277864269550005,0.539009379940118
O94892,ZNF432,Zinc finger protein 432,2,11.701935,11.884135,-0.1822,0.881357967279739,Down,0.278104084393343,0.539316283378992
P41273,TNFSF9,Tumor necrosis factor ligand superfamily member 9,1,9.3590275,8.7156455,0.643381999999999,1.56198651672662,Up,0.27851395130206,0.5399526852905
O95453,PARN,Poly(A)-specific ribonuclease PARN,26,18.185395,18.115645,0.0697499999999991,1.04953479734286,Up,0.278752060182533,0.54025582573207
Q9H9C1,VIPAS39,Spermatogenesis-defective protein 39 homolog,9,10.810495,11.433205,-0.62271,0.649449835898527,Down,0.278993662627298,0.540400119738102
O43765,SGTA,Small glutamine-rich tetratricopeptide repeat-containing protein alpha,4,14.65844,14.938165,-0.279725,0.823748021423484,Down,0.279076646137164,0.540400119738102
Q15057,ACAP2,"Arf-GAP with coiled-coil, ANK repeat and PH domain-containing protein 2",10,13.08785,13.413235,-0.325385,0.798085379543427,Down,0.279135055757239,0.540400119738102
Q9UIF7,MUTYH,Adenine DNA glycosylase,3,10.72993,10.39173,0.338200000000001,1.26417833863603,Up,0.27927781890113,0.540400119738102
Q8NBK3,SUMF1,Formylglycine-generating enzyme,2,9.7852835,8.749159,1.0361245,2.05071143802544,Up,0.279283062277311,0.540400119738102
Q6P087,RPUSD3,Mitochondrial mRNA pseudouridine synthase RPUSD3,11,13.236915,12.828355,0.40856,1.32736027199023,Up,0.279317114393306,0.540400119738102
O43818,RRP9,U3 small nucleolar RNA-interacting protein 2,11,15.01777,14.76471,0.25306,1.19173213628965,Up,0.279514074094925,0.540622919430306
O60921,HUS1,Checkpoint protein HUS1,3,12.58569,12.43136,0.15433,1.11290465569175,Up,0.279915183278562,0.540799930683727
Q96MW7,TIGD1,Tigger transposable element-derived protein 1,6,12.814775,13.104445,-0.28967,0.818089165703211,Down,0.279925216411845,0.540799930683727
P05387,RPLP2,Large ribosomal subunit protein P2,5,17.56864,17.36851,0.200130000000001,1.14880186787408,Up,0.280152179177896,0.540799930683727
Q96SK2,TMEM209,Transmembrane protein 209,12,13.748095,13.8723,-0.124205,0.917509499378053,Down,0.280245151486561,0.540799930683727
Q9BUE0,MED18,Mediator of RNA polymerase II transcription subunit 18,4,14.8202,14.511195,0.309004999999999,1.23885299131376,Up,0.280305804869175,0.540799930683727
Q13535,ATR,Serine/threonine-protein kinase ATR,82,15.483605,15.53589,-0.052285,0.964407649978598,Down,0.280437734158326,0.540799930683727
Q00587,CDC42EP1,Cdc42 effector protein 1,8,12.35102,11.84098,0.51004,1.42408967919955,Up,0.280814684427687,0.540799930683727
P08579,SNRPB2,U2 small nuclear ribonucleoprotein B'',7,16.60289,16.335135,0.267755000000001,1.20393291070806,Up,0.280978154192844,0.540799930683727
Q9UBQ5,EIF3K,Eukaryotic translation initiation factor 3 subunit K,7,13.08346,12.899215,0.184244999999999,1.13622220286177,Up,0.281081922693738,0.540799930683727
P42685,FRK,Tyrosine-protein kinase FRK,1,10.976185,12.013155,-1.03697,0.487349949497711,Down,0.281100684013509,0.540799930683727
Q8TF64,GIPC3,PDZ domain-containing protein GIPC3,2,9.141364,8.092789,1.048575,2.06848572313054,Up,0.281238124896793,0.540799930683727
O75128,COBL,Protein cordon-bleu,32,14.24591,14.13587,0.11004,1.07925815947962,Up,0.281294502016557,0.540799930683727
P13631,RARG,Retinoic acid receptor gamma,10,13.47295,13.240415,0.232535000000002,1.17489758210542,Up,0.28148012543297,0.540799930683727
Q9NUW8,TDP1,Tyrosyl-DNA phosphodiesterase 1,21,14.634355,14.75026,-0.115905,0.922803256308319,Down,0.281512705649779,0.540799930683727
P51553,IDH3G,"Isocitrate dehydrogenase [NAD] subunit gamma, mitochondrial",5,15.174845,15.48945,-0.314605,0.804071109759205,Down,0.281522443035857,0.540799930683727
P83436,COG7,Conserved oligomeric Golgi complex subunit 7,2,11.21057,12.27657,-1.066,0.477641468191219,Down,0.281559245191605,0.540799930683727
Q9NYU1,UGGT2,UDP-glucose:glycoprotein glucosyltransferase 2,6,10.95236,10.59199,0.360370000000001,1.28375509290022,Up,0.281620410682126,0.540799930683727
Q9UHA4,LAMTOR3,Ragulator complex protein LAMTOR3,2,12.439265,12.776325,-0.33706,0.791652941266375,Down,0.281656757326913,0.540799930683727
Q96QD9,FYTTD1,UAP56-interacting factor,15,15.655855,15.930765,-0.27491,0.826501876416091,Down,0.281719747356256,0.540799930683727
Q9H0J9,PARP12,Protein mono-ADP-ribosyltransferase PARP12,17,13.163675,12.974515,0.189159999999999,1.14009970678591,Up,0.281751010997781,0.540799930683727
Q99569,PKP4,Plakophilin-4,22,13.893635,14.12643,-0.232795,0.850984641724864,Down,0.281751426540904,0.540799930683727
Q9Y333,LSM2,U6 snRNA-associated Sm-like protein LSm2,4,14.96378,14.54517,0.418610000000001,1.33663911638438,Up,0.281825761178963,0.540799930683727
P61163,ACTR1A,Alpha-centractin,12,13.916835,14.08125,-0.164415,0.892290261833821,Down,0.281885987320672,0.540799930683727
P48556,PSMD8,26S proteasome non-ATPase regulatory subunit 8,9,13.05575,12.75596,0.29979,1.23096521988843,Up,0.2819098477504,0.540799930683727
Q99848,EBNA1BP2,Probable rRNA-processing protein EBP2,16,16.920075,17.19742,-0.277345,0.82510807205833,Down,0.281912143890669,0.540799930683727
P04920,SLC4A2,Anion exchange protein 2,4,11.6638,11.12794,0.53586,1.44980613598733,Up,0.281999770317135,0.540799930683727
Q13330,MTA1,Metastasis-associated protein MTA1,22,15.18199,15.054105,0.127884999999999,1.09269063515459,Up,0.282058270473324,0.540799930683727
Q16352,INA,Alpha-internexin,17,13.119255,14.128,-1.008745,0.496978381085301,Down,0.282110338536236,0.540799930683727
Q99622,C12orf57,Protein C10,3,11.667905,11.4838,0.184105000000001,1.13611194852113,Up,0.282127084688853,0.540799930683727
Q16206,ENOX2,Ecto-NOX disulfide-thiol exchanger 2,6,11.72708,11.343215,0.383865,1.30483284241327,Up,0.282307781698262,0.540799930683727
P21281,ATP6V1B2,"V-type proton ATPase subunit B, brain isoform",15,14.585875,14.757835,-0.17196,0.8876359474225,Down,0.282345281998038,0.540799930683727
Q8NDT2,RBM15B,Putative RNA-binding protein 15B,18,13.21273,13.08966,0.12307,1.08904985508275,Up,0.282355095592648,0.540799930683727
Q13011,ECH1,"Delta(3,5)-Delta(2,4)-dienoyl-CoA isomerase, mitochondrial",11,15.18819,15.319135,-0.130945,0.913233064619183,Down,0.282411339451803,0.540799930683727
Q9UIS9,MBD1,Methyl-CpG-binding domain protein 1,6,11.99732,11.232225,0.765094999999999,1.69948190374638,Up,0.282441533396302,0.540799930683727
O43299,AP5Z1,AP-5 complex subunit zeta-1,2,7.783407,8.7899625,-1.0065555,0.497733190836139,Down,0.282469565852659,0.540799930683727
Q05519,SRSF11,Serine/arginine-rich splicing factor 11,11,17.511845,17.27664,0.235205000000001,1.17707398186609,Up,0.282584997424251,0.540864247893679
Q04864,REL,Proto-oncogene c-Rel,2,9.4201745,8.352012,1.0681625,2.09676110939193,Up,0.282745357017529,0.540946725535645
Q99805,TM9SF2,Transmembrane 9 superfamily member 2,3,12.50211,12.688465,-0.186355,0.878823284675525,Down,0.282791789487919,0.540946725535645
P12757,SKIL,Ski-like protein,8,15.98092,16.281775,-0.300855,0.811771165027024,Down,0.283064134788597,0.541311014704235
Q9P0U3,SENP1,Sentrin-specific protease 1,15,14.207245,14.56238,-0.355135,0.781796483201887,Down,0.283385112492882,0.541768067244853
Q14188,TFDP2,Transcription factor Dp-2,5,10.939235,11.235715,-0.29648,0.814236612808708,Down,0.283565351050373,0.541849866037173
Q96G25,MED8,Mediator of RNA polymerase II transcription subunit 8,4,13.60039,13.29491,0.305480000000001,1.23582974244636,Up,0.283591872692174,0.541849866037173
Q9UHN1,POLG2,DNA polymerase subunit gamma-2,11,13.25007,13.42761,-0.17754,0.884209414263138,Down,0.283774880219875,0.542042827564496
P82979,SARNP,SAP domain-containing ribonucleoprotein,11,17.495845,17.354995,0.140849999999997,1.10255452222552,Up,0.284353405838056,0.542974484156776
Q8TAP6,CEP76,Centrosomal protein of 76 kDa,4,11.624735,11.924995,-0.30026,0.81210602682667,Down,0.28448159240324,0.542974484156776
Q9NZ32,ACTR10,Actin-related protein 10,6,12.43289,12.56954,-0.13665,0.909628902382734,Down,0.284509099505964,0.542974484156776
Q9NPA0,EMC7,Endoplasmic reticulum membrane protein complex subunit 7,5,13.918695,13.85387,0.064824999999999,1.04595805659354,Up,0.284671081708321,0.543126783778953
Q9BYD2,MRPL9,Large ribosomal subunit protein bL9m,6,13.095195,12.789365,0.30583,1.23612959298256,Up,0.284841016941058,0.543294164780218
Q9Y3X0,CCDC9,Coiled-coil domain-containing protein 9,3,13.089855,12.64911,0.440745,1.3573050515734,Up,0.285649482305843,0.544115926323309
Q8TB52,FBXO30,F-box only protein 30,3,13.321815,13.85511,-0.533295,0.690974799383948,Down,0.28568047963173,0.544115926323309
Q9H0G5,NSRP1,Nuclear speckle splicing regulatory protein 1,11,14.31487,14.09252,0.222349999999999,1.1666323622363,Up,0.285698044574008,0.544115926323309
Q92626,PXDN,Peroxidasin homolog,7,11.938735,12.19742,-0.258685,0.835849439504543,Down,0.285860980706879,0.544115926323309
Q96F44,TRIM11,E3 ubiquitin-protein ligase TRIM11,9,14.09843,13.921675,0.176755,1.13033859552705,Up,0.285863292532722,0.544115926323309
P78524,DENND2B,DENN domain-containing protein 2B,7,11.384125,11.186405,0.19772,1.1468844139092,Up,0.285913642683689,0.544115926323309
P54652,HSPA2,Heat shock-related 70 kDa protein 2,9,13.57941,13.88636,-0.30695,0.808348883557583,Down,0.285944387292549,0.544115926323309
Q16850,CYP51A1,Lanosterol 14-alpha demethylase,13,12.678555,12.385235,0.29332,1.22545711684819,Up,0.286008807950811,0.544115926323309
Q9BT25,HAUS8,HAUS augmin-like complex subunit 8,3,11.62747,11.69377,-0.0663,0.955084311532394,Down,0.28601282010095,0.544115926323309
Q9NRN9,METTL5,rRNA N(6)-adenosine-methyltransferase METTL5,5,12.819735,13.11806,-0.298325,0.813195986532377,Down,0.2861633706603,0.544245673868754
Q9BQ24,ZFYVE21,Zinc finger FYVE domain-containing protein 21,5,12.33281,12.117675,0.215135000000002,1.16081253218276,Up,0.286335838197195,0.544388285019322
Q8N0Y2,ZNF444,Zinc finger protein 444,4,12.83836,12.532275,0.306085000000001,1.2363481013272,Up,0.28657504036737,0.544388285019322
P51531,SMARCA2,Probable global transcription activator SNF2L2,45,16.123405,16.02927,0.0941349999999979,1.06742521754208,Up,0.286585338723275,0.544388285019322
O75616,ERAL1,"GTPase Era, mitochondrial",13,15.777085,15.59173,0.185354999999999,1.13709674108079,Up,0.286601579686033,0.544388285019322
Q9Y619,SLC25A15,Mitochondrial ornithine transporter 1,5,11.07841,11.600805,-0.522395,0.696215095322558,Down,0.28678403653649,0.544388285019322
Q9UMY1,NOL7,U3 small nucleolar RNA-associated protein NOL7,6,14.073415,13.96779,0.105625,1.07596041383499,Up,0.286802818229746,0.544388285019322
Q9NY27,PPP4R2,Serine/threonine-protein phosphatase 4 regulatory subunit 2,12,13.957095,13.61883,0.338265,1.26423529692646,Up,0.28681495058818,0.544388285019322
O95833,CLIC3,Chloride intracellular channel protein 3,9,11.70214,12.3049,-0.60276,0.658492995733747,Down,0.287184012707841,0.544932282511088
Q9Y5W9,SNX11,Sorting nexin-11,3,12.575015,12.93927,-0.364255,0.776869942919358,Down,0.287769458843155,0.545886439005284
Q96CW6,SLC7A6OS,Probable RNA polymerase II nuclear localization protein SLC7A6OS,1,13.71723,12.71536,1.00187,2.00259405127758,Up,0.287875080465121,0.54593010237991
O95757,HSPA4L,Heat shock 70 kDa protein 4L,20,16.379875,16.25555,0.124324999999999,1.08999763141302,Up,0.288374296428287,0.54612400510754
O00401,WASL,Actin nucleation-promoting factor WASL,7,12.494625,12.05265,0.441974999999999,1.35846274397946,Up,0.288402930480354,0.54612400510754
P62269,RPS18,Small ribosomal subunit protein uS13,11,17.645875,17.76219,-0.116315,0.922541041794621,Down,0.288418789954923,0.54612400510754
Q9H4L7,SMARCAD1,SWI/SNF-related matrix-associated actin-dependent regulator of chromatin subfamily A containing DEAD/H box 1,18,12.68442,12.86646,-0.18204,0.881455718426527,Down,0.288489271840432,0.54612400510754
P15311,EZR,Ezrin,41,18.79976,18.733755,0.066004999999997,1.04681390994884,Up,0.28849484991668,0.54612400510754
Q9UID3,VPS51,Vacuolar protein sorting-associated protein 51 homolog,12,13.411445,13.555105,-0.14366,0.905219770927642,Down,0.288574933902515,0.54612400510754
P11908,PRPS2,Ribose-phosphate pyrophosphokinase 2,6,14.27722,14.488325,-0.211105,0.863875311874888,Down,0.288734855798354,0.54612400510754
Q9Y3A2,UTP11,Probable U3 small nucleolar RNA-associated protein 11,8,16.507205,16.658945,-0.15174,0.900164141197837,Down,0.288756930438517,0.54612400510754
Q96HR3,MED30,Mediator of RNA polymerase II transcription subunit 30,4,14.82404,14.565605,0.258434999999999,1.19618041355726,Up,0.288786922952246,0.54612400510754
Q8IVV7,GID4,Glucose-induced degradation protein 4 homolog,1,8.9003315,10.066036,-1.1657045,0.445746538630004,Down,0.288803661348291,0.54612400510754
P11473,VDR,Vitamin D3 receptor,7,12.123875,11.87514,0.248735000000002,1.18816483813796,Up,0.288892241917832,0.546124880011072
Q96KP1,EXOC2,Exocyst complex component 2,20,13.720545,13.92996,-0.209415,0.864887864545845,Down,0.289001402545899,0.546124880011072
O75943,RAD17,Cell cycle checkpoint protein RAD17,6,16.257625,16.04597,0.211654999999997,1.15801585006048,Up,0.289070088963208,0.546124880011072
Q9NPI1,BRD7,Bromodomain-containing protein 7,13,13.451205,13.3359,0.115305000000003,1.08320402136428,Up,0.289134658066083,0.546124880011072
Q9HCG8,CWC22,Pre-mRNA-splicing factor CWC22 homolog,18,14.09618,13.95128,0.1449,1.10565401256798,Up,0.289268616020795,0.546221795223267
Q96E39,RBMXL1,"RNA binding motif protein, X-linked-like-1",4,12.125305,12.364995,-0.23969,0.846927276840727,Down,0.289506014349656,0.546513924260748
Q7L5D6,GET4,Golgi to ER traffic protein 4 homolog,5,15.01495,14.87638,0.138569999999998,1.10081344813001,Up,0.289827401044823,0.54696438992154
Q9GZY8,MFF,Mitochondrial fission factor,4,11.845565,12.24427,-0.398705,0.758538861657132,Down,0.289959288189745,0.546964668147485
Q9H8Y5,ANKZF1,tRNA endonuclease ANKZF1,10,12.858045,12.63357,0.224475000000002,1.16835200524581,Up,0.289993069630623,0.546964668147485
Q9P253,VPS18,Vacuolar protein sorting-associated protein 18 homolog,10,13.42952,13.726125,-0.296605,0.814166067638329,Down,0.290210646867851,0.547099961417904
Q8NDZ2,SIMC1,SUMO-interacting motif-containing protein 1,2,10.3646825,9.9408565,0.423826000000002,1.34148042237833,Up,0.290231139309384,0.547099961417904
P02768,ALB,Albumin,32,16.28002,15.77243,0.50759,1.42167332733972,Up,0.290313143394248,0.547099961417904
O94855,SEC24D,Protein transport protein Sec24D,8,11.933625,12.240795,-0.30717,0.808225625910847,Down,0.290401321597123,0.547110129542584
P52735,VAV2,Guanine nucleotide exchange factor VAV2,10,10.40634,10.71448,-0.30814,0.807682395817999,Down,0.290831789135433,0.547764974179561
Q05639,EEF1A2,Elongation factor 1-alpha 2,20,20.22572,20.133875,0.0918449999999993,1.06573222997689,Up,0.290979857072395,0.547807717434943
P05204,HMGN2,Non-histone chromosomal protein HMG-17,1,9.227414,7.9433985,1.2840155,2.43515819999256,Up,0.291020259632938,0.547807717434943
Q8TBX8,PIP4K2C,Phosphatidylinositol 5-phosphate 4-kinase type-2 gamma,10,14.272765,14.348465,-0.0757,0.94888160901028,Down,0.291106904489011,0.547814786949851
Q9H9J4,USP42,Ubiquitin carboxyl-terminal hydrolase 42,10,15.21334,15.096065,0.117275000000001,1.0846841467222,Up,0.291527371102511,0.548260629360205
Q9BT22,ALG1,Chitobiosyldiphosphodolichol beta-mannosyltransferase,5,14.722845,14.626955,0.0958900000000007,1.06872450193314,Up,0.291566658834407,0.548260629360205
Q5VT66,MTARC1,Mitochondrial amidoxime-reducing component 1,10,14.252445,14.512155,-0.25971,0.835255799563515,Down,0.291592693630068,0.548260629360205
Q9BXB5,OSBPL10,Oxysterol-binding protein-related protein 10,5,12.39792,11.941405,0.456515,1.37222304472637,Up,0.291741191062762,0.548295007609314
Q9BZD4,NUF2,Kinetochore protein Nuf2,6,13.9747,13.777925,0.196775000000001,1.14613342298009,Up,0.291776901461939,0.548295007609314
Q5H9R7,PPP6R3,Serine/threonine-protein phosphatase 6 regulatory subunit 3,13,14.37154,14.493375,-0.121835,0.919017984898392,Down,0.292036528488407,0.548626895048289
Q5TC82,RC3H1,Roquin-1,3,10.648105,10.15608,0.492025,1.40641757106131,Up,0.292394322091895,0.549085723393701
P22307,SCP2,Sterol carrier protein 2,10,15.0442,14.83797,0.206230000000001,1.15366951283712,Up,0.292529351875289,0.549085723393701
Q96KV7,WDR90,WD repeat-containing protein 90,4,10.485775,10.72491,-0.239135,0.847253149633814,Down,0.292530009391621,0.549085723393701
P53701,HCCS,Holocytochrome c-type synthase,6,12.180495,12.006085,0.174410000000002,1.12850280148894,Up,0.292806591986481,0.549448826359639
Q8N5I9,NOPCHAP1,NOP protein chaperone 1,4,13.42774,12.83909,0.588650000000001,1.50383887354419,Up,0.293015684084302,0.549532689159862
Q9BXS5,AP1M1,AP-1 complex subunit mu-1,9,14.027905,14.35017,-0.322265,0.799813201948688,Down,0.293017581570488,0.549532689159862
O95747,OXSR1,Serine/threonine-protein kinase OSR1,10,13.985285,14.28305,-0.297765,0.813511699925424,Down,0.293209385030767,0.549622001017241
Q9NXN4,GDAP2,Ganglioside-induced differentiation-associated protein 2,2,9.9315985,10.9242845,-0.992686,0.502541275521307,Down,0.293339552817577,0.549622001017241
Q8N5I2,ARRDC1,Arrestin domain-containing protein 1,6,12.94365,12.78177,0.161879999999998,1.1187440426521,Up,0.293391230660426,0.549622001017241
Q9Y6G3,MRPL42,Large ribosomal subunit protein mL42,2,11.330505,10.84483,0.485674999999999,1.40024084913101,Up,0.2933978543787,0.549622001017241
Q6GQQ9,OTUD7B,OTU domain-containing protein 7B,8,12.47382,12.855925,-0.382105,0.767317200273991,Down,0.29361343673953,0.549869992465727
Q9H3C7,GGNBP2,Gametogenetin-binding protein 2,5,11.605345,11.71213,-0.106785,0.92865523636816,Down,0.293881278609473,0.550215685645894
Q7LGC8,CHST3,Carbohydrate sulfotransferase 3,3,10.180269,9.585409,0.594859999999999,1.5103260155006,Up,0.294151782187339,0.55056616496067
Q8IYA6,CKAP2L,Cytoskeleton-associated protein 2-like,12,11.53053,11.292805,0.237724999999998,1.17913181006876,Up,0.294630507184846,0.551263070875113
Q9H267,VPS33B,Vacuolar protein sorting-associated protein 33B,13,13.566515,13.984205,-0.41769,0.748622336808303,Down,0.294690941050352,0.551263070875113
Q8TAP9,MPLKIP,M-phase-specific PLK1-interacting protein,1,8.394463,9.3290585,-0.9345955,0.523189140076541,Down,0.294992961362812,0.551671896334698
Q96BI3,APH1A,Gamma-secretase subunit APH-1A,1,11.0594,10.735905,0.323495000000001,1.25135835734591,Up,0.295162152128128,0.55178857111921
Q9H6R0,DHX33,ATP-dependent RNA helicase DHX33,27,16.124535,15.94156,0.182975000000003,1.13522243006995,Up,0.295222331287264,0.55178857111921
Q96M27,PRRC1,Protein PRRC1,4,12.72449,13.13887,-0.41438,0.750341885728741,Down,0.295451686621279,0.55206112436529
Q9BZR9,TRIM8,E3 ubiquitin-protein ligase TRIM8,2,11.12456,10.615995,0.508564999999999,1.42263444521082,Up,0.295574990931013,0.552135419746485
Q13769,THOC5,THO complex subunit 5,30,15.788115,15.606395,0.181720000000002,1.13423532980679,Up,0.295669386356694,0.552155686473973
Q15648,MED1,Mediator of RNA polymerase II transcription subunit 1,37,15.418595,15.258985,0.159610000000001,1.11698514556493,Up,0.295897524556119,0.552276209222236
Q08495,DMTN,Dematin,4,11.060715,11.31005,-0.249335,0.841284109810657,Down,0.295901052633672,0.552276209222236
Q68DK7,MSL1,Male-specific lethal 1 homolog,10,13.46967,13.360125,0.109545000000001,1.07888792104769,Up,0.296002739239456,0.552310023611961
Q96NY9,MUS81,Crossover junction endonuclease MUS81,7,12.731845,12.477145,0.2547,1.19308762163859,Up,0.296684077084875,0.553241133628152
P56524,HDAC4,Histone deacetylase 4,5,10.940825,11.756125,-0.8153,0.568290301684394,Down,0.296743684126011,0.553241133628152
O15370,SOX12,Transcription factor SOX-12,1,10.86899,9.930845,0.938145,1.91606300325007,Up,0.296752885264306,0.553241133628152
P04908,H2AC4,Histone H2A type 1-B/E,2,14.42475,14.80975,-0.385,0.765778998547191,Down,0.296893175736461,0.553346587265163
Q9HAS0,C17orf75,Protein Njmu-R1,5,10.0276625,9.6519045,0.375757999999999,1.29752110039545,Up,0.297140404627717,0.553651236026101
O14733,MAP2K7,Dual specificity mitogen-activated protein kinase kinase 7,5,11.50999,12.018595,-0.508605,0.702901773441139,Down,0.29728050252097,0.553720883575449
Q10472,GALNT1,Polypeptide N-acetylgalactosaminyltransferase 1,3,10.6814905,10.127771,0.5537195,1.46786521450698,Up,0.297345349645827,0.553720883575449
O75618,DEDD,Death effector domain-containing protein,6,13.345715,13.166745,0.178970000000001,1.13207536102057,Up,0.297584691019374,0.553964995713056
P04080,CSTB,Cystatin-B,3,14.83786,15.067835,-0.229975,0.852649666932754,Down,0.297644076225913,0.553964995713056
Q9C0D9,SELENOI,Ethanolaminephosphotransferase 1,1,14.32431,14.449725,-0.125415,0.916740299351901,Down,0.297919191321928,0.554110720687035
P61326,MAGOH,Protein mago nashi homolog,8,16.36852,16.01519,0.35333,1.27750594065903,Up,0.297950701293352,0.554110720687035
Q9Y2T2,AP3M1,AP-3 complex subunit mu-1,8,12.3914,12.6856,-0.2942,0.815524429810384,Down,0.297973899428313,0.554110720687035
Q9H488,POFUT1,GDP-fucose protein O-fucosyltransferase 1,8,13.203785,13.047645,0.156140000000001,1.11430177809189,Up,0.298233866158969,0.554252095720089
Q96S66,CLCC1,Chloride channel CLIC-like protein 1,1,11.70209,10.67811,1.02398,2.03352115579939,Up,0.298271417617653,0.554252095720089
P26885,FKBP2,Peptidyl-prolyl cis-trans isomerase FKBP2,7,15.399245,15.236015,0.16323,1.11979139588195,Up,0.298301513765525,0.554252095720089
P67936,TPM4,Tropomyosin alpha-4 chain,19,17.64429,17.408315,0.235974999999996,1.17770238139103,Up,0.298620870954563,0.554470179060381
Q15811,ITSN1,Intersectin-1,24,16.61603,16.83369,-0.21766,0.859959128967178,Down,0.298685537463259,0.554470179060381
Q8N5W9,RFLNB,Refilin-B,2,12.14343,11.880805,0.262625,1.19965951411429,Up,0.298735603133943,0.554470179060381
Q7Z422,SZRD1,SUZ RNA-binding domain-containing,2,11.794995,11.555975,0.23902,1.18019070413998,Up,0.298754472330764,0.554470179060381
Q5T6F2,UBAP2,Ubiquitin-associated protein 2,7,11.956845,11.71768,0.239165,1.18030932675061,Up,0.298959350307442,0.554694650809063
Q86V15,CASZ1,Zinc finger protein castor homolog 1,10,13.16921,12.9102,0.25901,1.19665725779801,Up,0.299044516192277,0.554696942889352
O75317,USP12,Ubiquitin carboxyl-terminal hydrolase 12,2,11.513795,11.68252,-0.168725,0.88962855434608,Down,0.29916137980461,0.554758013223532
Q92564,DCUN1D4,DCN1-like protein 4,4,11.66548,12.17775,-0.51227,0.701118398916899,Down,0.299540831334668,0.555105587214785
Q8WWH5,TRUB1,Pseudouridylate synthase TRUB1,6,15.10684,14.971315,0.135524999999999,1.09849248497065,Up,0.299599728561678,0.555105587214785
Q99743,NPAS2,Neuronal PAS domain-containing protein 2,2,12.08256,11.23352,0.84904,1.80130190169689,Up,0.299678979911463,0.555105587214785
Q13496,MTM1,Myotubularin,9,14.228155,14.631995,-0.40384,0.755843785268191,Down,0.299684783655977,0.555105587214785
O14628,ZNF195,Zinc finger protein 195,5,11.04906,11.2707,-0.22164,0.857590006931076,Down,0.299909420875196,0.555300699168211
Q13627,DYRK1A,Dual specificity tyrosine-phosphorylation-regulated kinase 1A,6,17.36224,17.21474,0.147500000000001,1.10764839965298,Up,0.299958162510291,0.555300699168211
Q969G2,LHX4,LIM/homeobox protein Lhx4,2,16.419865,15.48351,0.936355000000002,1.91368715398611,Up,0.300079403017562,0.555369581221805
Q15398,DLGAP5,Disks large-associated protein 5,18,13.291025,13.20557,0.0854550000000014,1.06102231591124,Up,0.300409474642745,0.555824809046445
Q9UI12,ATP6V1H,V-type proton ATPase subunit H,11,11.55987,11.69439,-0.13452,0.910972873550729,Down,0.300497875335477,0.555832761850593
Q96I59,NARS2,Asparaginyl-tRNA synthetase,8,12.60815,12.49513,0.113019999999999,1.0814897560112,Up,0.300877348654818,0.55625501463413
P38159,RBMX,"RNA-binding motif protein, X chromosome",17,17.65441,17.437635,0.216774999999998,1.16213284933485,Up,0.30100773232886,0.55625501463413
O60762,DPM1,Dolichol-phosphate mannosyltransferase subunit 1,10,14.95864,15.353965,-0.395325,0.760318078318799,Down,0.301054568233072,0.55625501463413
Q96N11,INTS15,Integrator complex subunit 15,7,13.781965,13.64673,0.135235,1.0982716962411,Up,0.301062821507986,0.55625501463413
Q6YN16,HSDL2,Hydroxysteroid dehydrogenase-like protein 2,21,14.659175,14.725215,-0.06604,0.955256450682651,Down,0.301279194729351,0.556344386986776
P05452,CLEC3B,Tetranectin,1,12.735355,12.19484,0.540514999999999,1.45449163569961,Up,0.301279552281082,0.556344386986776
P28065,PSMB9,Proteasome subunit beta type-9,4,12.59278,12.31562,0.277160000000002,1.2118070466802,Up,0.301370084616764,0.556356114310669
Q9HB58,SP110,Sp110 nuclear body protein,5,12.512735,12.33469,0.178044999999999,1.1313497509306,Up,0.301639600882039,0.556626387392392
Q9H0P0,NT5C3A,Cytosolic 5'-nucleotidase 3A,11,12.22844,11.84347,0.384969999999999,1.30583263278036,Up,0.301684932613035,0.556626387392392
Q5JRX3,PITRM1,"Presequence protease, mitochondrial",20,14.062225,14.000615,0.0616100000000017,1.0436297675636,Up,0.301873803509959,0.556819415963528
P11117,ACP2,Lysosomal acid phosphatase,4,11.488745,11.918255,-0.42951,0.742513931497059,Down,0.30202130084925,0.556936042776979
Q9UHB9,SRP68,Signal recognition particle subunit SRP68,26,13.344175,13.45742,-0.113245,0.924506264148889,Down,0.302112615592372,0.556949031087863
P68032,ACTC1,"Actin, alpha cardiac muscle 1",5,12.89075,12.60217,0.28858,1.22143746281679,Up,0.302408917406353,0.557339803440765
Q92499,DDX1,ATP-dependent RNA helicase DDX1,27,16.365935,16.27432,0.0916149999999973,1.06556234038268,Up,0.303232895770287,0.558702594966775
P50458,LHX2,LIM/homeobox protein Lhx2,2,11.73009,11.63404,0.0960500000000017,1.06884303384587,Up,0.303385010436868,0.558748395788085
Q96FZ2,HMCES,Abasic site processing protein HMCES,16,13.772555,13.95363,-0.181075,0.882045509953394,Down,0.303426841047577,0.558748395788085
Q14254,FLOT2,Flotillin-2,16,15.682555,15.61299,0.0695650000000008,1.04940022178565,Up,0.303908037221682,0.559025502626074
P01137,TGFB1,Transforming growth factor beta-1 proprotein,4,11.112445,10.53469,0.577755,1.49252489961474,Up,0.303935989748806,0.559025502626074
P61289,PSME3,Proteasome activator complex subunit 3,9,15.186615,15.23476,-0.048145,0.967179117094449,Down,0.30403336828618,0.559025502626074
Q14586,ZNF267,Zinc finger protein 267,2,11.274875,10.3030785,0.9717965,1.96128133904044,Up,0.304035170434441,0.559025502626074
Q6NWY9,PRPF40B,Pre-mRNA-processing factor 40 homolog B,7,11.38825,11.952595,-0.564345,0.676262377657917,Down,0.304047377266085,0.559025502626074
Q15750,TAB1,TGF-beta-activated kinase 1 and MAP3K7-binding protein 1,4,10.006668,10.960909,-0.954241,0.516113044645382,Down,0.304204528004256,0.559025502626074
Q8WUF8,ARB2A,Cotranscriptional regulator ARB2A,8,12.860335,12.687755,0.17258,1.1270722490603,Up,0.304230978595947,0.559025502626074
Q9P0M9,MRPL27,Large ribosomal subunit protein bL27m,5,13.49253,13.29087,0.201659999999999,1.1500208359538,Up,0.304264007179294,0.559025502626074
Q8IYS1,PM20D2,Xaa-Arg dipeptidase,9,11.99251,12.231585,-0.239075,0.847288386634456,Down,0.304338592593223,0.559025502626074
Q03060,CREM,cAMP-responsive element modulator,3,11.69941,11.122205,0.577204999999999,1.49195601137618,Up,0.304623542820142,0.559265025811446
P17014,ZNF12,Zinc finger protein 12,2,11.90509,11.29094,0.614150000000002,1.53065590702357,Up,0.304712690732243,0.559265025811446
Q9BY50,SEC11C,Signal peptidase complex catalytic subunit SEC11C,5,14.396335,14.07472,0.321615000000001,1.24972875338612,Up,0.304722856399912,0.559265025811446
O15391,YY2,Transcription factor YY2,2,12.784115,13.266345,-0.48223,0.715870234712809,Down,0.30489838972392,0.559396442919783
O43617,TRAPPC3,Trafficking protein particle complex subunit 3,6,11.90587,12.1908,-0.28493,0.820781432407865,Down,0.305026421763229,0.559396442919783
P62995,TRA2B,Transformer-2 protein homolog beta,16,17.15905,17.283755,-0.124705,0.917191569912898,Down,0.305061610931775,0.559396442919783
O96000,NDUFB10,NADH dehydrogenase [ubiquinone] 1 beta subcomplex subunit 10,10,16.146245,16.233885,-0.08764,0.941060903954273,Down,0.305189351064338,0.559396442919783
P41134,ID1,DNA-binding protein inhibitor ID-1,3,11.674215,11.133675,0.54054,1.4545168403374,Up,0.305231068708738,0.559396442919783
Q9NYP9,MIS18A,Protein Mis18-alpha,4,12.41106,12.163615,0.247444999999999,1.18710290366951,Up,0.305381061600843,0.559396442919783
Q02447,SP3,Transcription factor Sp3,6,13.517555,13.35978,0.157775000000001,1.11556532729105,Up,0.305386952043362,0.559396442919783
Q96SL8,FIZ1,Flt3-interacting zinc finger protein 1,8,13.542975,13.27667,0.266305000000001,1.20272348966346,Up,0.305525295521095,0.559472114719024
Q14197,MRPL58,Large ribosomal subunit protein mL62,8,13.783065,13.48957,0.293495,1.22560577473961,Up,0.305651255740825,0.559472114719024
Q9BWT7,CARD10,Caspase recruitment domain-containing protein 10,1,13.56443,13.30304,0.26139,1.19863300089036,Up,0.305711989037022,0.559472114719024
Q8TB03,CXorf38,Uncharacterized protein CXorf38,1,9.174737,10.0490995,-0.8743625,0.5454948570757,Down,0.305766875225468,0.559472114719024
P04179,SOD2,"Superoxide dismutase [Mn], mitochondrial",8,14.20664,14.08263,0.12401,1.08975966582555,Up,0.306006401283175,0.559704478202547
Q9BVC3,DSCC1,Sister chromatid cohesion protein DCC1,6,12.444705,12.32613,0.118575,1.08566198670313,Up,0.306063244700258,0.559704478202547
P02042,HBD,Hemoglobin subunit delta,2,13.387485,12.582995,0.804489999999999,1.74652827610567,Up,0.306344620216453,0.560038511707852
O15353,FOXN1,Forkhead box protein N1,1,9.0580495,9.5867675,-0.528718,0.693170421876746,Down,0.306415381802934,0.560038511707852
O14757,CHEK1,Serine/threonine-protein kinase Chk1,16,13.336515,13.21006,0.126455000000002,1.09160809628058,Up,0.306593619413349,0.560209353249328
Q9NQY0,BIN3,Bridging integrator 3,4,11.45316,11.8595,-0.40634,0.754535141976914,Down,0.306682334441663,0.560216569465161
O60220,TIMM8A,Mitochondrial import inner membrane translocase subunit Tim8 A,2,9.666718,10.0673455,-0.4006275,0.757528724580124,Down,0.306813460037382,0.560235351380402
Q15629,TRAM1,Translocating chain-associated membrane protein 1,7,14.94473,14.715545,0.229185000000001,1.17217258434018,Up,0.306868547350823,0.560235351380402
Q9Y3C0,WASHC3,WASH complex subunit 3,2,13.159855,14.34482,-1.184965,0.439835208300495,Down,0.30694692197737,0.560235351380402
P17025,ZNF182,Zinc finger protein 182,5,11.354495,11.741585,-0.38709,0.764670434829394,Down,0.307086571407988,0.5603354915614
P11233,RALA,Ras-related protein Ral-A,6,15.51309,15.337545,0.175545000000001,1.1293909688509,Up,0.307223024465395,0.560429745705713
Q96II8,LRCH3,DISP complex protein LRCH3,4,11.668995,11.40002,0.268974999999999,1.20495143459663,Up,0.307414907972278,0.560548479037302
Q8TEQ6,GEMIN5,Gem-associated protein 5,37,16.236535,16.307795,-0.07126,0.95180636014723,Down,0.307457744970528,0.560548479037302
O95214,LEPROTL1,Leptin receptor overlapping transcript-like 1,1,12.50368,12.05639,0.447289999999999,1.36347665583789,Up,0.307678966471152,0.560674890325932
P12110,COL6A2,Collagen alpha-2(VI) chain,1,10.461695,11.34345,-0.881755,0.542706841166355,Down,0.307757221521069,0.560674890325932
P78560,CRADD,Death domain-containing protein CRADD,2,9.831063,9.115561,0.715502000000001,1.64205448731575,Up,0.307939268561288,0.560674890325932
Q9NUQ6,SPATS2L,SPATS2-like protein,10,14.654205,14.21053,0.443675000000001,1.36006443232453,Up,0.307963928693977,0.560674890325932
Q9Y2R0,COA3,"Cytochrome c oxidase assembly factor 3 homolog, mitochondrial",3,12.01165,12.17509,-0.16344,0.892893491915136,Down,0.308005213985823,0.560674890325932
Q96BP2,CHCHD1,Small ribosomal subunit protein mS37,2,13.68591,13.50423,0.18168,1.13420388256191,Up,0.308036091204941,0.560674890325932
P55854,SUMO3,Small ubiquitin-related modifier 3,2,18.087775,17.923115,0.164660000000001,1.12090188390504,Up,0.308165300839744,0.560739230869642
Q9UL63,MKLN1,Muskelin,13,11.91462,11.52157,0.393049999999999,1.31316663552307,Up,0.308292556085789,0.560739230869642
O94916,NFAT5,Nuclear factor of activated T-cells 5,14,14.4263,14.606815,-0.180515,0.882387953331596,Down,0.308354652643979,0.560739230869642
Q8NEM0,MCPH1,Microcephalin,7,13.252245,12.842475,0.40977,1.32847400677058,Up,0.308454683603112,0.560739230869642
Q9P0W2,HMG20B,SWI/SNF-related matrix-associated actin-dependent regulator of chromatin subfamily E member 1-related,13,14.049245,13.93017,0.119074999999999,1.08603831368442,Up,0.308495664009989,0.560739230869642
Q6P3X3,TTC27,Tetratricopeptide repeat protein 27,5,10.24731,10.55676,-0.30945,0.806949334650657,Down,0.308924582934541,0.561268084295868
Q58FF6,HSP90AB4P,Putative heat shock protein HSP 90-beta 4,1,16.11841,16.966765,-0.848355,0.555417677411169,Down,0.308956467040152,0.561268084295868
Q9UJ83,HACL1,2-hydroxyacyl-CoA lyase 1,12,13.56558,13.58812,-0.02254,0.984497876881902,Down,0.309201624026182,0.561479446
Q9NSK0,KLC4,Kinesin light chain 4,5,10.40435,10.613155,-0.208805,0.86525363356432,Down,0.309343154380725,0.561479446
Q9NV88,INTS9,Integrator complex subunit 9,19,14.117,14.152065,-0.035065,0.975987787078738,Down,0.309401693856806,0.561479446
Q9GZR1,SENP6,Sentrin-specific protease 6,11,13.021085,12.869605,0.151479999999999,1.11070831664205,Up,0.309480653855218,0.561479446
Q02790,FKBP4,Peptidyl-prolyl cis-trans isomerase FKBP4,19,13.751745,13.86824,-0.116495,0.922425946764797,Down,0.309497597563218,0.561479446
Q9H5Z1,DHX35,Probable ATP-dependent RNA helicase DHX35,17,15.95072,16.022185,-0.071465,0.951671122667283,Down,0.309829271168449,0.561598487271531
P54198,HIRA,Protein HIRA,31,14.912675,14.82404,0.088635,1.06336360922525,Up,0.309855143766918,0.561598487271531
O75475,PSIP1,PC4 and SFRS1-interacting protein,18,17.887115,17.760095,0.127020000000002,1.09203568446983,Up,0.310015028628264,0.561598487271531
Q6PI48,DARS2,"Aspartate--tRNA ligase, mitochondrial",19,14.90061,15.0128,-0.11219,0.925182575352368,Down,0.310055506644598,0.561598487271531
Q9NUY8,TBC1D23,TBC1 domain family member 23,1,9.67018,10.587421,-0.917241,0.529520704329575,Down,0.310203821282091,0.561598487271531
P55039,DRG2,Developmentally-regulated GTP-binding protein 2,8,13.51913,14.017075,-0.497945,0.708114714117171,Down,0.310236560396691,0.561598487271531
Q15056,EIF4H,Eukaryotic translation initiation factor 4H,10,16.06726,16.144755,-0.077495,0.947701745426654,Down,0.310241754037116,0.561598487271531
O00186,STXBP3,Syntaxin-binding protein 3,14,13.147245,13.08236,0.0648850000000003,1.04600155767078,Up,0.310331502140324,0.561598487271531
Q96RN5,MED15,Mediator of RNA polymerase II transcription subunit 15,13,14.612425,14.45502,0.157404999999999,1.11527926111982,Up,0.310407756574832,0.561598487271531
Q9H299,SH3BGRL3,SH3 domain-binding glutamic acid-rich-like protein 3,2,14.41158,14.153335,0.258245000000002,1.19602288940489,Up,0.310412963232396,0.561598487271531
Q8NI08,NCOA7,Nuclear receptor coactivator 7,2,8.665487,7.6914535,0.974033499999999,1.96432480246487,Up,0.310630658928638,0.561838539917725
Q9UPQ8,DOLK,Dolichol kinase,2,9.9669165,9.468125,0.498791499999999,1.41302941643675,Up,0.310860091044128,0.561999086695164
P09132,SRP19,Signal recognition particle 19 kDa protein,5,11.90935,11.58498,0.32437,1.25211754112416,Up,0.31088949326033,0.561999086695164
P04083,ANXA1,Annexin A1,6,12.07706,12.338985,-0.261925,0.833974397723238,Down,0.31104617857193,0.562128573744022
Q9UGU0,TCF20,Transcription factor 20,35,13.68388,13.56179,0.12209,1.08831033188461,Up,0.311289028183533,0.562413665189987
Q53HC5,KLHL26,Kelch-like protein 26,2,10.699805,10.095745,0.60406,1.51998806961372,Up,0.311466661358822,0.562484217369693
Q92974,ARHGEF2,Rho guanine nucleotide exchange factor 2,26,14.88138,15.025525,-0.144145,0.904915508565395,Down,0.31149829559284,0.562484217369693
P49721,PSMB2,Proteasome subunit beta type-2,9,15.081445,14.89508,0.186364999999999,1.13789307695124,Up,0.311672036879346,0.562535651004863
Q9Y3A6,TMED5,Transmembrane emp24 domain-containing protein 5,4,12.213695,11.882845,0.330850000000002,1.25775419372152,Up,0.311697012252959,0.562535651004863
Q2TAZ0,ATG2A,Autophagy-related protein 2 homolog A,2,8.960626,9.880138,-0.919512,0.528687821773514,Down,0.31182870486194,0.562619686167775
Q9P2R3,ANKFY1,Rabankyrin-5,9,13.713935,13.882625,-0.16869,0.889650137131225,Down,0.312005481482551,0.562784996484219
P07237,P4HB,Protein disulfide-isomerase,19,15.713035,15.77256,-0.059525,0.959580004153516,Down,0.312267440203567,0.563103823275681
Q96S59,RANBP9,Ran-binding protein 9,10,13.05101,12.81117,0.239839999999999,1.18086169241476,Up,0.312502371817013,0.5633737521382
Q9UM00,TMCO1,Calcium load-activated calcium channel,2,13.885935,13.72791,0.158025,1.11575865678162,Up,0.312678282688805,0.563537161246336
Q96S55,WRNIP1,ATPase WRNIP1,9,12.8093,13.053425,-0.244125,0.844327728831384,Down,0.312811244230103,0.563623095179048
Q5BKT4,ALG10,"Dol-P-Glc:Glc(2)Man(9)GlcNAc(2)-PP-Dol alpha-1,2-glucosyltransferase",3,13.714125,13.33441,0.379714999999999,1.30108480472272,Up,0.312947828760458,0.563695416924258
O15270,SPTLC2,Serine palmitoyltransferase 2,9,12.650725,12.398615,0.25211,1.190947651,Up,0.31308511483236,0.563695416924258
O75161,NPHP4,Nephrocystin-4,3,12.2940675,9.7119355,2.582132,5.9882398186707,Up,0.313107259120737,0.563695416924258
P0CJ78,ZNF865,Zinc finger protein 865,4,10.538895,11.58227,-1.043375,0.485191102675879,Down,0.313509356463063,0.563724387648487
Q96P70,IPO9,Importin-9,13,11.940755,12.392085,-0.45133,0.73136829907905,Down,0.313543368582788,0.563724387648487
Q9H4M3,FBXO44,F-box only protein 44,1,6.549461,7.481775,-0.932314,0.524017173943643,Down,0.313559042925885,0.563724387648487
P62273,RPS29,Small ribosomal subunit protein uS14,4,13.542825,13.91473,-0.371905,0.772761433526489,Down,0.31359296681259,0.563724387648487
P21127,CDK11B,Cyclin-dependent kinase 11B,21,14.11619,14.240965,-0.124775,0.917147068579965,Down,0.313763452115052,0.563724387648487
Q8NBT0,POC1A,POC1 centriolar protein homolog A,1,10.81252,10.456755,0.355765,1.27966395293337,Up,0.313905225794651,0.563724387648487
Q53GQ0,HSD17B12,Very-long-chain 3-oxoacyl-CoA reductase,2,10.7720405,9.8286275,0.943413,1.92307229548044,Up,0.313966127526142,0.563724387648487
Q8IZT6,ASPM,Abnormal spindle-like microcephaly-associated protein,43,14.162425,13.967665,0.194759999999999,1.14453374547954,Up,0.314080823318757,0.563724387648487
P57721,PCBP3,Poly(rC)-binding protein 3,1,16.3964,16.119755,0.276644999999998,1.21137454415171,Up,0.314093277596741,0.563724387648487
Q9NZM1,MYOF,Myoferlin,68,15.67206,15.696525,-0.024465,0.98318512917108,Down,0.314117300561707,0.563724387648487
P16383,GCFC2,Intron Large complex component GCFC2,12,13.37476,13.217105,0.157654999999998,1.11547254103461,Up,0.31411949475959,0.563724387648487
Q9Y223,GNE,Bifunctional UDP-N-acetylglucosamine 2-epimerase/N-acetylmannosamine kinase,9,12.16805,12.785165,-0.617115,0.651973395503007,Down,0.314157733562798,0.563724387648487
Q7Z5G4,GOLGA7,Golgin subfamily A member 7,3,15.06531,14.64754,0.417770000000001,1.3358610932925,Up,0.314232205189443,0.563724387648487
Q9BZF1,OSBPL8,Oxysterol-binding protein-related protein 8,14,12.524395,12.81001,-0.285615,0.820391813111965,Down,0.314644546090479,0.564211689034594
O14641,DVL2,Segment polarity protein dishevelled homolog DVL-2,5,11.14305,11.333385,-0.190335,0.876402193324282,Down,0.314701923235707,0.564211689034594
P02538,KRT6A,"Keratin, type II cytoskeletal 6A",6,11.293355,12.256355,-0.963,0.512989072668571,Down,0.314759948172272,0.564211689034594
Q6P9B9,INTS5,Integrator complex subunit 5,18,14.481925,14.356705,0.125220000000001,1.09067403946446,Up,0.314949789080761,0.564240810204379
Q96CB8,INTS12,Integrator complex subunit 12,11,15.81096,15.686765,0.124195,1.08989941709604,Up,0.314986650478446,0.564240810204379
O60493,SNX3,Sorting nexin-3,4,13.034045,13.06299,-0.028945,0.980136780477157,Down,0.315032317998814,0.564240810204379
Q96H55,MYO19,Unconventional myosin-XIX,9,12.26122,12.14133,0.119890000000002,1.08665200629218,Up,0.315147033037876,0.56429334634173
Q7L945,ZNF627,Zinc finger protein 627,2,11.73943,12.083615,-0.344185,0.787752864267144,Down,0.315376236867509,0.564550798877943
P31260,HOXA10,Homeobox protein Hox-A10,4,10.819145,11.0369,-0.217755,0.85990250339823,Down,0.31555328401251,0.564703135806873
Q6ICG6,KIAA0930,Uncharacterized protein KIAA0930,4,10.418907,9.56013,0.858777,1.81350032015334,Up,0.315706245158684,0.564703135806873
O00411,POLRMT,"DNA-directed RNA polymerase, mitochondrial",34,14.158465,14.06409,0.0943749999999994,1.06760280418011,Up,0.315888031373763,0.564703135806873
P50336,PPOX,Protoporphyrinogen oxidase,3,13.793575,14.24664,-0.453065,0.730489276653547,Down,0.315914425190798,0.564703135806873
Q53ET0,CRTC2,CREB-regulated transcription coactivator 2,2,9.863247,10.464165,-0.600918,0.659334281468449,Down,0.315954526675093,0.564703135806873
P98169,ZXDB,Zinc finger X-linked protein ZXDB,4,11.707235,11.13158,0.575655000000001,1.49035394723228,Up,0.315974004571617,0.564703135806873
Q6NSZ9,ZSCAN25,Zinc finger and SCAN domain-containing protein 25,5,11.700015,12.077055,-0.37704,0.770015824568192,Down,0.316091187597284,0.564759842884686
Q9HAH1,ZNF556,Zinc finger protein 556,1,10.034673,9.057097,0.977575999999999,1.96915407737594,Up,0.31635507005842,0.565078556220566
O95070,YIF1A,Protein YIF1A,1,12.696665,13.26916,-0.572495,0.672452840823418,Down,0.316792946512761,0.565681305158784
Q92841,DDX17,Probable ATP-dependent RNA helicase DDX17,24,18.192355,18.213185,-0.02083,0.985665476008373,Down,0.31691258915485,0.565681305158784
P12235,SLC25A4,ADP/ATP translocase 1,7,14.99771,14.862275,0.135434999999999,1.09842395958089,Up,0.316949292329093,0.565681305158784
Q96NB3,ZNF830,Zinc finger protein 830,5,13.06194,12.7398,0.322139999999999,1.25018361527372,Up,0.317056555201208,0.565719971199995
Q12770,SCAP,Sterol regulatory element-binding protein cleavage-activating protein,5,11.7073,11.90868,-0.20138,0.86971824229254,Down,0.317196604313133,0.565817100649257
Q9H204,MED28,Mediator of RNA polymerase II transcription subunit 28,7,12.9949,12.59703,0.397870000000001,1.31756122208489,Up,0.317663962996894,0.566263087092586
Q9NZ63,C9orf78,Splicing factor C9orf78,10,13.78325,13.898275,-0.115025,0.923366309871901,Down,0.31771118990179,0.566263087092586
Q13310,PABPC4,Polyadenylate-binding protein 4,17,16.34507,16.28343,0.0616400000000006,1.04365146946017,Up,0.317741540894161,0.566263087092586
Q9H4K7,MTG2,Mitochondrial ribosome-associated GTPase 2,7,12.27377,12.10192,0.171849999999999,1.12650209764528,Up,0.317789346349887,0.566263087092586
Q14149,MORC3,MORC family CW-type zinc finger protein 3,28,13.35291,13.460965,-0.108055,0.927838103736917,Down,0.317972665754245,0.566291763899066
Q9BVK2,ALG8,"Dolichyl pyrophosphate Glc1Man9GlcNAc2 alpha-1,3-glucosyltransferase",2,14.57225,14.246405,0.325845000000001,1.2533983508289,Up,0.318070720584741,0.566291763899066
A0AVT1,UBA6,Ubiquitin-like modifier-activating enzyme 6,6,11.94132,12.91025,-0.96893,0.510884829042312,Down,0.318107398704437,0.566291763899066
Q13126,MTAP,S-methyl-5'-thioadenosine phosphorylase,2,11.703215,11.900935,-0.19772,0.87192744785105,Down,0.318153603107192,0.566291763899066
O43493,TGOLN2,Trans-Golgi network integral membrane protein 2,1,11.566955,11.058325,0.50863,1.42269854283331,Up,0.318451915372411,0.566291763899066
Q96DE0,NUDT16,U8 snoRNA-decapping enzyme,3,11.32513,11.687585,-0.362455,0.777839821214181,Down,0.318472317983305,0.566291763899066
Q8IY95,TMEM192,Transmembrane protein 192,1,11.761815,11.0495,0.712314999999998,1.63843109394447,Up,0.318637179355972,0.566291763899066
P53990,IST1,IST1 homolog,8,15.25873,15.404805,-0.146075,0.903705745448197,Down,0.31868232475467,0.566291763899066
P82650,MRPS22,Small ribosomal subunit protein mS22,12,15.181855,15.0686,0.113254999999999,1.08166593377974,Up,0.318889524231256,0.566291763899066
Q8TA86,RP9,Retinitis pigmentosa 9 protein,2,11.30025,10.708885,0.591365000000001,1.50667160440683,Up,0.318986208411218,0.566291763899066
P05198,EIF2S1,Eukaryotic translation initiation factor 2 subunit 1,19,16.404135,16.35159,0.0525449999999985,1.03709280461372,Up,0.319190437098301,0.566291763899066
Q96DI7,SNRNP40,U5 small nuclear ribonucleoprotein 40 kDa protein,17,15.998965,15.90167,0.097294999999999,1.0697658095432,Up,0.319329947276985,0.566291763899066
Q8IZV5,RDH10,Retinol dehydrogenase 10,8,11.424955,11.66177,-0.236815,0.84861671474147,Down,0.319406241737908,0.566291763899066
P54105,CLNS1A,Methylosome subunit pICln,3,15.186605,15.642235,-0.45563,0.729191677176802,Down,0.319475173760556,0.566291763899066
Q17R31,TATDN3,Putative deoxyribonuclease TATDN3,2,9.449363,10.308537,-0.859174,0.551268090398337,Down,0.319514652791172,0.566291763899066
P42679,MATK,Megakaryocyte-associated tyrosine-protein kinase,4,11.63913,11.18879,0.450340000000001,1.36636222945642,Up,0.319518088543719,0.566291763899066
O00622,CCN1,CCN family member 1,9,13.737405,12.375845,1.36156,2.56962885777962,Up,0.319677734858124,0.566291763899066
Q9UBK9,UXT,Protein UXT,2,10.566825,10.29402,0.272805,1.20815453371622,Up,0.319718511217289,0.566291763899066
P24928,POLR2A,DNA-directed RNA polymerase II subunit RPB1,59,14.287585,14.22958,0.0580050000000014,1.04102520559629,Up,0.319735388958529,0.566291763899066
P40937,RFC5,Replication factor C subunit 5,23,15.72284,15.693895,0.0289449999999984,1.0202657628185,Up,0.319920300587842,0.566291763899066
P17026,ZNF22,Zinc finger protein 22,4,11.312335,11.80521,-0.492875,0.710607588379261,Down,0.32012708131831,0.566291763899066
Q9P1Y5,CAMSAP3,Calmodulin-regulated spectrin-associated protein 3,8,11.300895,11.402025,-0.10113,0.932302473683693,Down,0.320245669827204,0.566291763899066
Q86WG5,SBF2,Myotubularin-related protein 13,2,10.288635,11.187736,-0.899101,0.536220767423681,Down,0.320339031902345,0.566291763899066
Q13098,GPS1,COP9 signalosome complex subunit 1,11,17.089065,17.058165,0.0308999999999955,1.02164926492922,Up,0.320404287867392,0.566291763899066
Q99797,MIPEP,Mitochondrial intermediate peptidase,10,14.08702,14.343655,-0.256635,0.837037985436602,Down,0.320586645302813,0.566291763899066
Q66K89,E4F1,Transcription factor E4F1,6,12.585425,12.31425,0.271175000000001,1.20679029541873,Up,0.32065846163366,0.566291763899066
Q9BT09,CNPY3,Protein canopy homolog 3,6,13.41106,13.176415,0.234644999999999,1.17661717464289,Up,0.320844525693847,0.566291763899066
Q96HP0,DOCK6,Dedicator of cytokinesis protein 6,4,10.63152,10.247845,0.383674999999998,1.30466100989941,Up,0.321054078008092,0.566291763899066
P11802,CDK4,Cyclin-dependent kinase 4,8,11.734525,11.88747,-0.152945,0.899412599886097,Down,0.321057406817206,0.566291763899066
Q6IBW4,NCAPH2,Condensin-2 complex subunit H2,14,14.248705,14.097415,0.151290000000001,1.11056204824965,Up,0.321078567901947,0.566291763899066
P52272,HNRNPM,Heterogeneous nuclear ribonucleoprotein M,35,18.876465,18.973715,-0.09725,0.934813192932958,Down,0.321224611403049,0.566291763899066
Q96BF6,NACC2,Nucleus accumbens-associated protein 2,8,12.504725,12.59422,-0.089495,0.939851676689498,Down,0.321263790082645,0.566291763899066
Q9BVP2,GNL3,Guanine nucleotide-binding protein-like 3,24,16.80067,16.867795,-0.067125,0.954538306114763,Down,0.3212990230403,0.566291763899066
Q9Y4Z0,LSM4,U6 snRNA-associated Sm-like protein LSm4,6,14.924335,14.64002,0.284314999999999,1.21783189271027,Up,0.321316710424231,0.566291763899066
O43159,RRP8,Ribosomal RNA-processing protein 8,16,15.517605,15.43886,0.0787449999999996,1.05609894069305,Up,0.321322766542808,0.566291763899066
Q13131,PRKAA1,5'-AMP-activated protein kinase catalytic subunit alpha-1,12,12.836945,12.70198,0.134965000000001,1.09806617421237,Up,0.321344225824637,0.566291763899066
Q12778,FOXO1,Forkhead box protein O6,2,9.373817,9.927941,-0.554124,0.681070476626488,Down,0.321346597150731,0.566291763899066
Q7Z3V4,UBE3B,Ubiquitin-protein ligase E3B,3,8.500851,9.413014,-0.912163,0.531387796005254,Down,0.321358294449344,0.566291763899066
Q8N3E9,PLCD3,"1-phosphatidylinositol 4,5-bisphosphate phosphodiesterase delta-3",14,12.143015,12.310665,-0.16765,0.890291693167284,Down,0.321373688350227,0.566291763899066
Q14161,GIT2,ARF GTPase-activating protein GIT2,11,14.048375,13.932345,0.11603,1.08374850252704,Up,0.321528742483586,0.566291763899066
Q96EK5,KIFBP,KIF-binding protein,17,15.77365,15.87265,-0.099,0.933679944915313,Down,0.321588697955415,0.566291763899066
O60831,PRAF2,PRA1 family protein 2,2,11.725205,12.12488,-0.399675,0.758029027369479,Down,0.321687685426918,0.566291763899066
Q14642,INPP5A,Inositol polyphosphate-5-phosphatase A,3,10.46988,10.27094,0.19894,1.14785467492841,Up,0.321703075376265,0.566291763899066
O15527,OGG1,N-glycosylase/DNA lyase,8,14.33134,14.19566,0.135680000000001,1.09861051094093,Up,0.321957144353347,0.566291763899066
Q9Y2W6,TDRKH,Tudor and KH domain-containing protein,5,12.74417,12.802975,-0.058805,0.960059017398747,Down,0.321985634402149,0.566291763899066
P49336,CDK8,Cyclin-dependent kinase 8,17,14.398885,14.20383,0.195055,1.14476780185839,Up,0.321987539952117,0.566291763899066
Q8IY92,SLX4,Structure-specific endonuclease subunit SLX4,11,13.048045,12.762235,0.28581,1.21909453123557,Up,0.322010435253775,0.566291763899066
P42694,HELZ,Probable helicase with zinc finger domain,11,15.5338,15.94696,-0.41316,0.750976672873783,Down,0.322164049670009,0.566291763899066
Q8IXX5,TMEM183A,Transmembrane protein 183A,1,8.369915,9.659076,-1.289161,0.409188924115325,Down,0.322205369328203,0.566291763899066
O15061,SYNM,Synemin,23,12.975985,13.64473,-0.668745,0.629053662919395,Down,0.322205662794603,0.566291763899066
Q86UU1,PHLDB1,Pleckstrin homology-like domain family B member 1,16,13.35059,13.15333,0.19726,1.14651879074031,Up,0.322254553852949,0.566291763899066
Q9HA38,ZMAT3,Zinc finger matrin-type protein 3,4,11.292835,10.90822,0.384615,1.30551134966687,Up,0.322261056744498,0.566291763899066
P27540,ARNT,Aryl hydrocarbon receptor nuclear translocator,12,14.192185,14.052405,0.13978,1.10173709655442,Up,0.322403910689776,0.566392197168722
P49023,PXN,Paxillin,6,10.591115,10.985375,-0.39426,0.760879553668259,Down,0.322590632524972,0.566569622736524
O95872,GPANK1,G patch domain and ankyrin repeat-containing protein 1,3,11.466935,12.02422,-0.557285,0.679579858766289,Down,0.322760712108306,0.566619583635615
P41212,ETV6,Transcription factor ETV6,10,15.40676,15.18369,0.223070000000002,1.16721473405669,Up,0.323047730497103,0.566619583635615
P81605,DCD,Dermcidin,1,12.34846,10.91088,1.43758,2.70866128978432,Up,0.323150560581084,0.566619583635615
Q9Y3D7,PAM16,Mitochondrial import inner membrane translocase subunit TIM16,4,13.491145,13.237775,0.25337,1.19198823799245,Up,0.323150570079487,0.566619583635615
Q562R1,ACTBL2,Beta-actin-like protein 2,1,12.26565,11.41934,0.846310000000001,1.79789653586279,Up,0.32317390425242,0.566619583635615
O60784,TOM1,Target of Myb1 membrane trafficking protein,2,10.475255,11.17203,-0.696775,0.616949795729702,Down,0.323188128227803,0.566619583635615
Q96Q07,BTBD9,BTB/POZ domain-containing protein 9,2,10.5432285,9.8202705,0.722958000000002,1.65056276484294,Up,0.323219220805911,0.566619583635615
Q9Y6H1,CHCHD2,Coiled-coil-helix-coiled-coil-helix domain-containing protein 2,2,14.36474,14.247145,0.117595000000001,1.08492476404912,Up,0.32343040934926,0.566788016560991
P03973,SLPI,Antileukoproteinase,2,12.030015,11.7264,0.303615000000001,1.23423319341718,Up,0.323486820769868,0.566788016560991
Q9Y4F1,FARP1,"FERM, ARHGEF and pleckstrin domain-containing protein 1",17,13.02098,12.838135,0.182845000000002,1.13512014076915,Up,0.323852516291795,0.567278367392652
Q9Y547,IFT25,Intraflagellar transport protein 25 homolog,1,10.594835,11.062405,-0.46757,0.723181661825736,Down,0.324057923119703,0.567405154742879
P26572,MGAT1,"Alpha-1,3-mannosyl-glycoprotein 2-beta-N-acetylglucosaminyltransferase",5,10.861765,10.630005,0.23176,1.17426660946287,Up,0.324096604502099,0.567405154742879
Q9H7Z3,NRDE2,Nuclear exosome regulator NRDE2,29,15.27347,15.135275,0.138195,1.1005273506626,Up,0.324207620556146,0.567449196042258
Q92783,STAM,Signal transducing adapter molecule 1,3,10.88597,10.73158,0.154389999999999,1.11295094105768,Up,0.324560695250059,0.567825861351891
Q96HP4,OXNAD1,Oxidoreductase NAD-binding domain-containing protein 1,4,10.98278,10.90324,0.0795399999999997,1.05668106651161,Up,0.324594659432205,0.567825861351891
Q8N6L1,KRTCAP2,Dolichyl-diphosphooligosaccharide--protein glycosyltransferase subunit KCP2,1,13.83282,13.72203,0.11079,1.07981936890501,Up,0.325127411884856,0.568607320758669
O95758,PTBP3,Polypyrimidine tract-binding protein 3,6,15.488535,15.305375,0.183159999999999,1.13536801150581,Up,0.325362148243771,0.568867311572244
Q9NYQ8,FAT2,Protocadherin Fat 2,2,12.76771,9.2120135,3.5556965,11.7590246828793,Up,0.325629854441067,0.569184794499077
Q14232,EIF2B1,Translation initiation factor eIF2B subunit alpha,9,12.8982,13.1065,-0.2083,0.865556559378069,Down,0.325842070604913,0.569405141361151
P53814,SMTN,Smoothelin,8,12.27871,11.855175,0.423535000000001,1.34120986524431,Up,0.326011772730766,0.569411843193318
Q9NQH7,XPNPEP3,Xaa-Pro aminopeptidase 3,3,12.16551,11.964145,0.201365000000001,1.14978570555266,Up,0.326018219797778,0.569411843193318
Q9Y282,ERGIC3,Endoplasmic reticulum-Golgi intermediate compartment protein 3,4,11.720615,11.47296,0.247655,1.18727571202272,Up,0.326235798799545,0.569493251479206
O14653,GOSR2,Golgi SNAP receptor complex member 2,4,13.537775,13.634625,-0.09685,0.935072414118594,Down,0.32625049262239,0.569493251479206
O43837,IDH3B,"Isocitrate dehydrogenase [NAD] subunit beta, mitochondrial",8,12.551685,12.817595,-0.26591,0.831673979279288,Down,0.326352917014342,0.569493251479206
Q5VV52,ZNF691,Zinc finger protein 691,4,12.99735,12.740645,0.256705,1.19474687992581,Up,0.32640950773237,0.569493251479206
P30419,NMT1,Glycylpeptide N-tetradecanoyltransferase 1,10,14.539105,14.469035,0.0700699999999994,1.04976761742989,Up,0.326540360510078,0.569571190976803
Q9UBI9,HECA,Headcase protein homolog,2,8.700635,8.8779315,-0.1772965,0.884358664906569,Down,0.326731982434341,0.569755058551071
Q9UJF2,RASAL2,Ras GTPase-activating protein nGAP,17,13.542925,13.358165,0.184760000000001,1.13662787341018,Up,0.326927320046491,0.56994530682861
Q14677,CLINT1,Clathrin interactor 1,13,13.99376,14.345425,-0.351665,0.783679139493753,Down,0.327066807787333,0.570038115154664
P61160,ACTR2,Actin-related protein 2,13,16.06932,16.139965,-0.070645,0.952212187905742,Down,0.327290096401435,0.570276890882437
Q9H0I9,TKTL2,Transketolase-like protein 2,1,15.215725,16.103695,-0.88797,0.540373937662987,Down,0.327439584710535,0.570329358322692
Q9UI10,EIF2B4,Translation initiation factor eIF2B subunit delta,7,12.334435,12.422395,-0.08796,0.940852193113962,Down,0.327492799944714,0.570329358322692
P49137,MAPKAPK2,MAP kinase-activated protein kinase 2,1,10.723725,10.54872,0.175005000000001,1.12896831750538,Up,0.327606915661642,0.570377793890356
Q9HCE7,SMURF1,E3 ubiquitin-protein ligase SMURF1,1,10.9072635,10.059465,0.8477985,1.79975247212152,Up,0.327881369948258,0.570610115592603
Q9BSJ8,ESYT1,Extended synaptotagmin-1,24,14.62224,14.555115,0.0671250000000008,1.04762689312101,Up,0.327913030567515,0.570610115592603
Q15973,ZNF124,Zinc finger protein 124,2,10.959485,10.602485,0.357000000000001,1.28075986132977,Up,0.328329886464346,0.571185106512993
O95801,TTC4,Tetratricopeptide repeat protein 4,1,10.851441,9.7201615,1.1312795,2.19052928187631,Up,0.328566179846995,0.571205806470196
Q9UGJ1,TUBGCP4,Gamma-tubulin complex component 4,9,11.19913,11.000825,0.198305000000001,1.14734955963235,Up,0.32859080445347,0.571205806470196
Q8NHP6,MOSPD2,Motile sperm domain-containing protein 2,1,9.9716315,8.3878595,1.583772,2.99752544447743,Up,0.328601070691434,0.571205806470196
Q96MG7,NSMCE3,Non-structural maintenance of chromosomes element 3 homolog,9,12.92872,12.7187,0.210019999999998,1.1567042191195,Up,0.328766426126402,0.57134296877975
Q8WZA1,POMGNT1,"Protein O-linked-mannose beta-1,2-N-acetylglucosaminyltransferase 1",1,9.10692,9.571728,-0.464808,0.724567499389675,Down,0.328899913818594,0.571424692541296
Q6PJT7,ZC3H14,Zinc finger CCCH domain-containing protein 14,29,15.200455,15.10093,0.0995249999999999,1.07142064466319,Up,0.329047662532658,0.571531143673677
Q7L2K0,TEDC2,Tubulin epsilon and delta complex protein 2,1,10.45809,10.81993,-0.36184,0.778171473748081,Down,0.329802560859623,0.572340331886747
P17568,NDUFB7,NADH dehydrogenase [ubiquinone] 1 beta subcomplex subunit 7,3,13.830385,14.00741,-0.177025,0.884525107546625,Down,0.329987598034303,0.572340331886747
Q15369,ELOC,Elongin-C,6,14.962305,14.775465,0.18684,1.13826778413765,Up,0.329998005123082,0.572340331886747
Q9NZU5,LMCD1,LIM and cysteine-rich domains protein 1,2,13.520065,13.897355,-0.37729,0.769882402554216,Down,0.330066459643029,0.572340331886747
Q86XK3,SFR1,Swi5-dependent recombination DNA repair protein 1 homolog,2,10.52989,10.32565,0.20424,1.15207928093015,Up,0.330128061167538,0.572340331886747
Q13795,ARFRP1,ADP-ribosylation factor-related protein 1,1,7.406062,8.1934865,-0.7874245,0.579377474274421,Down,0.330134322020497,0.572340331886747
Q9UKL0,RCOR1,REST corepressor 1,17,15.39226,15.304535,0.0877250000000007,1.06269308930361,Up,0.33017009152992,0.572340331886747
Q96KG9,SCYL1,N-terminal kinase-like protein,18,13.213435,13.343275,-0.12984,0.913932803000406,Down,0.330206337643239,0.572340331886747
O43427,FIBP,Acidic fibroblast growth factor intracellular-binding protein,8,14.55123,14.358065,0.193165,1.14326908280448,Up,0.330538471637697,0.572765799437215
Q8NBI5,SLC43A3,Equilibrative nucleobase transporter 1,2,13.889575,13.507035,0.382540000000001,1.30363500795732,Up,0.330708996062476,0.572911076009674
Q13177,PAK2,Serine/threonine-protein kinase PAK 2,16,12.263695,12.402045,-0.13835,0.90855767224344,Down,0.331114637562928,0.573249230294644
Q9Y3Q3,TMED3,Transmembrane emp24 domain-containing protein 3,2,11.592225,11.1861,0.406124999999999,1.32512182512858,Up,0.331185231234871,0.573249230294644
P16298,PPP3CB,Serine/threonine-protein phosphatase 2B catalytic subunit beta isoform,2,8.057808,8.928486,-0.870678,0.546889777306117,Down,0.331249239009191,0.573249230294644
Q01813,PFKP,"ATP-dependent 6-phosphofructokinase, platelet type",16,13.999595,13.90916,0.0904349999999994,1.06469115869925,Up,0.331251143969624,0.573249230294644
Q9H816,DCLRE1B,5' exonuclease Apollo,8,14.31931,14.44536,-0.12605,0.916336886308564,Down,0.331695081200363,0.573867222945863
Q9UKJ5,CHIC2,Cysteine-rich hydrophobic domain-containing protein 2,1,11.861515,12.090605,-0.22909,0.853172872758484,Down,0.331864165373877,0.574009492006268
O95167,NDUFA3,NADH dehydrogenase [ubiquinone] 1 alpha subcomplex subunit 3,2,12.27792,12.762685,-0.484765,0.714613463482875,Down,0.332082067145644,0.574236101979477
Q96MF7,NSMCE2,E3 SUMO-protein ligase NSE2,6,15.331515,15.191655,0.139859999999999,1.10179819152529,Up,0.332306385530947,0.57447368610359
P63167,DYNLL1,"Dynein light chain 1, cytoplasmic",5,17.51654,17.65461,-0.13807,0.908734023328993,Down,0.332462851820885,0.574593877532487
Q13287,NMI,N-myc-interactor,15,14.54214,14.28892,0.253220000000001,1.19186431094207,Up,0.332809369506994,0.575021557877967
Q8IV08,PLD3,5'-3' exonuclease PLD3,6,13.660975,13.875025,-0.21405,0.862113665916991,Down,0.332954116949691,0.575021557877967
P30050,RPL12,Large ribosomal subunit protein uL11,6,17.105775,16.95991,0.145865000000001,1.10639381759123,Up,0.333085512346758,0.575021557877967
O94864,SUPT7L,STAGA complex 65 subunit gamma,7,14.654605,14.512245,0.14236,1.10370911751332,Up,0.333108261218241,0.575021557877967
Q9Y248,GINS2,DNA replication complex GINS protein PSF2,3,10.187598,11.080041,-0.892443,0.538701131290144,Down,0.33314533894912,0.575021557877967
Q04206,RELA,Transcription factor p65,8,12.887805,12.614445,0.27336,1.20861939617035,Up,0.333296451800783,0.575132180143962
Q9BTY7,HGH1,Protein HGH1 homolog,3,11.860955,12.19045,-0.329495,0.795815001552894,Down,0.33362300892031,0.575265975410142
Q96GS4,BORCS6,BLOC-1-related complex subunit 6,5,11.6453,11.57803,0.0672699999999988,1.04773219155845,Up,0.333690594791725,0.575265975410142
Q13464,ROCK1,Rho-associated protein kinase 1,15,13.672575,13.821895,-0.14932,0.901675358205779,Down,0.333728042534527,0.575265975410142
Q9HB19,PLEKHA2,Pleckstrin homology domain-containing family A member 2,11,14.842845,15.03187,-0.189025,0.877198347912077,Down,0.333761979569542,0.575265975410142
Q86WB0,ZC3HC1,Zinc finger C3HC-type protein 1,15,14.011845,14.14672,-0.134875,0.910748740538759,Down,0.333809201951565,0.575265975410142
Q04637,EIF4G1,Eukaryotic translation initiation factor 4 gamma 1,41,15.05475,15.015045,0.0397049999999997,1.02790362105898,Up,0.333908351848373,0.575286834558368
Q9UJX3,ANAPC7,Anaphase-promoting complex subunit 7,22,15.42589,15.36338,0.0625099999999996,1.04428102080678,Up,0.334078024139773,0.575429153385395
P54253,ATXN1,Ataxin-1,7,12.126165,12.338825,-0.21266,0.862944690791402,Down,0.334517463358324,0.575715282906581
Q9Y3A3,MOB4,MOB-like protein phocein,6,15.3398,15.49258,-0.15278,0.899515470944413,Down,0.334551440960817,0.575715282906581
O43920,NDUFS5,NADH dehydrogenase [ubiquinone] iron-sulfur protein 5,5,13.39149,13.546515,-0.155025,0.898116809570731,Down,0.334602978167205,0.575715282906581
Q9P086,MED11,Mediator of RNA polymerase II transcription subunit 11,2,10.4123475,9.9421235,0.470224,1.38532454378521,Up,0.334620502431612,0.575715282906581
Q9HCS7,XAB2,Pre-mRNA-splicing factor SYF1,36,16.22226,16.26714,-0.04488,0.969370443548636,Down,0.334679696917398,0.575715282906581
Q8IV48,ERI1,3'-5' exoribonuclease 1,10,13.422445,13.2183,0.204145,1.15200342017985,Up,0.335069423226435,0.576173085114638
Q8N4Q0,PTGR3,Prostaglandin reductase 3,5,11.607325,11.987565,-0.38024,0.768309767592469,Down,0.335120190525143,0.576173085114638
Q8WUM9,SLC20A1,Sodium-dependent phosphate transporter 1,3,10.5801295,9.8580035,0.722126000000001,1.6496111622681,Up,0.335368448011276,0.576285778808781
Q8NF91,SYNE1,Nesprin-1,16,13.34965,13.10578,0.243870000000001,1.18416490297269,Up,0.335387875351884,0.576285778808781
O00522,KRIT1,Krev interaction trapped protein 1,8,11.848455,11.61715,0.231305000000001,1.17389632534315,Up,0.335447328049233,0.576285778808781
Q5SQN1,SNAP47,Synaptosomal-associated protein 47,1,9.2110745,10.0313245,-0.82025,0.566343794243181,Down,0.335958825726222,0.5768784737859
Q32NC0,C18orf21,UPF0711 protein C18orf21,5,13.523445,13.28161,0.241834999999998,1.18249575131678,Up,0.335966900529872,0.5768784737859
Q9Y3C6,PPIL1,Peptidyl-prolyl cis-trans isomerase-like 1,4,15.236505,15.108515,0.12799,1.09277016456912,Up,0.336223125459498,0.577168476925149
P26373,RPL13,Large ribosomal subunit protein eL13,6,16.861165,16.994525,-0.13336,0.911705636504033,Down,0.336660249793351,0.577652192467879
Q9Y4H2,IRS2,Insulin receptor substrate 2,7,14.31779,14.546925,-0.229135,0.853146261326804,Down,0.336716239134173,0.577652192467879
Q92685,ALG3,"Dol-P-Man:Man(5)GlcNAc(2)-PP-Dol alpha-1,3-mannosyltransferase",2,11.77269,11.39096,0.381730000000001,1.30290328853469,Up,0.336767120226772,0.577652192467879
O75521,ECI2,Enoyl-CoA delta isomerase 2,12,15.640805,15.551425,0.0893800000000002,1.06391286630805,Up,0.336865625070743,0.577671228877152
O15321,TM9SF1,Transmembrane 9 superfamily member 1,3,10.340825,10.584905,-0.24408,0.844354065194432,Down,0.337056016071372,0.577847784751153
Q8WUU5,GATAD1,GATA zinc finger domain-containing protein 1,5,13.078345,12.85973,0.218615,1.16361596847071,Up,0.337198216351407,0.577941652454992
Q9H4L4,SENP3,Sentrin-specific protease 3,18,15.64949,15.71525,-0.06576,0.955441866003222,Down,0.337418214915175,0.578168779459266
Q9H9Y2,RPF1,Ribosome production factor 1,5,11.695175,11.384905,0.310270000000001,1.23993973262291,Up,0.337573418353463,0.578221701942579
O00746,NME4,"Nucleoside diphosphate kinase, mitochondrial",4,15.54502,15.318435,0.226584999999998,1.1700620176077,Up,0.337624080465488,0.578221701942579
Q9BRP8,PYM1,Partner of Y14 and mago,5,14.798945,14.558105,0.240839999999999,1.18168048710732,Up,0.337715616432872,0.578228629275868
Q01518,CAP1,Adenylyl cyclase-associated protein 1,12,13.016185,13.152565,-0.13638,0.909799155125056,Down,0.337933817065393,0.578452369071531
Q9H2G4,TSPYL2,Testis-specific Y-encoded-like protein 2,3,11.534025,11.07255,0.461475,1.37694888037799,Up,0.338239536757097,0.578825763445793
Q14210,LY6D,Lymphocyte antigen 6D,1,11.049565,11.798415,-0.74885,0.595077716403198,Down,0.338890459087603,0.579789553225464
Q8N201,INTS1,Integrator complex subunit 1,58,14.87483,14.79229,0.0825399999999998,1.05888065918721,Up,0.33919923740153,0.580167639748113
Q58EX7,PLEKHG4,Puratrophin-1,11,13.705,13.866015,-0.161015,0.894395602517409,Down,0.339337527877361,0.580254003037899
Q6P2D0,ZFP1,Zinc finger protein 1 homolog,6,12.003365,11.685485,0.317880000000001,1.24649750921493,Up,0.339495345086664,0.580351654045494
Q6IQ49,SDE2,Splicing regulator SDE2,10,16.154175,15.886765,0.267410000000002,1.20364504169691,Up,0.339646821997233,0.580351654045494
Q8IX90,SKA3,Spindle and kinetochore-associated protein 3,7,16.198085,16.060005,0.138079999999999,1.10043962900439,Up,0.339716985239681,0.580351654045494
Q9BTE1,DCTN5,Dynactin subunit 5,4,14.652065,14.89802,-0.245955,0.843257412407313,Down,0.339745884324711,0.580351654045494
Q9NPD8,UBE2T,Ubiquitin-conjugating enzyme E2 T,5,13.46467,13.741585,-0.276915,0.825354034885061,Down,0.340059458663544,0.580488071449015
Q13151,HNRNPA0,Heterogeneous nuclear ribonucleoprotein A0,5,18.725815,18.436665,0.289150000000003,1.22192014064419,Up,0.340063373682291,0.580488071449015
P43897,TSFM,"Elongation factor Ts, mitochondrial",11,15.62083,15.732085,-0.111255,0.925782373687333,Down,0.340089243856951,0.580488071449015
Q86Y37,CACUL1,CDK2-associated and cullin domain-containing protein 1,4,13.41377,13.27017,0.143599999999999,1.10465816605976,Up,0.340332744211308,0.580753706814494
Q9H2D6,TRIOBP,TRIO and F-actin-binding protein,20,12.68402,12.561595,0.122425,1.08856307157186,Up,0.340730146889248,0.581281760658503
P08621,SNRNP70,U1 small nuclear ribonucleoprotein 70 kDa,19,18.525575,18.312225,0.213350000000002,1.15937718444867,Up,0.341298606319571,0.582101287526722
Q9Y2W1,THRAP3,Thyroid hormone receptor-associated protein 3,29,16.90655,16.79385,0.1127,1.08124990050895,Up,0.341697302212968,0.582630926296569
Q00403,GTF2B,Transcription initiation factor IIB,14,13.30271,13.125605,0.177105000000001,1.13061285064676,Up,0.341819669849837,0.582689243754854
Q9HD33,MRPL47,Large ribosomal subunit protein uL29m,10,13.927035,13.797675,0.12936,1.0938083646998,Up,0.342194108430543,0.583177117745605
Q13084,MRPL28,Large ribosomal subunit protein bL28m,6,13.239015,13.14938,0.0896349999999995,1.06410093222005,Up,0.342525587120454,0.583591545573364
P55017,SLC12A3,Solute carrier family 12 member 3,12,13.002385,12.801625,0.200759999999999,1.14930363935229,Up,0.342647852808762,0.583649396704409
O15357,INPPL1,"Phosphatidylinositol 3,4,5-trisphosphate 5-phosphatase 2",29,15.000055,15.15307,-0.153015,0.899368961173244,Down,0.342893084968025,0.583916619055315
P35269,GTF2F1,General transcription factor IIF subunit 1,12,14.202765,14.350955,-0.14819,0.902381877780141,Down,0.343095217273915,0.584110327399099
Q9Y4E8,USP15,Ubiquitin carboxyl-terminal hydrolase 15,15,12.519365,12.732715,-0.21335,0.862532067573455,Down,0.343259001681789,0.584189733067387
Q9H1C4,UNC93B1,Protein unc-93 homolog B1,2,9.5324255,10.1247055,-0.59228,0.663293824936957,Down,0.343318644762253,0.584189733067387
Q9UNI6,DUSP12,Dual specificity protein phosphatase 12,7,12.104865,12.029395,0.0754699999999993,1.05370425494773,Up,0.343901240030904,0.585018373653489
Q96FK6,WDR89,WD repeat-containing protein 89,12,14.595325,14.610985,-0.01566,0.989204014663791,Down,0.343999423069212,0.585018373653489
P56556,NDUFA6,NADH dehydrogenase [ubiquinone] 1 alpha subcomplex subunit 6,6,12.734565,13.136495,-0.40193,0.756845117948088,Down,0.344071178452279,0.585018373653489
P38435,GGCX,Vitamin K-dependent gamma-carboxylase,9,13.87971,13.78673,0.092979999999999,1.06657099491572,Up,0.344422420157711,0.585374519366452
P07947,YES1,Tyrosine-protein kinase Yes,17,17.07358,17.46879,-0.39521,0.760378687152608,Down,0.344457785718888,0.585374519366452
Q9Y5N6,ORC6,Origin recognition complex subunit 6,7,13.80285,13.97284,-0.16999,0.888848842175905,Down,0.344560257752243,0.58539813457187
Q70CQ2,USP34,Ubiquitin carboxyl-terminal hydrolase 34,18,11.403785,11.28524,0.118544999999999,1.08563941123149,Up,0.344682999911857,0.585456167159462
Q9ULH1,ASAP1,"Arf-GAP with SH3 domain, ANK repeat and PH domain-containing protein 1",7,13.485135,13.24078,0.244354999999999,1.18456305816757,Up,0.34494160998589,0.585744887049524
Q9NVM4,PRMT7,Protein arginine N-methyltransferase 7,2,10.65193,11.113315,-0.461385,0.726288680315859,Down,0.345219975333351,0.585855502499849
Q12972,PPP1R8,Nuclear inhibitor of protein phosphatase 1,16,15.40572,15.07958,0.326140000000001,1.25365466994611,Up,0.345298825061589,0.585855502499849
Q96HW7,INTS4,Integrator complex subunit 4,37,14.929675,14.86033,0.0693449999999984,1.04924020844927,Up,0.345306516038026,0.585855502499849
Q99615,DNAJC7,DnaJ homolog subfamily C member 7,19,14.991965,14.83516,0.156805,1.11481552595229,Up,0.345361331175581,0.585855502499849
P16278,GLB1,Beta-galactosidase,8,13.977435,14.079415,-0.10198,0.931753346059336,Down,0.345659393418118,0.586186416210724
A6NKF1,SAC3D1,SAC3 domain-containing protein 1,8,12.731715,12.835515,-0.1038,0.930578654355552,Down,0.345733794884158,0.586186416210724
Q6IQ21,ZNF770,Zinc finger protein 770,3,10.1132875,10.5118515,-0.398564,0.758613000129324,Down,0.346273839791821,0.586726996684393
Q5T3F8,TMEM63B,CSC1-like protein 2,2,12.95329,13.349695,-0.396405,0.759749117988023,Down,0.346296088139816,0.586726996684393
Q96NC0,ZMAT2,Zinc finger matrin-type protein 2,2,12.98393,12.757575,0.226355000000002,1.16987549668266,Up,0.346438935569364,0.586726996684393
Q9H6K4,OPA3,Optic atrophy 3 protein,2,12.95917,12.45048,0.508690000000001,1.42275771243272,Up,0.346463650888275,0.586726996684393
Q9HCI7,MSL2,E3 ubiquitin-protein ligase MSL2,14,15.300875,15.101425,0.199450000000002,1.14826051909629,Up,0.346496515064183,0.586726996684393
P02647,APOA1,Apolipoprotein A-I,4,12.68459,13.2208,-0.53621,0.689580077705579,Down,0.346688372086015,0.586810145781458
P04075,ALDOA,Fructose-bisphosphate aldolase A,20,17.461805,17.6037,-0.141895,0.906327898822897,Down,0.346933026066562,0.586810145781458
Q9NTK5,OLA1,Obg-like ATPase 1,16,13.567015,13.394825,0.172190000000001,1.12676761172689,Up,0.346936985812949,0.586810145781458
Q9NPI6,DCP1A,mRNA-decapping enzyme 1A,8,14.82396,14.924965,-0.101005,0.93238325503711,Down,0.34709177227564,0.586810145781458
Q96CT7,CCDC124,Coiled-coil domain-containing protein 124,15,14.08393,13.92303,0.160899999999998,1.11798435550971,Up,0.347199014674776,0.586810145781458
P40616,ARL1,ADP-ribosylation factor-like protein 1,7,11.907155,12.262205,-0.35505,0.781842546061218,Down,0.347246930130394,0.586810145781458
Q8IYT2,CMTR2,Cap-specific mRNA (nucleoside-2'-O-)-methyltransferase 2,5,12.104605,11.936145,0.16846,1.12385818551085,Up,0.347254240590559,0.586810145781458
Q03252,LMNB2,Lamin-B2,31,14.89638,14.775795,0.120585,1.08717561319575,Up,0.347281092851769,0.586810145781458
Q15125,EBP,"3-beta-hydroxysteroid-Delta(8),Delta(7)-isomerase",2,15.1924,15.08528,0.107119999999998,1.07707596112715,Up,0.347344725419438,0.586810145781458
Q9BYC8,MRPL32,Large ribosomal subunit protein bL32m,3,12.680885,12.388655,0.29223,1.22453159638312,Up,0.347516432105418,0.586950191613776
Q9BV79,MECR,"Enoyl-[acyl-carrier-protein] reductase, mitochondrial",6,13.361325,13.097255,0.26407,1.20086169224442,Up,0.347730685648017,0.586994545231794
Q9Y5T5,USP16,Ubiquitin carboxyl-terminal hydrolase 16,8,12.26396,12.52059,-0.25663,0.837040886394228,Down,0.347837789561528,0.586994545231794
Q13586,STIM1,Stromal interaction molecule 1,10,13.61993,13.521295,0.0986349999999998,1.07075988803771,Up,0.348030443646833,0.586994545231794
Q6KB66,KRT80,"Keratin, type II cytoskeletal 80",17,13.48149,13.89267,-0.41118,0.752008044434931,Down,0.348052570675767,0.586994545231794
Q6P1M0,SLC27A4,Long-chain fatty acid transport protein 4,23,13.68935,13.66052,0.028830000000001,1.02018443871105,Up,0.348125533118948,0.586994545231794
P24844,MYL9,Myosin regulatory light polypeptide 9,8,16.457965,16.295785,0.162179999999999,1.11897670312514,Up,0.348152188852936,0.586994545231794
Q6FIF0,ZFAND6,AN1-type zinc finger protein 6,2,11.036175,11.52807,-0.491895,0.711090456896621,Down,0.348210878585326,0.586994545231794
Q8TB61,SLC35B2,Adenosine 3'-phospho 5'-phosphosulfate transporter 1,6,12.336375,12.140235,0.19614,1.14562906512371,Up,0.348253232236929,0.586994545231794
Q8IZD4,DCP1B,mRNA-decapping enzyme 1B,5,10.703406,10.0877825,0.615623500000002,1.5322200446946,Up,0.348749187056195,0.58762672424252
Q9NPJ8,NXT2,NTF2-related export protein 2,3,14.214995,14.11149,0.103505,1.07438048122692,Up,0.348883021410686,0.58762672424252
O75828,CBR3,Carbonyl reductase [NADPH] 3,2,12.54982,13.312185,-0.762365,0.589529127146519,Down,0.349039657353773,0.58762672424252
Q9ULK2,ATXN7L1,Ataxin-7-like protein 1,4,11.533975,11.060455,0.473520000000001,1.38849309247132,Up,0.349115251860005,0.58762672424252
P05976,MYL1,"Myosin light chain 1/3, skeletal muscle isoform",2,15.605615,14.955125,0.65049,1.5697012419211,Up,0.349134533278254,0.58762672424252
Q9Y2J4,AMOTL2,Angiomotin-like protein 2,2,10.5823465,9.916303,0.666043500000001,1.58671552815269,Up,0.34916177123625,0.58762672424252
Q9Y3A4,RRP7A,Ribosomal RNA-processing protein 7 homolog A,8,14.577795,14.447335,0.130459999999999,1.09464266992483,Up,0.349341034863582,0.587641832541028
Q9H2Y7,ZNF106,Zinc finger protein 106,38,15.70733,15.5963,0.11103,1.0799990175476,Up,0.349348579218293,0.587641832541028
Q9H4I9,SMDT1,"Essential MCU regulator, mitochondrial",1,11.34386,12.1936,-0.84974,0.554884727387442,Down,0.349501981496403,0.587687060272366
Q9H444,CHMP4B,Charged multivesicular body protein 4b,5,13.32682,13.778,-0.45118,0.731444344913473,Down,0.349553311231755,0.587687060272366
Q9BZM4,ULBP3,UL16-binding protein 3,1,9.517986,8.947554,0.570432,1.48496816230736,Up,0.349745504160784,0.587860640131897
Q5T160,RARS2,"Probable arginine--tRNA ligase, mitochondrial",9,15.239805,15.008345,0.231460000000002,1.17402245297234,Up,0.349840885361941,0.587868249571863
Q9Y6R0,NUMBL,Numb-like protein,8,12.878705,13.104905,-0.2262,0.854883657637566,Down,0.349927930672675,0.587868249571863
P07942,LAMB1,Laminin subunit beta-1,8,13.418825,13.2945,0.124325000000001,1.08999763141302,Up,0.350113322134548,0.587873384265939
P62314,SNRPD1,Small nuclear ribonucleoprotein Sm D1,5,17.845085,17.62433,0.220754999999997,1.16534328149939,Up,0.35014599034234,0.587873384265939
P11279,LAMP1,Lysosome-associated membrane glycoprotein 1,6,13.10663,12.94789,0.15874,1.11631176408185,Up,0.350222407137371,0.587873384265939
P51617,IRAK1,Interleukin-1 receptor-associated kinase 1,4,10.44727,9.7217965,0.7254735,1.65344321590966,Up,0.350286788809089,0.587873384265939
Q9HC36,MRM3,"rRNA methyltransferase 3, mitochondrial",8,15.27336,14.80738,0.46598,1.3812552997468,Up,0.350622074577336,0.588100855195846
Q13442,PDAP1,28 kDa heat- and acid-stable phosphoprotein,5,14.22557,14.03705,0.18852,1.13959405453718,Up,0.350642576569703,0.588100855195846
Q9H496,TOR1AIP2,"Torsin-1A-interacting protein 2, isoform IFRG15",1,8.934885,9.736737,-0.801852,0.573612353567152,Down,0.350689282845639,0.588100855195846
Q5JRA6,MIA3,Transport and Golgi organization protein 1 homolog,15,12.436225,12.272005,0.16422,1.12056007803905,Up,0.350919653148765,0.58813926162762
Q9P289,STK26,Serine/threonine-protein kinase 26,9,15.8266,16.03909,-0.21249,0.863046381888167,Down,0.350920796456398,0.58813926162762
Q96EK9,KTI12,Protein KTI12 homolog,5,13.515145,13.36622,0.148925,1.10874300294834,Up,0.350979156885963,0.58813926162762
Q9BZH6,WDR11,WD repeat-containing protein 11,14,12.79599,12.65736,0.138629999999999,1.1008592306263,Up,0.351136580971608,0.588253907133423
O00767,SCD,Stearoyl-CoA desaturase,1,13.201545,13.06727,0.134274999999999,1.09754112596402,Up,0.351483382198526,0.588539858292962
Q14738,PPP2R5D,Serine/threonine-protein phosphatase 2A 56 kDa regulatory subunit delta isoform,11,13.912285,14.01108,-0.098795,0.933812625754123,Down,0.351485371566398,0.588539858292962
Q9NRA0,SPHK2,Sphingosine kinase 2,3,10.520795,10.738835,-0.21804,0.859732649062085,Down,0.351857373377302,0.588836793148706
Q6UUV7,CRTC3,CREB-regulated transcription coactivator 3,3,15.75671,15.924825,-0.168115,0.890004786429414,Down,0.351892756963798,0.588836793148706
Q9Y6Y8,SEC23IP,SEC23-interacting protein,3,12.341305,13.201265,-0.85996,0.550967833798559,Down,0.3519299943921,0.588836793148706
Q12948,FOXC1,Forkhead box protein C1,4,13.143695,13.05024,0.0934550000000005,1.06692221580344,Up,0.352734488225846,0.589909218724058
Q8IWS0,PHF6,PHD finger protein 6,11,15.77892,15.65036,0.12856,1.093201997,Up,0.352749467755708,0.589909218724058
Q93088,BHMT,Betaine--homocysteine S-methyltransferase 1,2,10.84763,11.68578,-0.83815,0.559360389632805,Down,0.352931620402799,0.589999316349029
Q13214,SEMA3B,Semaphorin-3B,4,10.660757,10.1910875,0.4696695,1.38479219645261,Up,0.35307182599769,0.589999316349029
Q8NI60,COQ8A,"Atypical kinase COQ8A, mitochondrial",15,14.40333,14.574645,-0.171315,0.888032880364801,Down,0.353142484233648,0.589999316349029
Q8N2M8,CLASRP,CLK4-associating serine/arginine rich protein,7,12.99278,12.71829,0.27449,1.20956642577871,Up,0.35329836072652,0.589999316349029
Q96HB5,CCDC120,Coiled-coil domain-containing protein 120,1,9.8854945,9.0594575,0.826036999999999,1.77280886405295,Up,0.353335322391567,0.589999316349029
Q53EZ4,CEP55,Centrosomal protein of 55 kDa,4,12.945775,13.20183,-0.256055,0.83737456358993,Down,0.353338976261077,0.589999316349029
Q9BR77,CCDC77,Coiled-coil domain-containing protein 77,5,13.628455,13.21663,0.411824999999999,1.33036765668955,Up,0.353529422941624,0.590168213241019
Q96GX9,APIP,Methylthioribulose-1-phosphate dehydratase,1,9.3883465,10.38971,-1.0013635,0.499527670145744,Down,0.353700589945392,0.590304848219469
P78362,SRPK2,SRSF protein kinase 2,10,13.8118,13.773085,0.0387149999999998,1.02719849940757,Up,0.353981329382431,0.59062423779058
Q03154,ACY1,Aminoacylase-1,4,11.5157,11.962435,-0.446735,0.733701428922305,Down,0.354267236522948,0.590773109499426
P55317,FOXA1,Hepatocyte nuclear factor 3-alpha,1,9.138195,8.717167,0.421028,1.3388812418955,Up,0.354317969629271,0.590773109499426
Q96S44,TP53RK,EKC/KEOPS complex subunit TP53RK,3,11.948565,12.32624,-0.377675,0.769676977865996,Down,0.354394195790292,0.590773109499426
Q9Y6M4,CSNK1G3,Casein kinase I isoform gamma-3,8,11.92738,12.07884,-0.15146,0.900338863098631,Down,0.354506325845169,0.590773109499426
Q86SX3,TEDC1,Tubulin epsilon and delta complex protein 1,4,13.779815,13.577235,0.202579999999999,1.15075443283864,Up,0.35451749920937,0.590773109499426
P78310,CXADR,Coxsackievirus and adenovirus receptor,5,13.25412,13.554055,-0.299935,0.812288992860448,Down,0.354672823999736,0.590882957855875
Q86W42,THOC6,THO complex subunit 6,16,16.227545,16.31977,-0.092225,0.938074884700378,Down,0.355704930305937,0.592453095864903
Q96HI0,SENP5,Sentrin-specific protease 5,13,13.07331,13.246185,-0.172875,0.887073160855131,Down,0.355994585907027,0.592728581381943
O15417,TNRC18,Trinucleotide repeat-containing gene 18 protein,23,14.33756,14.23819,0.0993700000000004,1.07130553975576,Up,0.356049700118976,0.592728581381943
Q9BRR6,ADPGK,ADP-dependent glucokinase,2,11.54529,10.68456,0.860729999999998,1.81595694777071,Up,0.356380079435963,0.59301755992916
Q9Y2S7,POLDIP2,Polymerase delta-interacting protein 2,13,13.8385,13.917475,-0.078975,0.946730036675963,Down,0.356402745958333,0.59301755992916
P04156,PRNP,Major prion protein,3,10.903845,11.07208,-0.168235,0.889930760991081,Down,0.356652922409319,0.593284461163653
Q96C92,ENTR1,Endosome-associated-trafficking regulator 1,3,10.366155,11.1520245,-0.7858695,0.580002289397117,Down,0.356796585149215,0.59337408939385
Q96PQ7,KLHL5,Kelch-like protein 5,1,8.6257615,9.354718,-0.7289565,0.603340151439457,Down,0.357304758881974,0.593878911517222
Q9P270,SLAIN2,SLAIN motif-containing protein 2,11,12.588115,12.319035,0.269080000000001,1.20503913470043,Up,0.357384055571859,0.593878911517222
O60739,EIF1B,Eukaryotic translation initiation factor 1b,1,11.936145,12.319315,-0.38317,0.766750974396197,Down,0.357395680107815,0.593878911517222
Q9Y241,HIGD1A,"HIG1 domain family member 1A, mitochondrial",1,10.30115,10.4911,-0.18995,0.876636102681711,Down,0.357459571798383,0.593878911517222
P09936,UCHL1,Ubiquitin carboxyl-terminal hydrolase isozyme L1,1,10.02802,10.847017,-0.818997,0.566835885090073,Down,0.357600360751402,0.593952152833426
Q6DN03,H2BC20P,Putative histone H2B type 2-C,1,13.660905,13.943165,-0.28226,0.822301861541652,Down,0.357727935177515,0.593952152833426
P47755,CAPZA2,F-actin-capping protein subunit alpha-2,10,15.684955,15.513865,0.171090000000001,1.12590882179326,Up,0.35785979909754,0.593952152833426
Q86W34,AMZ2,Archaemetzincin-2,6,11.358325,11.50685,-0.148525,0.902172365148735,Down,0.357863137022651,0.593952152833426
P21399,ACO1,Cytoplasmic aconitate hydratase,4,11.17784,11.42256,-0.24472,0.843979580814468,Down,0.35795959886898,0.593963090365324
Q15596,NCOA2,Nuclear receptor coactivator 2,2,9.907551,9.1320415,0.775509500000002,1.71179447938043,Up,0.358155148015044,0.594004398322231
Q96J01,THOC3,THO complex subunit 3,13,17.67561,17.614705,0.0609049999999982,1.04311990288441,Up,0.358164249858389,0.594004398322231
P52732,KIF11,Kinesin-like protein KIF11,13,12.70913,12.83901,-0.12988,0.913907463753858,Down,0.358513039797831,0.594381338320641
Q96C00,ZBTB9,Zinc finger and BTB domain-containing protein 9,2,11.14499,11.46033,-0.31534,0.803661569468228,Down,0.358576909138376,0.594381338320641
Q9NUL7,DDX28,Probable ATP-dependent RNA helicase DDX28,15,12.347,12.437065,-0.090065,0.939480420377167,Down,0.358661337149753,0.594381338320641
O75368,SH3BGRL,Adapter SH3BGRL,4,12.19951,12.32142,-0.12191,0.918970210035833,Down,0.358790580312403,0.594446464097435
Q7Z6J9,TSEN54,tRNA-splicing endonuclease subunit Sen54,2,12.38498,12.690175,-0.305195,0.809332816735922,Down,0.359300678852636,0.595062362355291
Q13685,AAMP,Angio-associated migratory cell protein,3,10.553895,11.5845,-1.030605,0.489504829915722,Down,0.359342394940228,0.595062362355291
Q9BXI6,TBC1D10A,TBC1 domain family member 10A,6,11.526675,11.91191,-0.385235,0.765654271280717,Down,0.359755628226626,0.595459094191335
Q96C19,EFHD2,EF-hand domain-containing protein D2,7,14.596625,14.828815,-0.23219,0.851341580412567,Down,0.359762167212286,0.595459094191335
P27105,STOM,Stomatin,7,16.41338,16.088075,0.325305,1.25292929227075,Up,0.359988409812984,0.595656982317049
O75461,E2F6,Transcription factor E2F6,7,12.240625,11.936105,0.304519999999998,1.23500766856386,Up,0.360061982804753,0.595656982317049
P01008,SERPINC1,Antithrombin-III,1,10.485886,10.090755,0.395130999999999,1.31506216542768,Up,0.360554364379452,0.596301321103603
P45954,ACADSB,"Short/branched chain specific acyl-CoA dehydrogenase, mitochondrial",1,10.779815,11.57308,-0.793265,0.577036706611206,Down,0.360631923203374,0.596301321103603
Q13017,ARHGAP5,Rho GTPase-activating protein 5,14,11.536185,11.77259,-0.236405,0.848857917689732,Down,0.360757313972048,0.596359451736184
Q8NBJ7,SUMF2,Inactive C-alpha-formylglycine-generating enzyme 2,9,12.973705,13.04127,-0.067565,0.954247230868103,Down,0.360953681905391,0.596534854641843
P35226,BMI1,Polycomb complex protein BMI-1,3,12.991335,12.88516,0.106175,1.07637068144337,Up,0.361306492240014,0.59695485671674
P61758,VBP1,Prefoldin subunit 3,4,12.792935,12.58008,0.212855000000001,1.15897946126537,Up,0.361388467502448,0.59695485671674
Q147X3,NAA30,N-alpha-acetyltransferase 30,5,12.038255,11.789135,0.24912,1.18848195609582,Up,0.361579097188299,0.597105853266335
P38646,HSPA9,"Stress-70 protein, mitochondrial",28,16.386675,16.44762,-0.060945,0.958635983966979,Down,0.36171403294528,0.597105853266335
Q9H4L5,OSBPL3,Oxysterol-binding protein-related protein 3,4,10.4117405,9.848039,0.563701500000001,1.4780565831744,Up,0.361870037743044,0.597105853266335
O75061,DNAJC6,Auxilin,4,10.848405,11.40762,-0.559215,0.678671342290944,Down,0.361874182676823,0.597105853266335
P57059,SIK1,Serine/threonine-protein kinase SIK1,2,10.748815,9.962455,0.78636,1.72471741022708,Up,0.361931615703577,0.597105853266335
Q6P4Q7,CNNM4,Metal transporter CNNM4,3,14.36431,13.97822,0.386089999999999,1.3068467766946,Up,0.362113402542136,0.597256670177433
P36957,DLST,"Dihydrolipoyllysine-residue succinyltransferase component of 2-oxoglutarate dehydrogenase complex, mitochondrial",10,13.042635,13.165695,-0.12306,0.91823797306308,Down,0.362265469029451,0.59735840439512
Q99943,AGPAT1,1-acyl-sn-glycerol-3-phosphate acyltransferase alpha,1,12.655665,11.876065,0.779599999999999,1.71665484910019,Up,0.362553148836462,0.597679436505775
Q9NS73,MBIP,MAP3K12-binding inhibitory protein 1,11,12.30822,12.12225,0.185969999999999,1.13758157228277,Up,0.362693649866298,0.597679436505775
Q96QR8,PURB,Transcriptional regulator protein Pur-beta,5,13.286215,13.08272,0.203495000000002,1.15148450693593,Up,0.362731460103596,0.597679436505775
O43676,NDUFB3,NADH dehydrogenase [ubiquinone] 1 beta subcomplex subunit 3,3,13.317085,13.54094,-0.223855,0.856274341222848,Down,0.362938742160212,0.59786384299757
P56134,ATP5MF,"ATP synthase subunit f, mitochondrial",3,15.19017,15.312845,-0.122675,0.918483048276128,Down,0.363104309765003,0.59786384299757
P35790,CHKA,Choline kinase alpha,6,11.23994,10.883075,0.356865000000001,1.2806400200002,Up,0.36317964726964,0.59786384299757
Q9UJQ4,SALL4,Sal-like protein 4,2,11.24724,10.51683,0.730410000000001,1.65911052782859,Up,0.363205224638409,0.59786384299757
P51965,UBE2E1,Ubiquitin-conjugating enzyme E2 E1,1,13.465555,13.980975,-0.51542,0.699589237459809,Down,0.363295733893793,0.597863920643445
Q6NUT3,MFSD12,Major facilitator superfamily domain-containing protein 12,1,10.90182,10.642985,0.258835000000001,1.19651211117063,Up,0.363526522721027,0.598094794290084
Q9P2S5,WRAP73,WD repeat-containing protein WRAP73,7,10.58114,11.12458,-0.54344,0.68613292362898,Down,0.364033136031802,0.598769437289135
Q9ULT0,TTC7A,Tetratricopeptide repeat protein 7A,15,13.736625,13.505795,0.230830000000001,1.17350988957176,Up,0.364204662858273,0.598769437289135
Q6PII3,CCDC174,Coiled-coil domain-containing protein 174,4,11.778945,11.597295,0.181650000000001,1.13418029770043,Up,0.364208373112774,0.598769437289135
P31943,HNRNPH1,Heterogeneous nuclear ribonucleoprotein H,11,19.048625,19.08998,-0.041355,0.971741844717336,Down,0.364323221179478,0.598798128248517
P51812,RPS6KA3,Ribosomal protein S6 kinase alpha-3,9,11.719245,12.188,-0.468755,0.722587899185359,Down,0.364521817604981,0.598798128248517
Q6PL24,TMED8,Protein TMED8,1,7.932534,8.644161,-0.711627,0.610631110875382,Down,0.364537055476201,0.598798128248517
P49840,GSK3A,Glycogen synthase kinase-3 alpha,5,12.114725,11.92004,0.194685,1.14447424725069,Up,0.364588238473601,0.598798128248517
Q8N3Z3,GTPBP8,GTP-binding protein 8,4,12.728095,12.402665,0.325430000000001,1.2530378550246,Up,0.364930047490936,0.599210604687602
Q7Z434,MAVS,Mitochondrial antiviral-signaling protein,4,10.812035,11.27521,-0.463175,0.725388108453857,Down,0.365164315458309,0.599363513243725
Q9UJW0,DCTN4,Dynactin subunit 4,7,14.205245,14.287295,-0.08205,0.944714299127192,Down,0.365204549528292,0.599363513243725
P08397,HMBS,Porphobilinogen deaminase,3,13.12226,13.50407,-0.38181,0.767474116123817,Down,0.365389669624057,0.599518452469064
Q8IWA4,MFN1,Mitofusin-1,9,11.588265,11.849915,-0.26165,0.834133381300794,Down,0.365715352060456,0.599903887259259
O95819,MAP4K4,Mitogen-activated protein kinase kinase kinase kinase 4,20,13.6961,13.759605,-0.063505,0.956936434178308,Down,0.365931517369329,0.599995327746629
O95456,PSMG1,Proteasome assembly chaperone 1,11,12.835925,12.919195,-0.08327,0.943915749033047,Down,0.365952665478388,0.599995327746629
O43791,SPOP,Speckle-type POZ protein,7,11.24267,11.044375,0.198295,1.14734160683878,Up,0.366046241868509,0.599999903896075
B7ZAQ6,GPR89A,Golgi pH regulator A,1,10.7231375,10.1953515,0.527785999999999,1.44171500097128,Up,0.366165806353262,0.600000739259619
Q16611,BAK1,Bcl-2 homologous antagonist/killer,4,11.563845,11.98253,-0.418685,0.748106203877661,Down,0.366228322314012,0.600000739259619
Q9UBV8,PEF1,Peflin,4,11.970455,12.219595,-0.24914,0.841397828569018,Down,0.366519681394354,0.600300994365102
Q92545,TMEM131,Transmembrane protein 131,2,8.6094505,9.3826165,-0.773166,0.585131990153947,Down,0.366593253632554,0.600300994365102
O15287,FANCG,Fanconi anemia group G protein,16,12.89533,12.81122,0.0841100000000008,1.06003360383954,Up,0.367059317181341,0.600706488527455
Q4FZB7,KMT5B,Histone-lysine N-methyltransferase KMT5B,4,11.632625,11.20525,0.427375000000001,1.34478449882118,Up,0.367210268809022,0.600706488527455
Q9H0K6,PUS7L,Pseudouridylate synthase PUS7L,4,10.56809,10.19985,0.368239999999998,1.29077720025072,Up,0.367222068796215,0.600706488527455
O60563,CCNT1,Cyclin-T1,14,14.67601,14.745065,-0.069055,0.953262203289959,Down,0.367271160389551,0.600706488527455
Q9UHF7,TRPS1,Zinc finger transcription factor Trps1,27,14.389975,14.29083,0.099145,1.07113847399049,Up,0.36729534273558,0.600706488527455
Q9NV72,ZNF701,Zinc finger protein 701,2,10.136109,10.864101,-0.727992,0.6037436435996,Down,0.367392379414667,0.600713479929685
Q9UHD1,CHORDC1,Cysteine and histidine-rich domain-containing protein 1,13,15.540455,15.593505,-0.05305,0.963896401058115,Down,0.367481404048376,0.600713479929685
Q9H871,RMND5A,E3 ubiquitin-protein transferase RMND5A,9,12.372165,12.08901,0.283154999999999,1.21685308764578,Up,0.367685605012282,0.600898655669182
P46100,ATRX,Transcriptional regulator ATRX,38,14.74143,14.80924,-0.06781,0.954085193351666,Down,0.367885969482371,0.601077471522618
Q9NWS0,PIH1D1,PIH1 domain-containing protein 1,5,12.78771,12.592925,0.194785,1.14455357890985,Up,0.368076747859583,0.601208265186222
Q8WUK0,PTPMT1,Phosphatidylglycerophosphatase and protein-tyrosine phosphatase 1,11,13.461155,13.577135,-0.11598,0.922755284669611,Down,0.368235357858952,0.601208265186222
Q13162,PRDX4,Peroxiredoxin-4,5,12.604935,12.47353,0.131404999999999,1.09535992212187,Up,0.368265437666074,0.601208265186222
Q9BVJ6,UTP14A,U3 small nucleolar RNA-associated protein 14 homolog A,28,15.6983,15.60497,0.0933299999999999,1.06682977804233,Up,0.3683298934391,0.601208265186222
Q96RY5,CRAMP1,Protein cramped-like,16,14.943455,14.703135,0.240320000000001,1.18125464303788,Up,0.368547332626472,0.601414647241568
Q13620,CUL4B,Cullin-4B,24,14.177535,14.038545,0.138990000000002,1.10113396559248,Up,0.368897352922382,0.601837226725259
Q08050,FOXM1,Forkhead box protein M1,6,15.010825,14.84748,0.163345,1.11988066016823,Up,0.369181111065675,0.601978001621629
Q9H5J0,ZBTB3,Zinc finger and BTB domain-containing protein 3,2,10.2325425,10.0270135,0.205529000000002,1.15310908540106,Up,0.369189595743469,0.601978001621629
Q9H1K0,RBSN,Rabenosyn-5,5,10.701645,10.283725,0.417919999999999,1.33599999276577,Up,0.369256894927233,0.601978001621629
P45877,PPIC,Peptidyl-prolyl cis-trans isomerase C,3,16.840775,16.418285,0.422490000000003,1.34023872665417,Up,0.369625663068116,0.602430581311265
P56377,AP1S2,AP-1 complex subunit sigma-2,3,12.52943,12.66424,-0.13481,0.910789774853054,Down,0.370061741455398,0.602865964696148
Q9NRW7,VPS45,Vacuolar protein sorting-associated protein 45,16,13.166855,13.004495,0.162360000000001,1.11911632263331,Up,0.370075233586363,0.602865964696148
Q9HB07,MYG1,MYG1 exonuclease,6,11.166215,11.71027,-0.544055,0.685840497434511,Down,0.370201480356828,0.602923012242059
Q3ZCT1,ZNF260,Zinc finger protein 260,1,10.440145,11.07129,-0.631145,0.645663778585946,Down,0.370376089100299,0.603004601319535
Q10469,MGAT2,"Alpha-1,6-mannosyl-glycoprotein 2-beta-N-acetylglucosaminyltransferase",4,12.178105,11.853815,0.324289999999998,1.25204811090972,Up,0.370464079687684,0.603004601319535
Q5VST6,ABHD17B,Alpha/beta hydrolase domain-containing protein 17B,4,11.855215,12.00994,-0.154725,0.898303587130017,Down,0.370525296710339,0.603004601319535
Q15554,TERF2,Telomeric repeat-binding factor 2,16,15.00112,14.917955,0.083165000000001,1.05933948365498,Up,0.3706316001808,0.60302911019077
P35241,RDX,Radixin,19,15.8809,15.68936,0.19154,1.14198207043313,Up,0.370854929698033,0.603243965142579
Q14746,COG2,Conserved oligomeric Golgi complex subunit 2,1,8.8808965,8.1602755,0.720620999999998,1.64789120743505,Up,0.370987816856857,0.603311634253683
Q12846,STX4,Syntaxin-4,3,14.75285,14.491405,0.261445,1.19867869736108,Up,0.371415902659139,0.603859212957995
Q9Y2Z0,SUGT1,Protein SGT1 homolog,10,11.75362,11.854505,-0.100885,0.932460811721491,Down,0.371522915307536,0.603884640252706
Q9HAC8,UBTD1,Ubiquitin domain-containing protein 1,2,10.220201,10.967366,-0.747165,0.5957731452419,Down,0.371906204345647,0.604326680818876
Q9NQX6,ZNF331,Zinc finger protein 331,5,12.73319,12.39563,0.33756,1.26361765555198,Up,0.371977748157238,0.604326680818876
Q9P013,CWC15,Spliceosome-associated protein CWC15 homolog,8,14.90943,14.695925,0.213505000000001,1.15950175208931,Up,0.37212351838588,0.604377887114564
P78406,RAE1,mRNA export factor RAE1,13,15.84503,15.7581,0.0869300000000006,1.06210765146045,Up,0.372214026738686,0.604377887114564
Q9H7N4,SCAF1,"Splicing factor, arginine/serine-rich 19",2,12.13916,11.892415,0.246745000000001,1.18652705746047,Up,0.372403561846785,0.604377887114564
O75935,DCTN3,Dynactin subunit 3,5,13.34322,13.43118,-0.08796,0.940852193113962,Down,0.372519052907823,0.604377887114564
Q2KHR3,QSER1,Glutamine and serine-rich protein 1,40,17.892535,17.98258,-0.090045,0.939493444431537,Down,0.372663336975082,0.604377887114564
Q8WV41,SNX33,Sorting nexin-33,4,11.32356,11.08413,0.239430000000002,1.18052615060528,Up,0.372757203118717,0.604377887114564
P50895,BCAM,Basal cell adhesion molecule,3,10.934801,10.1497715,0.7850295,1.72312755330346,Up,0.372782715129369,0.604377887114564
Q8NEB9,PIK3C3,Phosphatidylinositol 3-kinase catalytic subunit type 3,3,10.806825,11.238645,-0.43182,0.74132599177546,Down,0.372825381731703,0.604377887114564
Q8WUW1,BRK1,Protein BRICK1,3,11.798385,12.08141,-0.283025,0.821865945319884,Down,0.372934654546207,0.604377887114564
Q9P2B4,CTTNBP2NL,CTTNBP2 N-terminal-like protein,19,14.124275,14.01753,0.106745,1.07679603294748,Up,0.372994022036599,0.604377887114564
Q14344,GNA13,Guanine nucleotide-binding protein subunit alpha-13,9,13.34587,13.23217,0.113700000000001,1.08199962563388,Up,0.373015191638721,0.604377887114564
Q9Y673,ALG5,Dolichyl-phosphate beta-glucosyltransferase,6,12.05738,11.793215,0.264165,1.20094077036814,Up,0.373708308825032,0.605260562259888
Q86UA1,PRPF39,Pre-mRNA-processing factor 39,3,11.061,11.36307,-0.30207,0.811087800396745,Down,0.373790171881723,0.605260562259888
Q66K74,MAP1S,Microtubule-associated protein 1S,10,12.72656,12.587705,0.138855,1.10103093194623,Up,0.373834712535159,0.605260562259888
Q9UQ49,NEU3,Sialidase-3,5,10.298511,10.755148,-0.456637,0.72868287955242,Down,0.374026815951059,0.605423273725337
Q96JN0,LCOR,Ligand-dependent corepressor,4,11.1729985,10.4399525,0.733046,1.662144719,Up,0.374171550374075,0.605509249858536
Q02413,DSG1,Desmoglein-1,2,9.554595,10.498175,-0.94358,0.519941061742799,Down,0.374360774701769,0.605582328419929
Q969V5,MUL1,Mitochondrial ubiquitin ligase activator of NFKB 1,1,10.142975,10.87115,-0.728175,0.603667066030085,Down,0.374399968818858,0.605582328419929
O15347,HMGB3,High mobility group protein B3,8,18.35404,18.471015,-0.116975,0.922119096880485,Down,0.374529113059621,0.605642991977253
Q86YI8,PHF13,PHD finger protein 13,4,14.237465,14.635885,-0.39842,0.75868872349491,Down,0.374847552730422,0.605955608562413
Q9BPX6,MICU1,"Calcium uptake protein 1, mitochondrial",12,13.869275,13.82006,0.0492150000000002,1.03470176816153,Up,0.374990848340379,0.605955608562413
P78545,ELF3,ETS-related transcription factor Elf-3,9,12.61232,12.49501,0.11731,1.08471046164293,Up,0.374997494177677,0.605955608562413
Q9NWS8,RMND1,Required for meiotic nuclear division protein 1 homolog,5,10.82819,11.23914,-0.41095,0.752127942010768,Down,0.37526788708723,0.606244308423247
O00203,AP3B1,AP-3 complex subunit beta-1,20,12.59748,12.74559,-0.14811,0.902431917843883,Down,0.375384634856482,0.606284714507939
O96006,ZBED1,E3 SUMO-protein ligase ZBED1,21,15.055605,14.97673,0.078875,1.05619410914117,Up,0.375923471847692,0.607006651708135
Q96RU2,USP28,Ubiquitin carboxyl-terminal hydrolase 28,23,15.252725,15.397835,-0.14511,0.904310424708089,Down,0.376064620704996,0.607060076054786
P63151,PPP2R2A,Serine/threonine-protein phosphatase 2A 55 kDa regulatory subunit B alpha isoform,10,13.546755,13.7851,-0.238345,0.847717220875933,Down,0.37614026500898,0.607060076054786
O75694,NUP155,Nuclear pore complex protein Nup155,47,16.02101,16.08063,-0.05962,0.959516818867314,Down,0.376603612650316,0.607659491212388
Q15813,TBCE,Tubulin-specific chaperone E,6,11.29889,11.3934,-0.09451,0.936590298932865,Down,0.376993086990357,0.608012526223006
Q8N1G0,ZNF687,Zinc finger protein 687,23,15.63104,15.47248,0.158559999999998,1.11617249446678,Up,0.37700640527491,0.608012526223006
Q9NQB0,TCF7L2,Transcription factor 7-like 2,5,14.316515,14.149855,0.16666,1.12245686144533,Up,0.378014843548538,0.609490144184506
Q01094,E2F1,Transcription factor E2F1,3,11.86496,12.55036,-0.6854,0.621833393920578,Down,0.378156740625404,0.609570219217877
Q9HCC0,MCCC2,"Methylcrotonoyl-CoA carboxylase beta chain, mitochondrial",12,12.726645,12.94713,-0.220485,0.858276855524893,Down,0.378536123742294,0.609953041653567
Q8WXE1,ATRIP,ATR-interacting protein,14,14.72985,14.63644,0.0934100000000004,1.06688893728678,Up,0.378578813264175,0.609953041653567
O14640,DVL1,Segment polarity protein dishevelled homolog DVL-1,3,10.2898845,10.0358565,0.254027999999998,1.19253201691178,Up,0.378766265381103,0.61010632412959
Q9Y371,SH3GLB1,Endophilin-B1,3,11.33514,11.64004,-0.3049,0.809498324750971,Down,0.379092311154316,0.61048272037497
Q9Y6M9,NDUFB9,NADH dehydrogenase [ubiquinone] 1 beta subcomplex subunit 9,5,12.122,12.468195,-0.346195,0.786656110816712,Down,0.379191265504951,0.610493318811747
Q9UIJ7,AK3,"GTP:AMP phosphotransferase AK3, mitochondrial",7,14.3492,14.52342,-0.17422,0.886246543045616,Down,0.379395094117796,0.610672717249028
Q08170,SRSF4,Serine/arginine-rich splicing factor 4,6,14.35144,14.51214,-0.1607,0.89459090739211,Down,0.379572415487951,0.610809372768412
Q02543,RPL18A,Large ribosomal subunit protein eL20,8,16.72777,16.921795,-0.194025,0.874163472180472,Down,0.379694222933051,0.610856650283479
Q9BRK5,SDF4,45 kDa calcium-binding protein,1,10.39256,10.83732,-0.44476,0.734706528815706,Down,0.380170004942589,0.611362775895147
Q13371,PDCL,Phosducin-like protein,1,10.915638,10.243282,0.672356000000001,1.59367339953483,Up,0.380193827951135,0.611362775895147
P14854,COX6B1,Cytochrome c oxidase subunit 6B1,3,12.54069,12.861405,-0.320715,0.800672965533735,Down,0.380749670535012,0.611974310872432
P26367,PAX6,Paired box protein Pax-6,3,10.78304,10.52547,0.257569999999999,1.19546343186477,Up,0.380759323090852,0.611974310872432
Q96GN5,CDCA7L,Cell division cycle-associated 7-like protein,10,14.74914,14.69113,0.0580099999999995,1.04102881352097,Up,0.380862215943525,0.611990854648859
P19447,ERCC3,General transcription and DNA repair factor IIH helicase/translocase subunit XPB,30,15.31131,15.236065,0.0752449999999989,1.05353993403162,Up,0.380990057472453,0.612047469575946
P11940,PABPC1,Polyadenylate-binding protein 1,16,16.57349,16.464,0.109490000000001,1.07884679128506,Up,0.381121326662045,0.612109562067912
Q96PQ0,SORCS2,VPS10 domain-containing receptor SorCS2,2,9.531829,10.1791295,-0.6473005,0.638473877558019,Down,0.381268837892666,0.612197253202362
P49841,GSK3B,Glycogen synthase kinase-3 beta,17,14.57367,14.48158,0.0920899999999989,1.06591322912135,Up,0.381453120117617,0.612197253202362
Q9H467,CUEDC2,CUE domain-containing protein 2,1,9.398191,8.599875,0.798316,1.73906999480871,Up,0.381453818836031,0.612197253202362
O15460,P4HA2,Prolyl 4-hydroxylase subunit alpha-2,10,13.159375,13.333595,-0.17422,0.886246543045618,Down,0.381576881969922,0.612246082286772
Q9P219,CCDC88C,Protein Daple,3,10.8212435,10.0966805,0.724563,1.65240003973623,Up,0.381914787370733,0.612639521779896
Q9H147,DNTTIP1,Deoxynucleotidyltransferase terminal-interacting protein 1,8,14.096185,14.23078,-0.134595,0.910925516910768,Down,0.38223325839034,0.613001602693947
Q9H7Z7,PTGES2,Prostaglandin E synthase 2,12,13.138475,13.05897,0.079505000000001,1.056655432,Up,0.382745705651912,0.613513730247123
P15170,GSPT1,Eukaryotic peptide chain release factor GTP-binding subunit ERF3A,19,14.639585,14.81584,-0.176255,0.884997325237226,Down,0.382796060818447,0.613513730247123
O75955,FLOT1,Flotillin-1,18,14.660045,14.62797,0.032074999999999,1.02248168400053,Up,0.382831082393575,0.613513730247123
Q5T0N5,FNBP1L,Formin-binding protein 1-like,12,12.528185,12.632575,-0.10439,0.930198165659956,Down,0.383056900790821,0.61372680177613
Q96K37,SLC35E1,Solute carrier family 35 member E1,2,9.3923015,9.223319,0.168982499999998,1.12426528627292,Up,0.383244381361184,0.61376655906798
Q8NDZ4,DIPK2A,Divergent protein kinase domain 2A,3,11.83778,11.30583,0.531949999999998,1.44588218321945,Up,0.383290909326869,0.61376655906798
P35914,HMGCL,"Hydroxymethylglutaryl-CoA lyase, mitochondrial",4,10.58497,10.75409,-0.16912,0.889385013495453,Down,0.38336032014414,0.61376655906798
O14893,GEMIN2,Gem-associated protein 2,4,12.87543,12.635755,0.239675,1.1807266458303,Up,0.383509974735977,0.613809923108735
Q8NCS4,TMEM35B,Transmembrane protein 35B,1,11.58717,11.915625,-0.328455,0.796388889979954,Down,0.383573155157978,0.613809923108735
Q8NE86,MCU,"Calcium uniporter protein, mitochondrial",9,14.48061,14.23853,0.24208,1.18269658104989,Up,0.38379608148839,0.613853870062039
Q00535,CDK5,Cyclin-dependent kinase 5,5,12.843565,13.242385,-0.39882,0.758478399473513,Down,0.383798942005648,0.613853870062039
Q9NQC3,RTN4,Reticulon-4,5,13.63187,13.496645,0.135224999999998,1.09826408362818,Up,0.383879262364413,0.613853870062039
Q6B0I6,KDM4D,Lysine-specific demethylase 4D,7,12.626745,12.49162,0.135125,1.09818796040114,Up,0.38425492246869,0.61430594644305
Q13637,RAB32,Ras-related protein Rab-32,7,14.936335,15.09279,-0.156455,0.897227036813019,Down,0.385359057411703,0.615922130697448
Q08209,PPP3CA,Protein phosphatase 3 catalytic subunit alpha,3,12.32279,12.856635,-0.533845,0.690711428610966,Down,0.386014773228706,0.616738808330319
Q2KHR2,RFX7,DNA-binding protein RFX7,15,14.875495,14.634365,0.241130000000002,1.18191804374689,Up,0.386056657597599,0.616738808330319
Q9Y6A5,TACC3,Transforming acidic coiled-coil-containing protein 3,3,9.4561715,9.831254,-0.3750825,0.77106131857746,Down,0.386381800204295,0.616897133856376
Q8IZM8,ZNF654,Zinc finger protein 654,20,14.81906,14.67817,0.140889999999999,1.10258509195164,Up,0.386527831129884,0.616897133856376
Q8IXM3,MRPL41,Large ribosomal subunit protein mL41,5,13.404335,13.48289,-0.078555,0.947005690565829,Down,0.386555263715828,0.616897133856376
Q9GZT9,EGLN1,Egl nine homolog 1,14,13.05605,12.907255,0.148795,1.10864309957827,Up,0.386646746841244,0.616897133856376
P08603,CFH,Complement factor H,1,11.71799,10.97526,0.74273,1.67333929104942,Up,0.386677542701236,0.616897133856376
Q9BRT6,LLPH,Protein LLP homolog,1,15.27503,15.388605,-0.113575,0.924294818092312,Down,0.386715815640334,0.616897133856376
Q96SB8,SMC6,Structural maintenance of chromosomes protein 6,30,13.72086,13.680455,0.0404049999999998,1.02840248402188,Up,0.386902406297534,0.616993055989796
Q9UGL1,KDM5B,Lysine-specific demethylase 5B,34,13.5133,13.44827,0.0650300000000001,1.0461066927435,Up,0.38696265956691,0.616993055989796
Q9UGV2,NDRG3,Protein NDRG3,5,11.11035,11.607535,-0.497185,0.708487841454142,Down,0.38721963670026,0.617166520329391
Q9BRX5,GINS3,DNA replication complex GINS protein PSF3,3,10.456125,11.04946,-0.593335,0.662808955185891,Down,0.387288406413509,0.617166520329391
Q14919,DRAP1,Dr1-associated corepressor,4,13.94173,14.109655,-0.167925,0.890122005966627,Down,0.387351600291468,0.617166520329391
Q96DH6,MSI2,RNA-binding protein Musashi homolog 2,9,13.405495,13.50662,-0.101125,0.932305704803448,Down,0.387479506799067,0.617221513722592
P84098,RPL19,Large ribosomal subunit protein eL19,3,17.31063,17.18656,0.12407,1.08980498859839,Up,0.387931081164954,0.617791931426309
P00973,OAS1,2'-5'-oligoadenylate synthase 1,3,15.141795,15.546875,-0.40508,0.755194414749969,Down,0.388350956399175,0.618311604635545
P48059,LIMS1,LIM and senescent cell antigen-like-containing domain protein 1,10,14.697515,14.61279,0.0847249999999988,1.06048557713936,Up,0.388598264138786,0.618442397938213
Q9UBS0,RPS6KB2,Ribosomal protein S6 kinase beta-2,6,12.57004,12.759185,-0.189145,0.877125387639053,Down,0.388620257018822,0.618442397938213
Q9H6A9,PCNX3,Pecanex-like protein 3,7,11.1375,11.36543,-0.22793,0.853859142890199,Down,0.388805874853884,0.618588836521261
P52597,HNRNPF,Heterogeneous nuclear ribonucleoprotein F,14,19.161105,19.22949,-0.068385,0.953705009279183,Down,0.389006995939145,0.618759864298872
Q14469,HES1,Transcription factor HES-1,2,11.504285,10.71504,0.789244999999999,1.72816982951344,Up,0.389350312607217,0.619146477123838
Q9P032,NDUFAF4,NADH dehydrogenase [ubiquinone] 1 alpha subcomplex assembly factor 4,5,12.60138,12.66996,-0.06858,0.953576111692554,Down,0.38943741948915,0.619146477123838
P60228,EIF3E,Eukaryotic translation initiation factor 3 subunit E,13,14.65656,14.594915,0.0616450000000004,1.0436550864868,Up,0.389648030234161,0.619194175074734
A6NIH7,UNC119B,Protein unc-119 homolog B,3,11.077025,11.42111,-0.344085,0.787807469027264,Down,0.389654800141597,0.619194175074734
Q6PCD5,RFWD3,E3 ubiquitin-protein ligase RFWD3,3,11.174275,11.417785,-0.24351,0.844687730239222,Down,0.38983431141691,0.619254806020203
P51648,ALDH3A2,Aldehyde dehydrogenase family 3 member A2,15,13.590875,13.452135,0.13874,1.1009431701482,Up,0.38988035222425,0.619254806020203
A8MWD9,SNRPGP15,Putative small nuclear ribonucleoprotein G-like protein 15,2,18.22575,17.84171,0.384039999999999,1.30499112922425,Up,0.390002411738835,0.619299841225844
Q9Y296,TRAPPC4,Trafficking protein particle complex subunit 4,2,11.93524,12.057325,-0.122085,0.918858745014596,Down,0.390318596042996,0.619653038973856
Q9Y2M0,FAN1,Fanconi-associated nuclease 1,8,13.937125,13.84243,0.0946949999999998,1.0678396323238,Up,0.390662257312506,0.62004967785263
Q9UPQ3,AGAP1,"Arf-GAP with GTPase, ANK repeat and PH domain-containing protein 1",5,11.0228,10.72424,0.29856,1.22991618185371,Up,0.390890498229401,0.620262977862692
P62266,RPS23,Small ribosomal subunit protein uS12,3,14.2262,14.49336,-0.26716,0.830953700768884,Down,0.391186204601708,0.620583203603622
P28799,GRN,Progranulin,7,11.569555,11.28729,0.282264999999999,1.21610264126984,Up,0.3916621970924,0.62084112027164
O75832,PSMD10,26S proteasome non-ATPase regulatory subunit 10,1,10.477345,10.787735,-0.31039,0.806423731323072,Down,0.391704458860804,0.62084112027164
Q8IYB5,SMAP1,Stromal membrane-associated protein 1,4,13.42283,13.58951,-0.16668,0.890890484525924,Down,0.391739387936432,0.62084112027164
Q03519,TAP2,Antigen peptide transporter 2,6,14.47462,14.73678,-0.26216,0.833838563040993,Down,0.391783633117933,0.62084112027164
Q9UGM6,WARS2,"Tryptophan--tRNA ligase, mitochondrial",8,14.0676,13.94168,0.125919999999999,1.0912033662143,Up,0.391818476721594,0.62084112027164
Q96G23,CERS2,Ceramide synthase 2,4,12.618345,12.27586,0.342484999999998,1.26793870144066,Up,0.392213688345237,0.621318376383909
Q9Y6A9,SPCS1,Signal peptidase complex subunit 1,1,14.01721,13.8593,0.157909999999999,1.11566972105507,Up,0.39244638007655,0.621538012443306
P17050,NAGA,Alpha-N-acetylgalactosaminidase,2,10.1459235,10.9857895,-0.839866,0.558695459222683,Down,0.392781977768716,0.621920481809642
O95394,PGM3,Phosphoacetylglucosamine mutase,4,11.40179,11.91611,-0.51432,0.700122851002201,Down,0.392944379774305,0.621979027373236
O95159,ZFPL1,Zinc finger protein-like 1,4,13.00157,12.76035,0.241220000000002,1.18199177793112,Up,0.393137011884173,0.621979027373236
Q70Z53,FRA10AC1,Protein FRA10AC1,3,13.7,13.2527,0.447299999999998,1.36348610677065,Up,0.393322247110269,0.621979027373236
Q13505,MTX1,Metaxin-1,6,12.72123,12.90857,-0.18734,0.878223472885812,Down,0.393508607606721,0.621979027373236
A8MWX3,WASH4P,Putative WAS protein family homolog 4,2,10.481238,11.2549895,-0.7737515,0.584894569728288,Down,0.393580420144136,0.621979027373236
Q9UQ90,SPG7,Mitochondrial inner membrane m-AAA protease component paraplegin,4,10.59016,10.297855,0.292305000000001,1.22459525658459,Up,0.393591415013047,0.621979027373236
Q96M96,FGD4,"FYVE, RhoGEF and PH domain-containing protein 4",4,10.61361,10.819695,-0.206085,0.866886487216477,Down,0.393621810193604,0.621979027373236
P51858,HDGF,Hepatoma-derived growth factor,12,17.57036,17.730705,-0.160345,0.894811064001316,Down,0.39374512393664,0.621979027373236
Q15911,ZFHX3,Zinc finger homeobox protein 3,55,14.47795,14.401405,0.0765449999999994,1.05448969758456,Up,0.393786096667364,0.621979027373236
P78330,PSPH,Phosphoserine phosphatase,3,12.5911,12.757035,-0.165935,0.891350654409847,Down,0.393934766345728,0.621979027373236
P51649,ALDH5A1,"Succinate-semialdehyde dehydrogenase, mitochondrial",8,11.472255,11.618935,-0.14668,0.903326852239794,Down,0.393968108049837,0.621979027373236
Q14004,CDK13,Cyclin-dependent kinase 13,30,15.61381,15.54208,0.0717300000000023,1.05097620075992,Up,0.394129453037486,0.621979027373236
Q96HQ2,CDKN2AIPNL,CDKN2AIP N-terminal-like protein,2,12.125565,11.62808,0.497484999999999,1.41175036077284,Up,0.394130137035143,0.621979027373236
Q9UI26,IPO11,Importin-11,5,11.693385,12.08851,-0.395125,0.760423488091542,Down,0.394196177432437,0.621979027373236
Q9NXR1,NDE1,Nuclear distribution protein nudE homolog 1,10,17.130425,16.908515,0.221910000000001,1.16627661139799,Up,0.394230616684292,0.621979027373236
P32189,GK,Glycerol kinase,2,10.1284865,10.59935,-0.4708635,0.721532607713321,Down,0.394546811338808,0.622246387815143
Q16851,UGP2,UTP--glucose-1-phosphate uridylyltransferase,12,13.742795,13.98135,-0.238555,0.847593835367876,Down,0.394588381197347,0.622246387815143
P12931,SRC,Proto-oncogene tyrosine-protein kinase Src,6,11.198925,11.662635,-0.46371,0.72511915993816,Down,0.395453228285382,0.623461446979506
Q96E52,OMA1,"Metalloendopeptidase OMA1, mitochondrial",3,11.4652,11.309395,0.155805000000001,1.11404306246001,Up,0.395688218496548,0.62368314716043
Q8TAA9,VANGL1,Vang-like protein 1,6,11.951765,12.130845,-0.17908,0.883266071452494,Down,0.39598687096953,0.623834538275636
P35227,PCGF2,Polycomb group RING finger protein 2,4,12.169265,12.12896,0.040305,1.02833120306409,Up,0.396013482583222,0.623834538275636
Q8N344,MIER2,Mesoderm induction early response protein 2,4,11.251725,11.345485,-0.09376,0.937077321707604,Down,0.396067441761926,0.623834538275636
Q5JWF2,GNAS,Guanine nucleotide-binding protein G(s) subunit alpha isoforms short,14,16.27381,16.368765,-0.094955,0.936301451741038,Down,0.396833953617869,0.624892923388253
Q7Z4V5,HDGFL2,Hepatoma-derived growth factor-related protein 2,15,16.099,15.97938,0.119620000000001,1.08644865868191,Up,0.397059524372246,0.625099189274933
Q8IZH2,XRN1,5'-3' exoribonuclease 1,25,14.26635,14.2736,-0.00725,0.994987288721857,Down,0.397651033064842,0.625881323535495
Q92551,IP6K1,Inositol hexakisphosphate kinase 1,1,10.313989,9.728681,0.585307999999999,1.50035926579363,Up,0.398006962094643,0.626255294795348
Q9Y546,LRRC42,Leucine-rich repeat-containing protein 42,6,12.684645,12.88088,-0.196235,0.872825405383605,Down,0.3980781500129,0.626255294795348
Q8IWW6,ARHGAP12,Rho GTPase-activating protein 12,7,12.495265,12.37039,0.124874999999999,1.09041325146337,Up,0.398302635012755,0.626317113387188
Q9NVP2,ASF1B,Histone chaperone ASF1B,1,10.846875,11.17749,-0.330615,0.795197430346323,Down,0.39836721741633,0.626317113387188
Q96K19,RNF170,E3 ubiquitin-protein ligase RNF170,1,9.653343,9.2630155,0.3903275,1.3106909043983,Up,0.398404915713007,0.626317113387188
Q9UBW7,ZMYM2,Zinc finger MYM-type protein 2,36,14.536445,14.63056,-0.094115,0.936846766036122,Down,0.398635618678031,0.626317113387188
Q99719,SEPTIN5,Septin-5,4,9.9831315,10.837634,-0.8545025,0.553056010014533,Down,0.398670745724279,0.626317113387188
Q96BD8,SKA1,SKA complex subunit 1,4,11.314845,11.54263,-0.227785,0.85394496546132,Down,0.398686048724452,0.626317113387188
P31276,HOXC13,Homeobox protein Hox-C13,3,10.90111,11.098735,-0.197625,0.871984865276421,Down,0.399044305069101,0.62673094396428
Q96AP0,ACD,Adrenocortical dysplasia protein homolog,4,11.884815,11.73309,0.151724999999999,1.11089695432176,Up,0.399251608446702,0.626907550540331
Q9BR11,ZSWIM1,Zinc finger SWIM domain-containing protein 1,2,11.61207,11.09689,0.515179999999999,1.42917244145052,Up,0.399446741024324,0.627064967085454
Q9BTX1,NDC1,Nucleoporin NDC1,16,14.418145,14.32475,0.0933949999999992,1.06687784467857,Up,0.399659550793928,0.627077855035928
P14373,TRIM27,Zinc finger protein RFP,11,12.488545,13.03083,-0.542285,0.686682451293667,Down,0.399778036313975,0.627077855035928
Q8WV16,DCAF4,DDB1- and CUL4-associated factor 4,5,10.867595,10.65747,0.210125,1.15678840764127,Up,0.399858300757635,0.627077855035928
Q14686,NCOA6,Nuclear receptor coactivator 6,15,13.25834,13.151845,0.106495000000001,1.07660945458016,Up,0.399887102903642,0.627077855035928
Q9Y2L9,LRCH1,Leucine-rich repeat and calponin homology domain-containing protein 1,7,11.5761,11.33322,0.24288,1.18335258915764,Up,0.40001901904972,0.627077855035928
O60518,RANBP6,Ran-binding protein 6,11,11.971635,12.217635,-0.246,0.843231110250111,Down,0.4000242452461,0.627077855035928
Q16891,IMMT,MICOS complex subunit MIC60,27,14.06118,14.107305,-0.046125,0.968534268491406,Down,0.400150981121039,0.627127776672741
Q96K58,ZNF668,Zinc finger protein 668,5,12.476655,12.95669,-0.480035,0.716960230233252,Down,0.400274550350722,0.627172712960627
Q8IVS2,MCAT,"Malonyl-CoA-acyl carrier protein transacylase, mitochondrial",9,11.81061,11.64607,0.164540000000001,1.12080865378476,Up,0.400506526955633,0.627369266197237
Q01628,IFITM3,Interferon-induced transmembrane protein 3,2,14.45052,14.274945,0.175575,1.12941445412005,Up,0.400589847685329,0.627369266197237
P83916,CBX1,Chromobox protein homolog 1,4,14.255075,14.17704,0.0780349999999999,1.05557932584151,Up,0.400734557751897,0.627447214447356
Q6ZRP7,QSOX2,Sulfhydryl oxidase 2,8,12.529735,12.267975,0.261759999999999,1.19894044707466,Up,0.400960884938093,0.627522403487817
Q9NQS7,INCENP,Inner centromere protein,12,12.843605,12.872065,-0.02846,0.980466334705513,Down,0.400972478427758,0.627522403487817
P35556,FBN2,Fibrillin-2,7,12.543955,12.917605,-0.37365,0.771827311291811,Down,0.401388462521851,0.628024703789516
O95714,HERC2,E3 ubiquitin-protein ligase HERC2,15,13.14751,13.31624,-0.16873,0.889625471133802,Down,0.40150917,0.628064876473953
Q9BSJ2,TUBGCP2,Gamma-tubulin complex component 2,20,13.762565,13.99824,-0.235675,0.849287546310868,Down,0.401922652573995,0.62856289892606
O95563,MPC2,Mitochondrial pyruvate carrier 2,6,13.22321,13.27543,-0.05222,0.964451101926272,Down,0.402221124020956,0.628870090149907
O43524,FOXO3,Forkhead box protein O3,4,11.76685,12.140115,-0.373265,0.772033309898163,Down,0.402309387373855,0.628870090149907
P41440,SLC19A1,Reduced folate transporter,2,10.0504065,9.424714,0.625692500000001,1.54295127111901,Up,0.40268027720321,0.629046018785539
Q08AG7,MZT1,Mitotic-spindle organizing protein 1,2,12.19188,11.62818,0.563699999999999,1.47805504640907,Up,0.402756134220459,0.629046018785539
Q02252,ALDH6A1,"Methylmalonate-semialdehyde/malonate-semialdehyde dehydrogenase [acylating], mitochondrial",17,12.9281,13.177915,-0.249815,0.841004252188838,Down,0.402791904280263,0.629046018785539
Q9NS86,LANCL2,LanC-like protein 2,8,12.729185,12.996255,-0.26707,0.831005539975152,Down,0.402918217645866,0.629046018785539
Q9BWU0,SLC4A1AP,Kanadaptin,16,18.24044,18.17007,0.0703700000000005,1.04998593316713,Up,0.402925168496402,0.629046018785539
Q9Y3T6,R3HCC1,R3H and coiled-coil domain-containing protein 1,1,7.26604,5.684851,1.581189,2.99216347887912,Up,0.402993016120135,0.629046018785539
P17813,ENG,Endoglin,4,10.94446,10.842485,0.101974999999999,1.07324168837106,Up,0.403220338059444,0.629152282866982
P25208,NFYB,Nuclear transcription factor Y subunit beta,2,16.316175,16.034875,0.281300000000002,1.21528947797438,Up,0.403251485886599,0.629152282866982
Q8WUF5,PPP1R13L,RelA-associated inhibitor,16,14.358705,14.474515,-0.11581,0.922864023964197,Down,0.403423842582203,0.629272639987203
Q8NBJ4,GOLM1,Golgi membrane protein 1,6,11.558755,11.25943,0.299325000000001,1.2305685271883,Up,0.403661115030308,0.629494173958308
Q9BWG6,SCNM1,Sodium channel modifier 1,5,11.623845,11.24512,0.378724999999999,1.30019228615645,Up,0.404192243385811,0.630046660446626
Q14156,EFR3A,Protein EFR3 homolog A,11,11.09855,11.33228,-0.23373,0.850433303542484,Down,0.404206058449644,0.630046660446626
Q5VUA4,ZNF318,Zinc finger protein 318,44,16.6066,16.72777,-0.12117,0.919441697336708,Down,0.404464597232285,0.630128076124628
Q8TA94,ZNF563,Zinc finger protein 44,1,9.4738535,10.193037,-0.7191835,0.607441129078282,Down,0.404484646701492,0.630128076124628
Q9UEE9,CFDP1,Craniofacial development protein 1,3,12.830825,12.999325,-0.1685,0.889767309958774,Down,0.404544322438614,0.630128076124628
Q9UBR2,CTSZ,Cathepsin Z,6,11.553745,11.88772,-0.333975,0.793347590738171,Down,0.404962425879631,0.63063069572066
P61981,YWHAG,14-3-3 protein gamma,8,15.65347,15.962245,-0.308775,0.807326973880536,Down,0.405308715997352,0.631021273033334
P10398,ARAF,Serine/threonine-protein kinase A-Raf,5,11.971525,12.248705,-0.27718,0.825202444474959,Down,0.405488506697962,0.631152506068495
O15371,EIF3D,Eukaryotic translation initiation factor 3 subunit D,14,14.39516,14.42145,-0.02629,0.981942192589779,Down,0.405855594817661,0.631342446646364
Q9NUX5,POT1,Protection of telomeres protein 1,11,16.000925,15.757505,0.243420000000002,1.18379560031771,Up,0.405871042052431,0.631342446646364
Q9Y6I4,USP3,Ubiquitin carboxyl-terminal hydrolase 3,16,14.63141,14.52747,0.10394,1.07470447622341,Up,0.405897118444606,0.631342446646364
Q9Y2T7,YBX2,Y-box-binding protein 2,2,8.854107,9.6052395,-0.7511325,0.594136983292964,Down,0.406522305852408,0.632097604990428
O14647,CHD2,Chromodomain-helicase-DNA-binding protein 2,33,13.2653,13.388885,-0.123585,0.917903884971865,Down,0.406700294965455,0.632097604990428
Q9H9D4,ZNF408,Zinc finger protein 408,3,9.810435,9.4646235,0.3458115,1.27086562938645,Up,0.406839078253261,0.632097604990428
Q8NHZ8,CDC26,Anaphase-promoting complex subunit CDC26,2,11.677085,11.330455,0.346629999999999,1.27158684809103,Up,0.406933439324459,0.632097604990428
Q86X52,CHSY1,Chondroitin sulfate synthase 1,4,9.9979175,10.3986775,-0.40076,0.757459154820684,Down,0.406953972706436,0.632097604990428
Q9H2C0,GAN,Gigaxonin,1,9.7037165,9.0867985,0.616917999999998,1.53359549058984,Up,0.406983710512486,0.632097604990428
O76031,CLPX,"ATP-dependent clpX-like chaperone, mitochondrial",18,13.868465,13.981865,-0.1134,0.92440694255332,Down,0.407052111792898,0.632097604990428
P09429,HMGB1,High mobility group protein B1,11,17.73217,17.92032,-0.18815,0.877730533398459,Down,0.40723078984033,0.63213993105609
Q6ICB4,PHETA2,Sesquipedalian-2,2,13.499025,13.32606,0.172965,1.12737306157259,Up,0.407270665219675,0.63213993105609
O43435,TBX1,T-box transcription factor TBX1,6,12.945345,12.757745,0.1876,1.13886757230557,Up,0.407406017799151,0.632201542999435
Q9Y421,FAM32A,Protein FAM32A,2,12.208565,11.561235,0.64733,1.56626681717297,Up,0.407613369067844,0.632374825391873
Q01844,EWSR1,RNA-binding protein EWS,6,18.55421,18.46143,0.0927799999999976,1.06642314702839,Up,0.407948585972091,0.632574974393434
Q96CU9,FOXRED1,FAD-dependent oxidoreductase domain-containing protein 1,7,12.91709,13.02601,-0.10892,0.927281964440179,Down,0.407967520016218,0.632574974393434
Q8N6T3,ARFGAP1,ADP-ribosylation factor GTPase-activating protein 1,2,10.586825,10.87366,-0.286835,0.81969835059086,Down,0.408029522747649,0.632574974393434
Q9UGP5,POLL,DNA polymerase lambda,2,10.558745,10.35158,0.207165000000002,1.15441743986399,Up,0.408235110267208,0.632745272925886
Q9P2R6,RERE,Arginine-glutamic acid dipeptide repeats protein,4,14.413235,14.253865,0.159369999999999,1.1167993445948,Up,0.408429041055421,0.632897428449068
P54821,PRRX1,Paired mesoderm homeobox protein 1,1,11.225505,10.802165,0.42334,1.34102859460705,Up,0.408767621582885,0.633273607839026
Q9HB21,PLEKHA1,Pleckstrin homology domain-containing family A member 1,3,11.99761,11.751755,0.245855000000001,1.18579531347323,Up,0.408884338454878,0.633305974419566
Q9HC98,NEK6,Serine/threonine-protein kinase Nek6,8,14.017235,13.89458,0.122654999999998,1.08873662832354,Up,0.409238479508517,0.633705977289548
Q86UL3,GPAT4,Glycerol-3-phosphate acyltransferase 4,4,13.01477,12.721775,0.292994999999999,1.22518108574324,Up,0.409531819747289,0.633964395286204
Q6DKJ4,NXN,Nucleoredoxin,4,9.7622535,9.9221745,-0.159921,0.895074082614117,Down,0.409659259600727,0.633964395286204
A6NDG6,PGP,Glycerol-3-phosphate phosphatase,4,12.06919,12.37149,-0.3023,0.81095850396242,Down,0.409693135461852,0.633964395286204
Q99653,CHP1,Calcineurin B homologous protein 1,4,13.6799,13.55883,0.12107,1.08754115740084,Up,0.409896852010987,0.633991809867317
B5ME19,EIF3CL,Eukaryotic translation initiation factor 3 subunit C-like protein,23,14.619705,14.556015,0.0636900000000011,1.04513550193048,Up,0.409902708967021,0.633991809867317
Q9H583,HEATR1,HEAT repeat-containing protein 1,75,16.57195,16.597635,-0.025685,0.982354060372624,Down,0.410425910716365,0.634422281099507
Q92878,RAD50,DNA repair protein RAD50,59,16.087545,16.044965,0.042580000000001,1.02995406787209,Up,0.410467241175049,0.634422281099507
Q99986,VRK1,Serine/threonine-protein kinase VRK1,17,16.087535,16.03088,0.0566549999999992,1.04005152325203,Up,0.410608456982924,0.634422281099507
Q08752,PPID,Peptidyl-prolyl cis-trans isomerase D,13,14.095275,13.969655,0.125620000000001,1.09097648044389,Up,0.410627420862345,0.634422281099507
O43716,GATC,"Glutamyl-tRNA(Gln) amidotransferase subunit C, mitochondrial",2,10.082509,9.8772555,0.2052535,1.15288890635186,Up,0.410674500692859,0.634422281099507
Q13127,REST,RE1-silencing transcription factor,16,13.673635,13.569675,0.103960000000001,1.07471937489423,Up,0.410805325184721,0.634422281099507
Q8IWV8,UBR2,E3 ubiquitin-protein ligase UBR2,9,11.544,11.390505,0.153494999999999,1.11226071744353,Up,0.410852982766816,0.634422281099507
Q9BYJ9,YTHDF1,YTH domain-containing family protein 1,6,12.347865,12.186885,0.160979999999999,1.1180463514449,Up,0.411005150451508,0.634509002413926
O00214,LGALS8,Galectin-8,3,12.72068,13.207685,-0.487005,0.713504780035521,Down,0.41149900959833,0.635033819546208
P50221,MEOX1,Homeobox protein MOX-1,3,10.6317165,11.6740235,-1.042307,0.485550413501295,Down,0.411701041104937,0.635033819546208
Q8TEA8,DTD1,D-aminoacyl-tRNA deacylase 1,2,12.16628,11.77263,0.393650000000001,1.3137128797541,Up,0.411721690731973,0.635033819546208
Q969S2,NEIL2,Endonuclease 8-like 2,2,10.81819,10.667045,0.151145000000001,1.11045043533052,Up,0.411729447231881,0.635033819546208
Q9NX70,MED29,Mediator of RNA polymerase II transcription subunit 29,5,13.21063,13.049165,0.161465,1.11842227540772,Up,0.41320446721395,0.637051804517559
Q8NDI1,EHBP1,EH domain-binding protein 1,4,11.44805,12.08742,-0.63937,0.6419932349334,Down,0.413230607651199,0.637051804517559
Q01968,OCRL,Inositol polyphosphate 5-phosphatase OCRL,16,12.089965,12.14347,-0.053505,0.963592453447333,Down,0.413685328551487,0.637220461261809
Q13492,PICALM,Phosphatidylinositol-binding clathrin assembly protein,17,15.48291,15.61551,-0.1326,0.912186042135307,Down,0.413752638340132,0.637220461261809
Q8IYD1,GSPT2,Eukaryotic peptide chain release factor GTP-binding subunit ERF3B,2,12.317295,12.700355,-0.38306,0.76680943846537,Down,0.41381068946516,0.637220461261809
Q14847,LASP1,LIM and SH3 domain protein 1,10,16.02882,16.211305,-0.182485,0.881183874900839,Down,0.413844439857351,0.637220461261809
Q15311,RALBP1,RalA-binding protein 1,2,10.0133715,10.1646255,-0.151254,0.900467430150318,Down,0.413903841932435,0.637220461261809
Q9H4G4,GLIPR2,Golgi-associated plant pathogenesis-related protein 1,1,10.473225,10.16433,0.308895,1.23875853709431,Up,0.413944251131235,0.637220461261809
Q8NHV4,NEDD1,Protein NEDD1,7,13.02525,13.33235,-0.3071,0.808264842214203,Down,0.414014928227902,0.637220461261809
Q8IWV7,UBR1,E3 ubiquitin-protein ligase UBR1,8,11.531495,11.7276,-0.196105,0.872904058468185,Down,0.41422510893292,0.63739551686558
Q13506,NAB1,NGFI-A-binding protein 1,11,13.6008,13.538305,0.0624950000000002,1.04427016325655,Up,0.41442950227602,0.637480794183548
Q9BU23,LMF2,Lipase maturation factor 2,2,10.659005,11.333455,-0.67445,0.626571042059033,Down,0.414473441157014,0.637480794183548
Q13459,MYO9B,Unconventional myosin-IXb,21,13.732385,13.93341,-0.201025,0.869932277800396,Down,0.415035048865911,0.638196053502747
Q9H5U6,ZCCHC4,rRNA N(6)-adenosine-methyltransferase ZCCHC4,7,13.320445,12.989425,0.331019999999999,1.25790240994532,Up,0.415309677591281,0.638469797441446
Q5VT06,CEP350,Centrosome-associated protein 350,5,10.522575,10.914495,-0.39192,0.762114674609231,Down,0.41548177154031,0.638585820490676
Q9C037,TRIM4,E3 ubiquitin-protein ligase TRIM4,2,11.0087615,10.3631115,0.645650000000002,1.56444398095415,Up,0.415761208010717,0.638776340433195
Q9NWV8,BABAM1,BRISC and BRCA1-A complex member 1,7,13.00575,12.908245,0.0975049999999982,1.06992153695933,Up,0.415835208291857,0.638776340433195
Q5JTZ9,AARS2,"Alanine--tRNA ligase, mitochondrial",15,12.932535,13.066185,-0.13365,0.911522390526513,Down,0.415960929414086,0.638776340433195
Q9NWZ8,GEMIN8,Gem-associated protein 8,4,12.69121,12.542,0.149210000000002,1.10896205337864,Up,0.416072149813029,0.638776340433195
O43361,ZNF749,Zinc finger protein 749,2,9.757379,10.1338365,-0.3764575,0.770326787569365,Down,0.416088991612181,0.638776340433195
Q3SXM5,HSDL1,Inactive hydroxysteroid dehydrogenase-like protein 1,7,14.132635,14.19162,-0.058985,0.959939241674706,Down,0.416325655855203,0.638809912911323
Q96IK1,BOD1,Biorientation of chromosomes in cell division protein 1,3,11.020725,10.67035,0.350375,1.27489196716949,Up,0.416340471015419,0.638809912911323
Q9Y6A1,POMT1,Protein O-mannosyl-transferase 1,4,10.87334,10.401435,0.471905,1.38693963756093,Up,0.416429477871785,0.638809912911323
P16070,CD44,CD44 antigen,6,15.496635,15.44179,0.0548450000000003,1.0387474965431,Up,0.416497490503085,0.638809912911323
Q9BY43,CHMP4A,Charged multivesicular body protein 4a,3,9.9395,10.4769645,-0.5374645,0.688980711813112,Down,0.416945428695426,0.639348570359181
Q9H792,PEAK1,Inactive tyrosine-protein kinase PEAK1,13,13.668295,13.566885,0.101410000000001,1.0728214589988,Up,0.417783174388705,0.640484574236825
P35869,AHR,Aryl hydrocarbon receptor,7,11.22759,11.42328,-0.19569,0.873155190745932,Down,0.418020770752406,0.64070020266759
Q96SY0,INTS14,Integrator complex subunit 14,8,12.78145,12.60128,0.18017,1.13301738655728,Up,0.418305434735804,0.640987854896575
Q9P1U0,POLR1H,DNA-directed RNA polymerase I subunit RPA12,1,13.43332,13.114375,0.318945000000001,1.24741801557213,Up,0.418728584939775,0.641487533117055
P36575,ARR3,Arrestin-C,2,10.387325,11.0061705,-0.6188455,0.651191827990485,Down,0.419036652931207,0.641810715926384
Q01658,DR1,Protein Dr1,3,14.582625,14.634345,-0.05172,0.964785413135688,Down,0.419804992023212,0.642210837936107
Q8TF47,ZFP90,Zinc finger protein 90 homolog,5,10.64747,10.86868,-0.22121,0.857845652548205,Down,0.419896693607471,0.642210837936107
Q9HCS5,EPB41L4A,Band 4.1-like protein 4A,2,10.691075,11.3172,-0.626125,0.647914342784632,Down,0.419914946768182,0.642210837936107
P53365,ARFIP2,Arfaptin-2,3,12.36833,12.90728,-0.53895,0.688271654059824,Down,0.419924999418384,0.642210837936107
Q9NY91,SLC5A4,Probable glucose sensor protein SLC5A4,1,10.21629,10.46062,-0.24433,0.844207762461044,Down,0.419991949326374,0.642210837936107
Q9BU76,MMTAG2,Multiple myeloma tumor-associated protein 2,8,13.39507,13.200195,0.194875,1.14462498210477,Up,0.420069085600438,0.642210837936107
Q14667,BLTP2,Bridge-like lipid transfer protein family member 2,2,11.64214,12.328315,-0.686175,0.62149944152697,Down,0.420257082538511,0.642210837936107
Q8N4Q1,CHCHD4,Mitochondrial intermembrane space import and assembly protein 40,2,13.558105,13.302735,0.255370000000001,1.19364183048345,Up,0.420359962140274,0.642210837936107
Q9Y2H1,STK38L,Serine/threonine-protein kinase 38-like,3,10.79155,11.00618,-0.21463,0.861767144015981,Down,0.420439744312398,0.642210837936107
Q9BUP3,HTATIP2,Oxidoreductase HTATIP2,8,15.74968,15.924095,-0.174415,0.886126762778716,Down,0.420444623500144,0.642210837936107
Q96M89,CCDC138,Coiled-coil domain-containing protein 138,3,9.8701795,9.416218,0.453961499999998,1.36979642486241,Up,0.42054446751107,0.642210837936107
Q14680,MELK,Maternal embryonic leucine zipper kinase,7,13.27186,12.56835,0.703510000000001,1.62846193794029,Up,0.420592135532757,0.642210837936107
P49790,NUP153,Nuclear pore complex protein Nup153,32,15.660755,15.73399,-0.073235,0.950504261372274,Down,0.420775516838655,0.642210837936107
Q8NDA8,MROH1,Maestro heat-like repeat-containing protein family member 1,3,9.3944945,8.7595695,0.634924999999999,1.55285702101876,Up,0.4208156039974,0.642210837936107
Q969V6,MRTFA,Myocardin-related transcription factor A,3,10.73279,11.047395,-0.314605,0.804071109759206,Down,0.420842626106103,0.642210837936107
P68400,CSNK2A1,Casein kinase II subunit alpha,11,15.008845,14.89265,0.116195000000001,1.08387245715634,Up,0.4208526462553,0.642210837936107
Q13395,TARBP1,Probable methyltransferase TARBP1,18,12.515415,12.344465,0.170950000000001,1.12579956822081,Up,0.421112134002306,0.64244414868006
Q9UIG8,SLCO3A1,Solute carrier organic anion transporter family member 3A1,1,10.3271055,9.793521,0.5335845,1.44752122238801,Up,0.421199954037025,0.64244414868006
P53675,CLTCL1,Clathrin heavy chain 2,16,13.16401,13.2823,-0.11829,0.921278978826075,Down,0.421641377053801,0.642857098614953
Q3SXY8,ARL13B,ADP-ribosylation factor-like protein 13B,1,10.988085,11.41952,-0.431435,0.741523849662743,Down,0.42166523263668,0.642857098614953
Q9H0D6,XRN2,5'-3' exoribonuclease 2,40,15.89995,15.880345,0.0196050000000003,1.01368190264505,Up,0.421866252279852,0.643015235543713
Q96IZ5,RBM41,RNA-binding protein 41,3,11.568005,11.437535,0.130469999999999,1.09465025743593,Up,0.422178377931755,0.643342610041726
Q2TAK8,PWWP3A,PWWP domain-containing DNA repair factor 3A,6,14.98191,14.560245,0.421664999999999,1.33947253502393,Up,0.422316596570782,0.643404883987159
Q13568,IRF5,Interferon regulatory factor 5,2,9.29989,9.9917175,-0.6918275,0.619069161786246,Down,0.422688996021523,0.643657843886609
O00311,CDC7,Cell division cycle 7-related protein kinase,6,11.780175,11.535035,0.245139999999999,1.1852077786415,Up,0.422756106023263,0.643657843886609
Q9Y5Q8,GTF3C5,General transcription factor 3C polypeptide 5,27,15.876465,15.80614,0.0703250000000004,1.04995318291238,Up,0.422868798610232,0.643657843886609
Q8NBZ7,UXS1,UDP-glucuronic acid decarboxylase 1,2,10.918625,10.60848,0.310144999999999,1.23983230468572,Up,0.422872198238108,0.643657843886609
Q9Y697,NFS1,Cysteine desulfurase,13,12.9713,12.847925,0.123374999999999,1.08928011533169,Up,0.423029883741215,0.643749597431659
P28347,TEAD1,Transcriptional enhancer factor TEF-1,8,15.80255,15.71668,0.0858699999999999,1.06132756933325,Up,0.423219971247836,0.643890605427474
Q9UNL4,ING4,Inhibitor of growth protein 4,2,12.98154,12.824935,0.156605000000001,1.1146609904164,Up,0.423520300871817,0.644086619384269
A1A4S6,ARHGAP10,Rho GTPase-activating protein 10,5,11.519755,11.23565,0.284105,1.21765463689535,Up,0.423543720357699,0.644086619384269
P49760,CLK2,Dual specificity protein kinase CLK2,4,11.242885,11.649145,-0.40626,0.754576983449499,Down,0.42370147900203,0.644178301063817
Q7L5N1,COPS6,COP9 signalosome complex subunit 6,10,13.571245,13.424635,0.146610000000003,1.10696530098168,Up,0.424096038738144,0.644629880409474
O00567,NOP56,Nucleolar protein 56,26,16.38496,16.38092,0.00403999999999982,1.00280423915288,Up,0.424346743433041,0.644786777127762
O75446,SAP30,Histone deacetylase complex subunit SAP30,5,14.322,14.23963,0.0823699999999992,1.05875589331386,Up,0.424432452436376,0.644786777127762
Q9HBI1,PARVB,Beta-parvin,7,14.35034,14.14531,0.205029999999999,1.15271031648682,Up,0.424491945420319,0.644786777127762
Q9NSC5,HOMER3,Homer protein homolog 3,3,10.175877,9.913512,0.262364999999999,1.19944333303621,Up,0.425081435623202,0.645477734981166
Q93075,TATDN2,Putative deoxyribonuclease TATDN2,7,11.71249,11.424865,0.287624999999998,1.22062919304907,Up,0.425142368186276,0.645477734981166
Q9NVJ2,ARL8B,ADP-ribosylation factor-like protein 8B,3,12.62911,12.789905,-0.160795,0.894532001430885,Down,0.425341883706591,0.645477734981166
Q6ZN30,BNC2,Zinc finger protein basonuclin-2,4,11.39385,11.085185,0.308665000000001,1.23856106517849,Up,0.425399447947166,0.645477734981166
Q13557,CAMK2D,Calcium/calmodulin-dependent protein kinase type II subunit delta,4,10.6548,10.882575,-0.227775,0.853950884577286,Down,0.425435166224536,0.645477734981166
Q05209,PTPN12,Tyrosine-protein phosphatase non-receptor type 12,1,11.796215,11.180435,0.615780000000001,1.53238626516165,Up,0.425588169024219,0.645561672958702
P62847,RPS24,Small ribosomal subunit protein eS24,2,15.826335,15.904015,-0.07768,0.947580227311414,Down,0.42580496646693,0.645742318352441
O15554,KCNN4,Intermediate conductance calcium-activated potassium channel protein 4,4,11.1183,10.46243,0.65587,1.57556579283365,Up,0.425945634585823,0.64580745560397
Q96DY7,MTBP,Mdm2-binding protein,9,11.995455,11.79352,0.201934999999999,1.15024006861521,Up,0.426372461178169,0.646306329340944
Q16254,E2F4,Transcription factor E2F4,8,12.003705,11.609465,0.39424,1.3142502414889,Up,0.4268511399742,0.646756519516384
P13645,KRT10,"Keratin, type I cytoskeletal 10",19,14.83243,16.346995,-1.514565,0.350001982746483,Down,0.426865174478812,0.646756519516384
Q02338,BDH1,"D-beta-hydroxybutyrate dehydrogenase, mitochondrial",5,10.1080575,10.4670035,-0.358946,0.779734027469033,Down,0.427155545265233,0.6469026219891
Q96S19,METTL26,Methyltransferase-like 26,2,10.1746755,9.9099155,0.264759999999999,1.20143616759947,Up,0.427157367583664,0.6469026219891
Q9BQL6,FERMT1,Fermitin family homolog 1,8,11.269195,11.462855,-0.19366,0.874384662400037,Down,0.427970633885751,0.647985777629079
Q9GZT8,NIF3L1,NIF3-like protein 1,2,11.43977,11.853455,-0.413685,0.750703440475922,Down,0.4281212155067,0.64806530308836
Q96JM3,CHAMP1,Chromosome alignment-maintaining phosphoprotein 1,42,15.523475,15.55899,-0.035515,0.97568340811928,Down,0.428908192365232,0.648801633444202
Q6PI98,INO80C,INO80 complex subunit C,6,14.12879,14.00096,0.127830000000001,1.09264897919981,Up,0.428964064733501,0.648801633444202
P18074,ERCC2,General transcription and DNA repair factor IIH helicase subunit XPD,23,18.52316,18.47947,0.0436900000000016,1.03074681263092,Up,0.428965286082628,0.648801633444202
Q9BX40,LSM14B,Protein LSM14 homolog B,2,13.57096,13.35287,0.21809,1.16319260301511,Up,0.429106954901216,0.648801633444202
Q96JK2,DCAF5,DDB1- and CUL4-associated factor 5,3,10.53408,11.012065,-0.477985,0.717979720257192,Down,0.42920032320475,0.648801633444202
P49902,NT5C2,Cytosolic purine 5'-nucleotidase,3,11.02529,11.43511,-0.40982,0.752717281742211,Down,0.429262936347033,0.648801633444202
P19525,EIF2AK2,"Interferon-induced, double-stranded RNA-activated protein kinase",17,14.36789,14.311765,0.056124999999998,1.0396695117718,Up,0.429294831752382,0.648801633444202
P49069,CAMLG,Guided entry of tail-anchored proteins factor CAMLG,2,10.201706,9.581326,0.620379999999999,1.53728004127044,Up,0.42942237367267,0.648846014541078
P20645,M6PR,Cation-dependent mannose-6-phosphate receptor,3,14.44359,14.529815,-0.086225,0.941984352343762,Down,0.429808322104869,0.64928073160939
Q13485,SMAD4,Mothers against decapentaplegic homolog 4,9,14.223085,14.11103,0.112055,1.0807666034218,Up,0.430140667295432,0.649634293911223
Q15643,TRIP11,Thyroid receptor-interacting protein 11,2,13.673,13.05529,0.617710000000001,1.53443762357586,Up,0.430248613561677,0.649648866124999
P39023,RPL3,Large ribosomal subunit protein uL3,12,16.993085,17.116395,-0.12331,0.918078868333327,Down,0.430356320180655,0.64966306991182
O75132,ZBED4,Zinc finger BED domain-containing protein 4,16,13.73902,13.508645,0.230375,1.17313984407022,Up,0.431124090253947,0.650673467113117
Q9BS18,ANAPC13,Anaphase-promoting complex subunit 13,1,10.5965,10.320135,0.276364999999998,1.211139462,Up,0.431233243229992,0.650689612901146
Q16798,ME3,"NADP-dependent malic enzyme, mitochondrial",2,9.318772,9.1461835,0.1725885,1.12707888950895,Up,0.431421424098803,0.65082496961173
Q8WW12,PCNP,PEST proteolytic signal-containing nuclear protein,7,14.31435,14.567335,-0.252985,0.839158361964975,Down,0.43169489768093,0.651088904329819
Q8N8U2,CDYL2,Chromodomain Y-like protein 2,5,14.117985,14.01262,0.105365000000001,1.07576652358572,Up,0.431979279108797,0.651369166240027
Q5HYK7,SH3D19,SH3 domain-containing protein 19,12,11.7586,11.836905,-0.078305,0.94716980836624,Down,0.432219539503737,0.651582786628695
Q13636,RAB31,Ras-related protein Rab-31,5,13.79683,14.128205,-0.331375,0.794778637133241,Down,0.432382364398119,0.65167960007005
Q9NYL9,TMOD3,Tropomodulin-3,10,14.386205,14.291315,0.0948899999999995,1.06798397523447,Up,0.432604344974298,0.651718947480425
P24863,CCNC,Cyclin-C,9,13.555765,13.4634,0.0923650000000009,1.06611642804327,Up,0.432702413433812,0.651718947480425
Q9UHA2,SS18L2,SS18-like protein 2,4,12.168975,11.981995,0.18698,1.13837824769203,Up,0.432771947428938,0.651718947480425
Q9BRQ0,PYGO2,Pygopus homolog 2,3,11.785135,11.542275,0.24286,1.18333618452113,Up,0.432983318392351,0.651718947480425
O15118,NPC1,NPC intracellular cholesterol transporter 1,5,11.90085,12.10234,-0.20149,0.869651932118293,Down,0.433016269576028,0.651718947480425
Q9BSV6,TSEN34,tRNA-splicing endonuclease subunit Sen34,7,13.156325,13.2849,-0.128575,0.914734519215138,Down,0.433055120862306,0.651718947480425
Q9BQE5,APOL2,Apolipoprotein L2,5,12.463025,12.64296,-0.179935,0.88274276698763,Down,0.433105265438536,0.651718947480425
Q5EE01,CENPW,Centromere protein W,2,10.60593,10.32375,0.28218,1.21603099364056,Up,0.433197357585339,0.651718947480425
Q6PID6,TTC33,Tetratricopeptide repeat protein 33,4,12.19085,12.45598,-0.26513,0.832123749383145,Down,0.433549197583902,0.652099828591718
Q7Z4H7,HAUS6,HAUS augmin-like complex subunit 6,5,10.689135,10.78934,-0.100205,0.932900421472386,Down,0.433661464637392,0.65212027754005
Q6PI78,TMEM65,Transmembrane protein 65,2,10.716188,10.1042285,0.611959499999998,1.5283336160774,Up,0.434168958299771,0.652734905687713
Q9NQ55,PPAN,Suppressor of SWI4 1 homolog,11,14.170685,14.21927,-0.048585,0.966884187180932,Down,0.434631916158427,0.653218007075292
Q16533,SNAPC1,snRNA-activating protein complex subunit 1,5,14.98362,14.721695,0.261925,1.19907757687768,Up,0.434901446264431,0.653218007075292
Q5T9L3,WLS,Protein wntless homolog,6,15.105445,15.29006,-0.184615,0.879883851863981,Down,0.434939229562609,0.653218007075292
Q9NXS2,QPCTL,Glutaminyl-peptide cyclotransferase-like protein,4,12.696755,12.49557,0.201184999999999,1.14964225977184,Up,0.434984393148051,0.653218007075292
P67809,YBX1,Y-box-binding protein 1,8,16.953285,16.809805,0.14348,1.10456628699777,Up,0.435007050543591,0.653218007075292
Q15051,IQCB1,IQ calmodulin-binding motif-containing protein 1,1,8.773415,8.0728175,0.700597500000001,1.62517772955091,Up,0.435141668495878,0.653218007075292
O00330,PDHX,"Pyruvate dehydrogenase protein X component, mitochondrial",10,12.90564,12.49975,0.405890000000001,1.32490599415997,Up,0.435182158443412,0.653218007075292
P35249,RFC4,Replication factor C subunit 4,17,16.204675,16.1647,0.0399750000000019,1.02809601095542,Up,0.435493689458096,0.65353719201375
Q9BQ90,KLHDC3,Kelch domain-containing protein 3,4,11.91716,12.226895,-0.309735,0.806789940018128,Down,0.435661811549363,0.653614850535125
Q15468,STIL,SCL-interrupting locus protein,1,9.02132,9.416945,-0.395625,0.760159991056335,Down,0.435743233690083,0.653614850535125
Q9Y6I3,EPN1,Epsin-1,9,13.357365,13.23973,0.117634999999998,1.08495484496778,Up,0.436117445494288,0.653966581732924
Q6IBS0,TWF2,Twinfilin-2,11,12.995225,13.144205,-0.14898,0.901887881116428,Down,0.436175622980592,0.653966581732924
Q02818,NUCB1,Nucleobindin-1,8,14.977515,15.212695,-0.23518,0.849578993534689,Down,0.436367245415856,0.654079391951017
Q9BXW9,FANCD2,Fanconi anemia group D2 protein,37,14.932985,14.84528,0.0877049999999997,1.06267835735136,Up,0.436448799894687,0.654079391951017
Q9BYN7,ZNF341,Zinc finger protein 341,2,10.55282,9.96233,0.590490000000001,1.50575807943522,Up,0.437039567966545,0.654785383938524
Q8TF42,UBASH3B,Ubiquitin-associated and SH3 domain-containing protein B,3,12.96866,13.71445,-0.74579,0.596341233819414,Down,0.437118038120255,0.654785383938524
P56282,POLE2,DNA polymerase epsilon subunit 2,9,12.143125,11.96741,0.175714999999999,1.12952405850024,Up,0.437338696974923,0.654874936889394
O15031,PLXNB2,Plexin-B2,7,14.532135,14.941205,-0.40907,0.753108691368775,Down,0.437375998098016,0.654874936889394
P62701,RPS4X,"Small ribosomal subunit protein eS4, X isoform",19,17.86058,17.77825,0.0823299999999989,1.05872653877431,Up,0.437476976766948,0.654877766580467
P05141,SLC25A5,ADP/ATP translocase 2,16,18.245595,18.14371,0.101885000000003,1.07317473815883,Up,0.437643171751569,0.654978197940697
Q15545,TAF7,Transcription initiation factor TFIID subunit 7,9,12.732965,12.615845,0.11712,1.08456761688966,Up,0.438097960673962,0.65551039667064
P05091,ALDH2,"Aldehyde dehydrogenase, mitochondrial",16,12.25757,12.68115,-0.42358,0.745572214145008,Down,0.438360295646217,0.655754457656371
P52737,ZNF136,Zinc finger protein 136,1,8.831801,9.49388,-0.662079,0.631966942636652,Down,0.439016869121294,0.656491638483825
Q9BXJ8,TMEM120A,Transmembrane protein 120A,1,11.86383,11.516165,0.347664999999999,1.27249942112313,Up,0.439051753986761,0.656491638483825
Q99685,MGLL,Monoglyceride lipase,4,13.808345,14.387675,-0.57933,0.669274522082377,Down,0.440455854960164,0.658332857330536
P54868,HMGCS2,"Hydroxymethylglutaryl-CoA synthase, mitochondrial",5,11.242335,12.493795,-1.25146,0.420022931416883,Down,0.440498334624209,0.658332857330536
Q8TBZ8,ZNF564,Zinc finger protein 564,2,10.48716,10.30031,0.18685,1.13827567403605,Up,0.440650889888944,0.658332857330536
P36542,ATP5F1C,"ATP synthase subunit gamma, mitochondrial",5,14.323725,14.4589,-0.135175,0.910559375351622,Down,0.440847050861107,0.658332857330536
P57682,KLF3,Krueppel-like factor 3,4,10.63949,10.85678,-0.21729,0.860179706201965,Down,0.440885173917593,0.658332857330536
Q969F1,GTF3C6,General transcription factor 3C polypeptide 6,1,12.92062,13.10081,-0.18019,0.882586753757577,Down,0.440963769756042,0.658332857330536
Q5TKA1,LIN9,Protein lin-9 homolog,16,14.637205,14.5902,0.0470050000000022,1.03311796819196,Up,0.441011508183624,0.658332857330536
Q8TBE0,BAHD1,Bromo adjacent homology domain-containing 1 protein,3,10.65736,10.222355,0.435005,1.35191551840216,Up,0.441131179388961,0.658332857330536
Q9BTE6,AARSD1,Alanyl-tRNA editing protein Aarsd1,8,11.925845,12.0905,-0.164655,0.892141836944784,Down,0.441179637633068,0.658332857330536
O14530,TXNDC9,Thioredoxin domain-containing protein 9,4,11.312215,11.11906,0.193154999999997,1.14326115829452,Up,0.441300622523051,0.658364743624118
P0C0S5,H2AZ1,Histone H2A.Z,3,14.308305,14.545795,-0.23749,0.848219761619644,Down,0.441678570932971,0.658779886097045
Q6NXR4,TTI2,TELO2-interacting protein 2,2,9.8110725,9.211846,0.5992265,1.5149041338794,Up,0.441786957889712,0.658792871095016
Q9NWU5,MRPL22,Large ribosomal subunit protein uL22m,5,13.43309,13.17045,0.262640000000001,1.19967198728828,Up,0.442024137757768,0.658997862946332
P52298,NCBP2,Nuclear cap-binding protein subunit 2,4,15.34783,15.23615,0.11168,1.08048571605744,Up,0.442360556768095,0.659112751600669
Q2TAL8,QRICH1,Transcriptional regulator QRICH1,9,13.121425,13.21128,-0.089855,0.939617181953458,Down,0.442430036781977,0.659112751600669
Q9Y3E7,CHMP3,Charged multivesicular body protein 3,5,13.675445,13.97708,-0.301635,0.81133239567154,Down,0.442574452525702,0.659112751600669
Q8IXQ6,PARP9,Protein mono-ADP-ribosyltransferase PARP9,27,13.928985,13.87317,0.0558150000000008,1.0394461361345,Up,0.442576142951816,0.659112751600669
Q6ZW49,PAXIP1,PAX-interacting protein 1,24,15.469095,15.485665,-0.01657,0.988580257190206,Down,0.442599847420755,0.659112751600669
P43378,PTPN9,Tyrosine-protein phosphatase non-receptor type 9,6,12.41624,11.92847,0.487769999999999,1.40227567663209,Up,0.443255630014998,0.65958663673226
Q6YP21,KYAT3,Kynurenine--oxoglutarate transaminase 3,1,11.705715,12.312165,-0.60645,0.656810911636024,Down,0.443255735405189,0.65958663673226
Q86UT8,CENATAC,Centrosomal AT-AC splicing factor,6,14.507485,14.359095,0.148389999999999,1.10833191985854,Up,0.443306484959188,0.65958663673226
Q16134,ETFDH,"Electron transfer flavoprotein-ubiquinone oxidoreductase, mitochondrial",2,11.1841865,10.4067605,0.777425999999998,1.71406996659675,Up,0.443317270444046,0.65958663673226
Q9C0J8,WDR33,pre-mRNA 3' end processing protein WDR33,31,15.909295,15.853925,0.0553699999999999,1.03912556790118,Up,0.443426783021441,0.65960108237423
Q9UMX1,SUFU,Suppressor of fused homolog,6,11.49142,11.766525,-0.275105,0.826390170913681,Down,0.443864639860398,0.660103826471055
O95817,BAG3,BAG family molecular chaperone regulator 3,9,15.045735,14.907025,0.13871,1.1009202769166,Up,0.444003398014811,0.660161632728883
Q9UPN3,MACF1,"Microtubule-actin cross-linking factor 1, isoforms 1/2/3/4/5",166,14.89434,14.8513,0.0430399999999995,1.030282519,Up,0.444397731284881,0.660522773462264
Q9UPU5,USP24,Ubiquitin carboxyl-terminal hydrolase 24,13,13.12916,13.342785,-0.213625,0.862367671282727,Down,0.444606785879342,0.660522773462264
P04264,KRT1,"Keratin, type II cytoskeletal 1",27,18.492835,19.92115,-1.428315,0.371564609327493,Down,0.444753703234756,0.660522773462264
Q8IXS8,HYCC2,Hyccin 2,2,11.3674,11.630245,-0.262845,0.833442745615063,Down,0.444886705773568,0.660522773462264
P47813,EIF1AX,"Eukaryotic translation initiation factor 1A, X-chromosomal",4,15.60887,15.474045,0.134824999999999,1.09795962237619,Up,0.444947160771539,0.660522773462264
Q13105,ZBTB17,Zinc finger and BTB domain-containing protein 17,8,14.565275,14.36287,0.202404999999999,1.15061485392097,Up,0.444976273199412,0.660522773462264
P49757,NUMB,Protein numb homolog,13,14.33079,14.393115,-0.062325,0.957719445746355,Down,0.444996713904454,0.660522773462264
O00212,RHOD,Rho-related GTP-binding protein RhoD,3,11.633095,11.357065,0.27603,1.21085826277849,Up,0.445045832989478,0.660522773462264
P51809,VAMP7,Vesicle-associated membrane protein 7,6,12.65396,12.54088,0.11308,1.08153473484101,Up,0.445207529153879,0.660544003690063
Q9NSI2,SLX9,Ribosome biogenesis protein SLX9 homolog,5,14.391605,14.2245,0.167104999999999,1.12280313722197,Up,0.445267807511442,0.660544003690063
Q9H3P7,ACBD3,Golgi resident protein GCP60,10,13.474845,13.74908,-0.274235,0.826888665919101,Down,0.445359975857607,0.660544003690063
Q13049,TRIM32,E3 ubiquitin-protein ligase TRIM32,1,9.148469,9.77241,-0.623941,0.64889591996924,Down,0.445790347407967,0.661033970387985
Q9ULJ8,PPP1R9A,Neurabin-1,7,12.76788,12.644125,0.123755000000001,1.08956706506822,Up,0.445904686985569,0.66105519880835
Q15365,PCBP1,Poly(rC)-binding protein 1,7,18.15392,18.10073,0.0531900000000007,1.03755657165647,Up,0.446494838234909,0.661681844663604
P78357,CNTNAP1,Contactin-associated protein 1,3,10.817255,11.398875,-0.58162,0.668213020606712,Down,0.446527617975439,0.661681844663604
P15735,PHKG2,"Phosphorylase b kinase gamma catalytic chain, liver/testis isoform",1,7.937808,8.5120995,-0.5742915,0.671615997524022,Down,0.446782986074582,0.661911848232888
Q7L3T8,PARS2,"Probable proline--tRNA ligase, mitochondrial",5,12.37451,12.085195,0.289315000000002,1.22205989876861,Up,0.447377574370946,0.662505785005289
P52746,ZNF142,Zinc finger protein 142,5,12.68535,12.52095,0.164400000000001,1.12069989511169,Up,0.447384372594735,0.662505785005289
Q9HAW4,CLSPN,Claspin,5,11.7927,11.599835,0.192865000000001,1.14303137139827,Up,0.447634298933935,0.662550943786897
Q4V328,GRIPAP1,GRIP1-associated protein 1,14,14.31574,14.46894,-0.1532,0.89925364048127,Down,0.447654630025031,0.662550943786897
Q9H6S3,EPS8L2,Epidermal growth factor receptor kinase substrate 8-like protein 2,12,13.424235,13.556235,-0.132,0.912565488543451,Down,0.447715617332771,0.662550943786897
P23786,CPT2,"Carnitine O-palmitoyltransferase 2, mitochondrial",8,12.35844,12.591515,-0.233075,0.850819497621635,Down,0.448058665513091,0.662910167982096
O43379,WDR62,WD repeat-containing protein 62,2,12.03109,12.70726,-0.67617,0.625824480941348,Down,0.448775142021968,0.663821601079495
Q96MM7,HS6ST2,Heparan-sulfate 6-O-sulfotransferase 2,2,13.171795,13.75854,-0.586745,0.66584348573922,Down,0.449063539638205,0.664099559961713
Q8NCP5,ZBTB44,Zinc finger and BTB domain-containing protein 44,6,12.24326,12.316755,-0.073495,0.950332978576172,Down,0.449225008872641,0.664099668270112
Q8N9B5,JMY,Junction-mediating and -regulatory protein,3,12.28701,12.434035,-0.147025,0.903110860297563,Down,0.449264581152318,0.664099668270112
Q969W8,ZNF566,Zinc finger protein 566,7,14.61603,14.80718,-0.19115,0.875907240437477,Down,0.449556301181055,0.664192136654178
Q96KA5,CLPTM1L,Lipid scramblase CLPTM1L,11,13.73221,13.46919,0.263019999999997,1.19998801762413,Up,0.449628443324094,0.664192136654178
O15121,DEGS1,Sphingolipid delta(4)-desaturase DES1,1,11.122955,10.836935,0.286020000000001,1.21927199665808,Up,0.449628630562989,0.664192136654178
Q96B45,BORCS7,BLOC-1-related complex subunit 7,3,10.86655,11.096255,-0.229705,0.852809255028138,Down,0.449894371647623,0.664267350608835
Q9BW85,YJU2,Splicing factor YJU2,9,12.269025,12.15856,0.110464999999998,1.07957614233311,Up,0.449935286651127,0.664267350608835
Q53TQ3,INO80D,INO80 complex subunit D,6,12.83254,12.561695,0.270845,1.2065142875008,Up,0.449981075605349,0.664267350608835
Q7Z3K6,MIER3,Mesoderm induction early response protein 3,1,9.190304,8.9629245,0.227379500000001,1.17070655457875,Up,0.450248167400403,0.664513206420112
Q9BUL8,PDCD10,Programmed cell death protein 10,7,15.141295,15.237245,-0.09595,0.935655924632789,Down,0.450557242195412,0.664772147821144
P43121,MCAM,Cell surface glycoprotein MUC18,12,13.49743,13.62534,-0.12791,0.915156256765346,Down,0.450759557570291,0.664772147821144
P45983,MAPK8,Mitogen-activated protein kinase 8,4,11.644855,11.319595,0.32526,1.25289021198195,Up,0.450774561364033,0.664772147821144
P26010,ITGB7,Integrin beta-7,1,12.08873,11.87809,0.21064,1.15720142103472,Up,0.45082595953009,0.664772147821144
O43298,ZBTB43,Zinc finger and BTB domain-containing protein 43,13,17.15422,17.27746,-0.12324,0.91812341487856,Down,0.45097404192648,0.664842168880684
Q8TD26,CHD6,Chromodomain-helicase-DNA-binding protein 6,36,13.255865,13.18033,0.0755349999999986,1.05375173020588,Up,0.451189214678737,0.664900516396359
Q9NVX2,NLE1,Notchless protein homolog 1,11,14.92892,15.02256,-0.09364,0.937155268849711,Down,0.451259879040393,0.664900516396359
O60237,PPP1R12B,Protein phosphatase 1 regulatory subunit 12B,1,9.1840715,9.818592,-0.6345205,0.644154873117612,Down,0.451429816863544,0.664900516396359
Q9Y3F4,STRAP,Serine-threonine kinase receptor-associated protein,16,14.861455,14.800405,0.0610499999999998,1.04322474831799,Up,0.451512692224513,0.664900516396359
Q86W50,METTL16,RNA N(6)-adenosine-methyltransferase METTL16,16,13.9085,13.9984,-0.0899,0.939587874225515,Down,0.45151664663139,0.664900516396359
Q9H4F1,ST6GALNAC4,"Alpha-N-acetyl-neuraminyl-2,3-beta-galactosyl-1,3-N-acetyl-galactosaminide alpha-2,6-sialyltransferase",2,9.2844045,9.9017075,-0.617303,0.651888441296461,Down,0.451715050515715,0.665044501861965
Q8TB22,SPATA20,Spermatogenesis-associated protein 20,8,15.37285,15.599205,-0.226355,0.854791815740765,Down,0.452253930718757,0.665689583100282
P06280,GLA,Alpha-galactosidase A,3,11.19135,11.596565,-0.405215,0.755123750837491,Down,0.452417907252691,0.66578266511535
Q92544,TM9SF4,Transmembrane 9 superfamily member 4,6,12.10394,12.191825,-0.087885,0.940901105563707,Down,0.452670204820137,0.666005650858479
Q9BZL4,PPP1R12C,Protein phosphatase 1 regulatory subunit 12C,10,11.993835,11.79023,0.203605,1.15157230658942,Up,0.453108077205277,0.666501509514728
Q9H1E3,NUCKS1,Nuclear ubiquitous casein and cyclin-dependent kinase substrate 1,2,13.50909,13.90531,-0.39622,0.759846548557187,Down,0.453440206302524,0.66684163850765
O43474,KLF4,Krueppel-like factor 4,4,14.051435,13.909325,0.142110000000001,1.10351787586788,Up,0.454293613965547,0.667948052213192
P55198,MLLT6,Protein AF-17,3,13.077565,12.917565,0.16,1.11728713807222,Up,0.454495384381404,0.667985119185593
Q92889,ERCC4,DNA repair endonuclease XPF,19,13.746925,13.71579,0.0311350000000008,1.02181569451094,Up,0.454520968524377,0.667985119185593
P51151,RAB9A,Ras-related protein Rab-9A,3,12.002905,12.33342,-0.330515,0.795252551142325,Down,0.454677928429865,0.668015337354876
P31274,HOXC9,Homeobox protein Hox-C9,1,10.21133,10.67007,-0.45874,0.727621460680653,Down,0.45474368327426,0.668015337354876
Q6Y1H2,HACD2,Very-long-chain (3R)-3-hydroxyacyl-CoA dehydratase 2,2,14.73289,14.61008,0.122810000000001,1.08885360608961,Up,0.455063973568359,0.668337289180729
O43707,ACTN4,Alpha-actinin-4,60,18.40418,18.36366,0.0405199999999972,1.02848446323166,Up,0.45520201463597,0.668391494052238
P19174,PLCG1,"1-phosphatidylinositol 4,5-bisphosphate phosphodiesterase gamma-1",2,10.795195,11.37866,-0.583465,0.667359018199438,Down,0.455407161510985,0.668544187122634
Q8NC96,NECAP1,Adaptin ear-binding coat-associated protein 1,2,11.646615,11.89806,-0.251445,0.84005459701049,Down,0.45604636109086,0.669333866411169
P43355,MAGEA1,Melanoma-associated antigen 1,3,10.717035,11.01754,-0.300505,0.811968125830558,Down,0.456528665416704,0.669782132119743
O15440,ABCC5,ATP-binding cassette sub-family C member 5,4,12.408455,12.099415,0.30904,1.23888304643936,Up,0.456554471962391,0.669782132119743
Q96L92,SNX27,Sorting nexin-27,13,12.870505,12.734195,0.136310000000002,1.09909035993445,Up,0.456679293581882,0.669816567084478
Q15390,MTFR1,Mitochondrial fission regulator 1,5,12.32862,12.149435,0.179185,1.1322440829839,Up,0.456824662069367,0.669881116400365
Q5VTL8,PRPF38B,Pre-mRNA-splicing factor 38B,13,15.748115,15.82767,-0.079555,0.946349503684755,Down,0.457428591351659,0.670531515791343
P12111,COL6A3,Collagen alpha-3(VI) chain,10,11.30474,11.555385,-0.250645,0.840520551368877,Down,0.457519838064014,0.670531515791343
Q6ZYL4,GTF2H5,General transcription factor IIH subunit 5,3,12.6697,12.470615,0.199085,1.14797004739973,Up,0.457572573190945,0.670531515791343
P57723,PCBP4,Poly(rC)-binding protein 4,2,12.727255,12.468185,0.259069999999999,1.19670702640917,Up,0.457734803122858,0.670620552835063
P50748,KNTC1,Kinetochore-associated protein 1,3,9.16906,9.8676245,-0.6985645,0.616185013708547,Down,0.458277401805726,0.671266699586446
P62877,RBX1,E3 ubiquitin-protein ligase RBX1,4,14.91953,15.011785,-0.092255,0.938055378184347,Down,0.458599368883241,0.671386387895319
Q13889,GTF2H3,General transcription factor IIH subunit 3,6,16.802675,16.62422,0.178455,1.13167131529612,Up,0.458621161010197,0.671386387895319
P55072,VCP,Transitional endoplasmic reticulum ATPase,33,14.735525,14.683,0.0525249999999993,1.03707842755431,Up,0.458664779482111,0.671386387895319
Q9NZE8,MRPL35,Large ribosomal subunit protein bL35m,4,12.58867,12.46291,0.12576,1.09108235459886,Up,0.458835057729142,0.671386387895319
Q96EE3,SEH1L,Nucleoporin SEH1,10,15.046095,14.948335,0.097760000000001,1.07011066501295,Up,0.458959629747884,0.671386387895319
O14639,ABLIM1,Actin-binding LIM protein 1,18,13.99548,13.886555,0.108925000000001,1.07842436722646,Up,0.45906744823887,0.671386387895319
O14737,PDCD5,Programmed cell death protein 5,5,13.282565,13.38722,-0.104655,0.93002731882884,Down,0.459070220441662,0.671386387895319
Q9H3E2,SNX25,Sorting nexin-25,2,10.9760725,10.32531,0.650762500000001,1.56999775918601,Up,0.459490832469068,0.671852856590282
O60216,RAD21,Double-strand-break repair protein rad21 homolog,23,15.92004,15.97597,-0.05593,0.961974128808305,Down,0.459999012051169,0.672447129096699
P14314,PRKCSH,Glucosidase 2 subunit beta,7,14.005335,14.139035,-0.1337,0.911490800115186,Down,0.460111960341079,0.67246349975546
P60891,PRPS1,Ribose-phosphate pyrophosphokinase 1,10,15.76301,15.859165,-0.096155,0.935522981888718,Down,0.460813391798236,0.673327496908113
O75792,RNASEH2A,Ribonuclease H2 subunit A,8,14.37949,14.511475,-0.131985,0.912574976725709,Down,0.460906883947996,0.673327496908113
Q9Y6M0,PRSS21,Testisin,4,11.17424,11.368035,-0.193795,0.874302845797518,Down,0.461123881311721,0.673495631290422
P30101,PDIA3,Protein disulfide-isomerase A3,19,16.59148,16.55135,0.0401299999999978,1.02820647327619,Up,0.461530413237778,0.673940455388528
Q8NCG7,DAGLB,Diacylglycerol lipase-beta,4,10.228767,10.608441,-0.379674,0.768611251017837,Down,0.461656560744283,0.673975747726743
Q96ST3,SIN3A,Paired amphipathic helix protein Sin3a,45,15.77997,15.74474,0.0352300000000003,1.02472017484838,Up,0.46227832179335,0.674617870809794
Q5JUX0,SPIN3,Spindlin-3,1,10.402065,9.9294775,0.472587499999999,1.38759591640941,Up,0.462300550294682,0.674617870809794
Q9BSK2,SLC25A33,Solute carrier family 25 member 36,1,9.337609,9.7667015,-0.4290925,0.742728837916756,Down,0.462525506788945,0.674626441599154
Q8N141,ZFP82,Zinc finger protein 82 homolog,1,10.2555785,11.025209,-0.7696305,0.58656768585329,Down,0.462530473984058,0.674626441599154
Q9NR83,SLC2A4RG,SLC2A4 regulator,1,10.64816,10.90631,-0.25815,0.836159458158745,Down,0.462612654460185,0.674626441599154
Q96K17,BTF3L4,Transcription factor BTF3 homolog 4,6,12.300035,12.548895,-0.24886,0.841561143925855,Down,0.463310973841703,0.675385555216609
Q9Y676,MRPS18B,Small ribosomal subunit protein mS40,7,14.422525,14.194115,0.22841,1.17154307514352,Up,0.46333758622365,0.675385555216609
Q9H061,TMEM126A,Transmembrane protein 126A,3,13.423775,13.55632,-0.132545,0.912220818153266,Down,0.463466191920793,0.675424049041791
Q13613,MTMR1,Phosphatidylinositol-3-phosphate phosphatase MTMR1,2,9.7477275,9.939039,-0.1913115,0.875809194004984,Down,0.463607005141186,0.675480312384943
P23396,RPS3,Small ribosomal subunit protein uS3,21,17.064525,17.052345,0.0121800000000007,1.00847827134227,Up,0.463933574802652,0.675807140372654
Q96PE3,INPP4A,Inositol polyphosphate-4-phosphatase type I A,6,11.390135,11.560725,-0.17059,0.888479257192931,Down,0.464481225045033,0.676455799101504
Q9NYW8,RBAK,RB-associated KRAB zinc finger protein,10,12.07429,11.8724,0.201890000000001,1.15020419132002,Up,0.464755760750957,0.676706504252716
Q9NX62,BPNT2,"Golgi-resident adenosine 3',5'-bisphosphate 3'-phosphatase",2,10.804155,10.84882,-0.044665,0.969514916337336,Down,0.464868358532388,0.676721361572809
Q9Y6X2,PIAS3,E3 SUMO-protein ligase PIAS3,3,11.210925,10.82712,0.383804999999999,1.30477857706934,Up,0.465313280122896,0.677219878514032
O75570,MTRF1,"Peptide chain release factor 1, mitochondrial",8,12.53348,12.69424,-0.16076,0.894553703175842,Down,0.465459847158796,0.677284044445725
O95822,MLYCD,"Malonyl-CoA decarboxylase, mitochondrial",13,11.80495,11.948615,-0.143665,0.905216633680418,Down,0.465597190653109,0.677334764038388
Q96CS4,ZNF689,Zinc finger protein 689,3,16.10616,16.192925,-0.086765,0.941631834070684,Down,0.465765607952154,0.677391310641123
P54259,ATN1,Atrophin-1,2,11.49758,11.774175,-0.276595,0.825537124572725,Down,0.46598515008709,0.677391310641123
Q92542,NCSTN,Nicastrin,9,12.600105,12.464655,0.135449999999999,1.09843538018232,Up,0.466026433391621,0.677391310641123
Q5VTB9,RNF220,E3 ubiquitin-protein ligase RNF220,4,12.58698,12.362885,0.224095,1.1680443066095,Up,0.466046041683339,0.677391310641123
Q03188,CENPC,Centromere protein C,1,10.4586015,9.9163255,0.542276000000001,1.45626811899868,Up,0.466321525831655,0.677438209102111
Q99417,MYCBP,c-Myc-binding protein,4,13.62236,13.31634,0.30602,1.23629239945398,Up,0.466677793974004,0.677438209102111
Q9BVC5,C2orf49,Ashwin,7,14.207145,14.13091,0.0762350000000005,1.05426313779267,Up,0.466681964454385,0.677438209102111
Q9Y487,ATP6V0A2,V-type proton ATPase 116 kDa subunit a 2,8,13.12186,13.24548,-0.12362,0.917881616754836,Down,0.466714501190736,0.677438209102111
Q8N9A8,CNEP1R1,Nuclear envelope phosphatase-regulatory subunit 1,2,11.681405,12.143555,-0.46215,0.725903662316698,Down,0.466725670503327,0.677438209102111
Q2QGD7,ZXDC,Zinc finger protein ZXDC,8,11.519605,11.57671,-0.057105,0.961190969927854,Down,0.466780182432866,0.677438209102111
Q7Z460,CLASP1,CLIP-associating protein 1,36,14.20142,14.251955,-0.050535,0.965578193550288,Down,0.466873534874696,0.677438209102111
Q7Z4H8,POGLUT3,Protein O-glucosyltransferase 3,5,15.22616,14.85642,0.36974,1.29211994603573,Up,0.466898326896674,0.677438209102111
Q6AI39,BICRAL,BRD4-interacting chromatin-remodeling complex-associated protein-like,9,12.28662,12.228655,0.0579649999999994,1.04099634264897,Up,0.46743670947383,0.678026590195033
Q8IXT5,RBM12B,RNA-binding protein 12B,18,13.54921,13.700835,-0.151625,0.900235897874929,Down,0.46750902882717,0.678026590195033
P13674,P4HA1,Prolyl 4-hydroxylase subunit alpha-1,13,13.37843,13.318905,0.0595249999999989,1.04212259079131,Up,0.467739735307838,0.678159265270728
Q9Y5V0,ZNF706,Zinc finger protein 706,2,14.25584,14.205345,0.050494999999998,1.03562019231232,Up,0.467904339819826,0.678159265270728
Q02078,MEF2A,Myocyte-specific enhancer factor 2A,2,10.84152,11.083795,-0.242275,0.845411123575248,Down,0.467908344626194,0.678159265270728
P0DPB6,POLR1D,DNA-directed RNA polymerases I and III subunit RPAC2,4,14.85025,14.71693,0.133319999999999,1.09681484292624,Up,0.46838638819685,0.678682801307888
P21964,COMT,Catechol O-methyltransferase,6,12.47361,12.58663,-0.11302,0.924650459647667,Down,0.468552112763042,0.678682801307888
Q9Y312,AAR2,Protein AAR2 homolog,8,13.30439,13.18613,0.118260000000001,1.08542496766288,Up,0.468577639940671,0.678682801307888
P20393,NR1D1,Nuclear receptor subfamily 1 group D member 1,3,13.60743,13.336375,0.271055,1.20668992159832,Up,0.46875619639482,0.67879266037979
Q8N0X7,SPART,Spartin,9,13.84916,14.00318,-0.15402,0.89874266730575,Down,0.469176102358034,0.679251886195891
Q6PIU2,NCEH1,Neutral cholesterol ester hydrolase 1,4,11.642335,11.799785,-0.15745,0.896608449312765,Down,0.46935188735932,0.67926533499854
Q5T5U3,ARHGAP21,Rho GTPase-activating protein 21,9,10.65637,10.768605,-0.112235,0.925153717856212,Down,0.469390949453523,0.67926533499854
P05089,ARG1,Arginase-1,4,11.94235,12.495185,-0.552835,0.681679262352821,Down,0.470855294867989,0.681179328015485
Q9BUK0,CHCHD7,Coiled-coil-helix-coiled-coil-helix domain-containing protein 7,2,12.5929,12.91514,-0.32224,0.799827061775421,Down,0.470919707928998,0.681179328015485
Q9H0H0,INTS2,Integrator complex subunit 2,27,15.563355,15.514555,0.0488,1.03440417271162,Up,0.471084390599493,0.681189552931907
P56537,EIF6,Eukaryotic translation initiation factor 6,7,16.11093,16.08387,0.0270600000000023,1.0189335719915,Up,0.471132916697193,0.681189552931907
Q9H8G2,CAAP1,Caspase activity and apoptosis inhibitor 1,7,14.595185,14.474605,0.12058,1.08717184533873,Up,0.471742322707756,0.681921480922039
Q9BY89,KIAA1671,Uncharacterized protein KIAA1671,36,15.071585,15.01949,0.0520949999999996,1.03676936897968,Up,0.472156596459027,0.682265341087713
P49591,SARS1,"Serine--tRNA ligase, cytoplasmic",18,13.30388,13.36984,-0.06596,0.955309422816575,Down,0.472186665174036,0.682265341087713
Q96P47,AGAP3,"Arf-GAP with GTPase, ANK repeat and PH domain-containing protein 3",4,10.737835,10.42172,0.316115,1.24497347065987,Up,0.472505019872667,0.682576104117696
Q8N4N3,KLHL36,Kelch-like protein 36,6,13.120555,13.410445,-0.28989,0.817964422850916,Down,0.47315879489229,0.683296997920989
Q8NFH3,NUP43,Nucleoporin Nup43,8,14.83101,14.702195,0.128814999999999,1.09339523998647,Up,0.47334046291938,0.683296997920989
P62380,TBPL1,TATA box-binding protein-like 1,3,10.96171,11.33941,-0.3777,0.769663640495876,Down,0.473361701568082,0.683296997920989
Q9UKS6,PACSIN3,Protein kinase C and casein kinase substrate in neurons protein 3,14,15.37058,15.421325,-0.050745,0.965437653340598,Down,0.473417605307945,0.683296997920989
Q2M1Z3,ARHGAP31,Rho GTPase-activating protein 31,7,11.335605,11.423875,-0.08827,0.940650048628756,Down,0.473922028511586,0.683862018484818
P52294,KPNA1,Importin subunit alpha-5,18,14.949895,14.97253,-0.022635,0.984433050833165,Down,0.47401602461476,0.683862018484818
Q13503,MED21,Mediator of RNA polymerase II transcription subunit 21,2,12.273655,12.687765,-0.41411,0.75048232515782,Down,0.474568408523085,0.684372737640234
P49354,FNTA,Protein farnesyltransferase/geranylgeranyltransferase type-1 subunit alpha,5,11.512455,11.804545,-0.29209,0.816718039998184,Down,0.474577130671084,0.684372737640234
Q9Y6G9,DYNC1LI1,Cytoplasmic dynein 1 light intermediate chain 1,17,13.886595,13.931105,-0.04451,0.969619084495306,Down,0.474766076317285,0.684467771678263
Q8NCN2,ZBTB34,Zinc finger and BTB domain-containing protein 34,6,11.18335,11.253315,-0.069965,0.952661109466265,Down,0.474863948136495,0.684467771678263
P43353,ALDH3B1,Aldehyde dehydrogenase family 3 member B1,5,11.88825,11.73815,0.150099999999998,1.10964638422851,Up,0.47495951934311,0.684467771678263
Q4G0F5,VPS26B,Vacuolar protein sorting-associated protein 26B,2,10.2417025,10.8727755,-0.631073,0.645696002272021,Down,0.475156417563176,0.684467771678263
P29597,TYK2,Non-receptor tyrosine-protein kinase TYK2,10,12.34017,12.47053,-0.13036,0.91360344758811,Down,0.475160861924629,0.684467771678263
P53803,POLR2K,"DNA-directed RNA polymerases I, II, and III subunit RPABC4",1,12.126985,11.75179,0.375195000000001,1.29701485213046,Up,0.475345828130967,0.684585002858479
Q7RTV0,PHF5A,PHD finger-like domain-containing protein 5A,7,15.412605,15.299315,0.113289999999999,1.08169217547728,Up,0.475479507282163,0.684628336302357
Q9Y2H6,FNDC3A,Fibronectin type-III domain-containing protein 3A,12,11.874735,12.010615,-0.13588,0.910114522130462,Down,0.475790312792436,0.684923591374199
Q9NRM7,LATS2,Serine/threonine-protein kinase LATS2,2,10.3282405,10.081743,0.2464975,1.18632352154324,Up,0.475978300628458,0.684923591374199
Q9H930,SP140L,Nuclear body protein SP140-like protein,3,10.982375,10.638085,0.344289999999999,1.26952605121011,Up,0.476086243977529,0.684923591374199
Q9NVA1,UQCC1,Ubiquinol-cytochrome c reductase complex assembly factor 1,5,12.83129,12.65964,0.17165,1.12634594211883,Up,0.476099104066133,0.684923591374199
Q9H9T3,ELP3,Elongator complex protein 3,4,12.46061,12.409105,0.0515049999999988,1.03634546174412,Up,0.476372289445052,0.68516745613544
Q16342,PDCD2,Programmed cell death protein 2,3,9.637426,9.790382,-0.152956,0.899405742233855,Down,0.476513697233201,0.685221719976986
Q9Y6E2,BZW2,eIF5-mimic protein 1,20,15.54608,15.59035,-0.04427,0.969780399209025,Down,0.476692536120607,0.685329774031127
O14974,PPP1R12A,Protein phosphatase 1 regulatory subunit 12A,26,15.731675,15.67048,0.0611949999999979,1.04332960428973,Up,0.476809518314023,0.685348870495297
P61201,COPS2,COP9 signalosome complex subunit 2,13,14.824935,14.72133,0.103605,1.07445495418807,Up,0.477176060740517,0.685580141837693
Q5VT25,CDC42BPA,Serine/threonine-protein kinase MRCK alpha,15,13.833765,14.04343,-0.209665,0.864738003884455,Down,0.477270322765698,0.685580141837693
P60006,ANAPC15,Anaphase-promoting complex subunit 15,1,12.183185,11.957005,0.226179999999999,1.16973359850614,Up,0.477281620910157,0.685580141837693
Q9HD45,TM9SF3,Transmembrane 9 superfamily member 3,7,13.76093,13.601715,0.159215000000001,1.11667936456098,Up,0.477442119535654,0.685661661888557
P43354,NR4A2,Nuclear receptor subfamily 4 group A member 2,2,11.052955,11.31071,-0.257755,0.836388424222498,Down,0.477743397622359,0.685800814460376
Q15269,PWP2,Periodic tryptophan protein 2 homolog,20,15.385895,15.439205,-0.05331,0.963722704971275,Down,0.477746550124916,0.685800814460376
Q96A57,TMEM230,Transmembrane protein 230,1,12.30602,12.173805,0.132214999999999,1.09597508376652,Up,0.478215231769906,0.686324531328406
Q92558,WASF1,Actin-binding protein WASF1,7,13.75845,13.606565,0.151885,1.11102016356849,Up,0.478468169250032,0.686442072757359
Q9NX20,MRPL16,Large ribosomal subunit protein uL16m,10,14.997665,14.81346,0.184205000000002,1.13619070052983,Up,0.478504861430346,0.686442072757359
Q96ND0,FAM210A,Protein FAM210A,2,11.56825,11.117425,0.450824999999998,1.36682164538606,Up,0.478766982817335,0.686669051527727
Q86TU7,SETD3,Actin-histidine N-methyltransferase,17,13.426815,13.296365,0.130450000000002,1.09463508246632,Up,0.478968235199509,0.686808649692679
P49914,MTHFS,5-formyltetrahydrofolate cyclo-ligase,2,10.0708325,9.7355345,0.335298000000002,1.26163798316014,Up,0.479148017738253,0.686917407642541
Q7Z7F0,KHDC4,KH homology domain-containing protein 4,10,13.44891,13.384665,0.0642449999999997,1.04553763943919,Up,0.47935851050099,0.687070135740846
P00738,HP,Haptoglobin,4,13.44218,13.134325,0.307855,1.23786587121548,Up,0.479527590738973,0.687100823483529
Q8N556,AFAP1,Actin filament-associated protein 1,7,13.734025,13.566715,0.167309999999999,1.12296269346271,Up,0.479587849709414,0.687100823483529
Q9HCM1,RESF1,Retroelement silencing factor 1,9,12.246985,11.99314,0.253845,1.19238075866767,Up,0.479839283779787,0.687231076264148
P49711,CTCF,Transcriptional repressor CTCF,12,14.93085,14.809055,0.121794999999999,1.08808781865971,Up,0.479886732782425,0.687231076264148
Q8WVX9,FAR1,Fatty acyl-CoA reductase 1,17,13.33298,13.398355,-0.065375,0.955696870833925,Down,0.48002950861912,0.687286616651596
Q6ZW31,SYDE1,Rho GTPase-activating protein SYDE1,2,10.133301,9.593691,0.53961,1.45357952183054,Up,0.480486362385603,0.687632453525116
P04049,RAF1,RAF proto-oncogene serine/threonine-protein kinase,7,11.74334,11.549385,0.193954999999999,1.14389529269648,Up,0.480605814630405,0.687632453525116
P49918,CDKN1C,Cyclin-dependent kinase inhibitor 1C,5,12.604855,12.723325,-0.11847,0.921164041249601,Down,0.480628992561555,0.687632453525116
P23141,CES1,Liver carboxylesterase 1,5,11.94753,12.49465,-0.54712,0.684384978636184,Down,0.48068723487457,0.687632453525116
Q16600,ZNF239,Zinc finger protein 239,5,11.16093,11.46052,-0.29959,0.81248326344774,Down,0.48091373031811,0.687686897393918
Q8NEY8,PPHLN1,Periphilin-1,7,14.846155,14.654015,0.192139999999998,1.14245710619862,Up,0.480933399872097,0.687686897393918
Q9P0M2,AKAP7,A-kinase anchor protein 7 isoform gamma,1,9.3920315,9.6467225,-0.254691,0.838166636051988,Down,0.481248344160842,0.687988385584902
Q9UNY5,ZNF232,Zinc finger protein 232,1,10.7272175,10.0095445,0.717673,1.64452734804372,Up,0.481763947569127,0.688576541843503
Q9Y2G7,ZFP30,Zinc finger protein 30 homolog,8,11.53578,11.77846,-0.24268,0.845173829177624,Down,0.482608697731484,0.689397004501923
Q07020,RPL18,Large ribosomal subunit protein eL18,8,17.42408,17.55584,-0.13176,0.912717311298274,Down,0.48264341702159,0.689397004501923
Q96ER9,CCDC51,Mitochondrial potassium channel,5,11.37531,11.07578,0.299529999999999,1.23074339745866,Up,0.482650921445059,0.689397004501923
Q8N3J9,ZNF664,Zinc finger protein 664,3,10.736635,10.9345,-0.197865,0.871839818017242,Down,0.482918441701852,0.68963007372678
O60292,SIPA1L3,Signal-induced proliferation-associated 1-like protein 3,1,10.657465,11.17379,-0.516325,0.699150524007992,Down,0.483577311935408,0.690421787552627
Q6RW13,AGTRAP,Type-1 angiotensin II receptor-associated protein,1,10.009339,10.625842,-0.616503,0.652250025247653,Down,0.484014955791213,0.690790920652224
Q15742,NAB2,NGFI-A-binding protein 2,8,14.791015,15.01751,-0.226495,0.854708870250184,Down,0.484106274453726,0.690790920652224
Q9UNN8,PROCR,Endothelial protein C receptor,4,15.195065,15.04538,0.149685,1.10932723360452,Up,0.484149424188395,0.690790920652224
O95084,PRSS23,Serine protease 23,2,11.60227,11.991845,-0.389575,0.763354446078265,Down,0.484263929088694,0.690795937584168
P54852,EMP3,Epithelial membrane protein 3,2,12.844055,12.77289,0.0711650000000006,1.05056468947231,Up,0.484361987405815,0.690795937584168
P54725,RAD23A,UV excision repair protein RAD23 homolog A,4,12.547525,12.7783,-0.230775,0.852176988629008,Down,0.484615968836679,0.690922171835482
Q9HC52,CBX8,Chromobox protein homolog 8,13,14.60226,14.549575,0.0526850000000003,1.03719344961046,Up,0.484659583693342,0.690922171835482
Q5BJD5,TMEM41B,Transmembrane protein 41B,2,13.36803,13.07771,0.290320000000001,1.22291149806188,Up,0.484962322055493,0.691191824034807
Q86U06,RBM23,Probable RNA-binding protein 23,2,10.91375,10.57518,0.338570000000001,1.26450259702556,Up,0.485057902840587,0.691191824034807
Q96B70,LENG9,Leukocyte receptor cluster member 9,8,12.54761,12.35524,0.19237,1.14263925562979,Up,0.485541464744657,0.691731739706281
A6NI28,ARHGAP42,Rho GTPase-activating protein 42,3,11.64722,11.03907,0.608150000000002,1.52430330708199,Up,0.485659858035875,0.691751293482564
Q00537,CDK17,Cyclin-dependent kinase 17,7,13.263385,13.49325,-0.229865,0.85271468069964,Down,0.485783525754204,0.691778349861998
Q9NSG2,FIRRM,FIGNL1-interacting regulator of recombination and mitosis,2,10.3924315,10.1449295,0.247502000000001,1.1871498063068,Up,0.485930490662196,0.691838563719615
Q969E8,TSR2,Pre-rRNA-processing protein TSR2 homolog,2,10.679525,11.187905,-0.50838,0.703011405225956,Down,0.486170036516898,0.692020703882207
Q15599,NHERF2,Na(+)/H(+) exchange regulatory cofactor NHE-RF2,12,13.351125,13.19275,0.158374999999999,1.11602937435704,Up,0.486267839132844,0.692020703882207
Q86V42,FAM124A,Protein FAM124A,1,10.0760895,9.4682045,0.607885000000001,1.52402334266227,Up,0.486881804222909,0.692745283984759
P61960,UFM1,Ubiquitin-fold modifier 1,2,11.641345,12.245285,-0.60394,0.657954625509119,Down,0.487112924989008,0.692924950764604
Q9H9Q4,NHEJ1,Non-homologous end-joining factor 1,4,13.489575,13.63444,-0.144865,0.90446400870282,Down,0.487801067891322,0.693754520700182
P20839,IMPDH1,Inosine-5'-monophosphate dehydrogenase 1,6,11.895315,11.6972,0.198115000000001,1.14719846598058,Up,0.488019653787341,0.693916069681699
Q6P158,DHX57,Putative ATP-dependent RNA helicase DHX57,14,13.324535,13.4668,-0.142265,0.906095487734503,Down,0.488227311062072,0.694062013080068
Q9BZG8,DPH1,2-(3-amino-3-carboxypropyl)histidine synthase subunit 1,6,12.355925,12.301585,0.0543399999999998,1.0383839576995,Up,0.488337044739612,0.694068715846043
Q9H269,VPS16,Vacuolar protein sorting-associated protein 16 homolog,15,12.35722,12.48953,-0.13231,0.912369421528626,Down,0.488504830875421,0.694157907386725
P04114,APOB,Apolipoprotein B-100,5,12.673805,12.613295,0.060509999999999,1.0428343429086,Up,0.488727293032873,0.694311807565156
P22059,OSBP,Oxysterol-binding protein 1,8,13.44478,13.29675,0.14803,1.10805538898943,Up,0.488916077741485,0.694311807565156
P0C0L4,C4A,Complement C4-A,5,11.80847,11.686145,0.122325,1.08848762074443,Up,0.489161730295614,0.694311807565156
O60331,PIP5K1C,Phosphatidylinositol 4-phosphate 5-kinase type-1 gamma,11,13.829,13.76476,0.0642400000000016,1.04553401588814,Up,0.489232291235366,0.694311807565156
P02533,KRT14,"Keratin, type I cytoskeletal 14",9,11.507315,12.524935,-1.01762,0.493930512876489,Down,0.489235699400809,0.694311807565156
P29374,ARID4A,AT-rich interactive domain-containing protein 4A,16,16.8312,16.875445,-0.044245,0.96979720436837,Down,0.489243469183073,0.694311807565156
Q15654,TRIP6,Thyroid receptor-interacting protein 6,11,12.739745,12.799815,-0.06007,0.959217576669025,Down,0.489620128441988,0.694655828940449
Q8N1B4,VPS52,Vacuolar protein sorting-associated protein 52 homolog,13,11.99383,12.08206,-0.08823,0.940676129347474,Down,0.489893427901988,0.694655828940449
O75382,TRIM3,Tripartite motif-containing protein 3,7,13.88545,13.6431,0.24235,1.18291794311933,Up,0.489900841613589,0.694655828940449
Q9HAW0,BRF2,Transcription factor IIIB 50 kDa subunit,4,10.96566,10.55606,0.409600000000001,1.32831747523112,Up,0.489906312406027,0.694655828940449
Q96H79,ZC3HAV1L,Zinc finger CCCH-type antiviral protein 1-like,1,9.339428,8.754851,0.584576999999999,1.49959924043865,Up,0.490558892950114,0.69543194412426
Q9NR77,PXMP2,Peroxisomal membrane protein 2,4,11.81581,11.7647,0.0511099999999995,1.03606175630991,Up,0.490682771762991,0.695458382711047
Q8IVC4,ZNF584,Zinc finger protein 584,3,11.65088,11.348265,0.302615000000001,1.23337798458605,Up,0.491172258925934,0.69600288577219
Q9Y5U8,MPC1,Mitochondrial pyruvate carrier 1,2,10.28908,10.079512,0.209567999999999,1.1563418775305,Up,0.49156845900179,0.696414993685494
Q86TX2,ACOT1,Acyl-coenzyme A thioesterase 1,4,9.8600665,10.2086945,-0.348628,0.785330590651389,Down,0.491691362678187,0.696439823390514
Q99543,DNAJC2,DnaJ homolog subfamily C member 2,19,14.113115,13.962955,0.15016,1.10969253408392,Up,0.491919668373859,0.696613903638918
P35609,ACTN2,Alpha-actinin-2,1,15.81566,15.690825,0.124835000000001,1.09038301920764,Up,0.492207606443765,0.69687233740078
Q9UHK6,AMACR,Alpha-methylacyl-CoA racemase,2,9.535737,10.036872,-0.501135,0.706550703458117,Down,0.492450959762514,0.697067550454157
Q9UBT6,POLK,DNA polymerase kappa,3,10.3282785,9.1381705,1.190108,2.28169823303497,Up,0.492681122342545,0.697244012325885
O00115,DNASE2,Deoxyribonuclease-2-alpha,4,10.806155,11.110065,-0.30391,0.810054005854371,Down,0.492875528446799,0.697303449506521
Q9ULR0,ISY1,Pre-mRNA-splicing factor ISY1 homolog,9,15.06169,14.85612,0.20557,1.15314185611348,Up,0.492934137705321,0.697303449506521
Q9NZM3,ITSN2,Intersectin-2,48,15.380055,15.34836,0.0316949999999991,1.02221240195333,Up,0.493093469980766,0.697321524934728
Q53EP0,FNDC3B,Fibronectin type III domain-containing protein 3B,11,13.159855,12.862185,0.29767,1.22915767932718,Up,0.49315793728929,0.697321524934728
O14920,IKBKB,Inhibitor of nuclear factor kappa-B kinase subunit beta,2,10.409579,10.9231645,-0.5135855,0.700479385921794,Down,0.493622379778361,0.697828942878115
Q00534,CDK6,Cyclin-dependent kinase 6,3,10.701115,10.859635,-0.15852,0.895943710518793,Down,0.494172700590076,0.698457523139396
Q7Z4W1,DCXR,L-xylulose reductase,5,10.991825,11.745585,-0.75376,0.593055899505704,Down,0.494357033988632,0.698536883673993
Q9H1D9,POLR3F,DNA-directed RNA polymerase III subunit RPC6,7,11.744205,11.437635,0.306570000000001,1.236763802,Up,0.494531450066948,0.698536883673993
Q9HBL8,NMRAL1,NmrA-like family domain-containing protein 1,4,11.309225,11.558255,-0.24903,0.841461984393392,Down,0.494807435160313,0.698536883673993
P40429,RPL13A,Large ribosomal subunit protein uL13,6,16.56539,16.70208,-0.13669,0.909603682463994,Down,0.494879599039661,0.698536883673993
Q9BYI3,HYCC1,Hyccin,5,11.30658,11.522955,-0.216375,0.860725430732405,Down,0.494915700230021,0.698536883673993
P19404,NDUFV2,"NADH dehydrogenase [ubiquinone] flavoprotein 2, mitochondrial",8,14.82501,14.89673,-0.07172,0.951502927252551,Down,0.495041135237875,0.698536883673993
Q9P227,ARHGAP23,Rho GTPase-activating protein 23,8,11.88376,11.80262,0.0811399999999978,1.05785361339269,Up,0.495199195823274,0.698536883673993
Q7LBC6,KDM3B,Lysine-specific demethylase 3B,36,14.65653,14.59687,0.0596600000000009,1.04222011183931,Up,0.495266417684617,0.698536883673993
Q9HDC5,JPH1,Junctophilin-1,3,11.59936,11.218535,0.380825000000002,1.3020862359437,Up,0.495275554121336,0.698536883673993
P01133,EGF,Pro-epidermal growth factor,1,9.9592135,10.451048,-0.4918345,0.711120277387776,Down,0.495307708382201,0.698536883673993
Q9NXH9,TRMT1,tRNA (guanine(26)-N(2))-dimethyltransferase,5,12.92506,13.09192,-0.16686,0.890779338178782,Down,0.4955145483418,0.698536883673993
Q9BQ69,MACROD1,ADP-ribose glycohydrolase MACROD1,9,14.62397,14.747855,-0.123885,0.917713032068957,Down,0.495662649241977,0.698536883673993
O75323,NIPSNAP2,Protein NipSnap homolog 2,6,13.284705,13.49872,-0.214015,0.862134581178682,Down,0.495687634623051,0.698536883673993
O00560,SDCBP,Syntenin-1,4,13.19187,13.004725,0.187144999999999,1.13850845064351,Up,0.495830432608901,0.698536883673993
Q14142,TRIM14,Tripartite motif-containing protein 14,5,13.05166,12.88773,0.163930000000001,1.12033485388923,Up,0.49591646430195,0.698536883673993
P78383,SLC35B1,Solute carrier family 35 member B1,2,11.194845,11.034285,0.16056,1.11772091113457,Up,0.495919966439457,0.698536883673993
P12273,PIP,Prolactin-inducible protein,2,10.284646,9.792014,0.492632,1.40700943216756,Up,0.496223180199634,0.698815043242995
Q86W33,TPRA1,Transmembrane protein adipocyte-associated 1,1,11.710075,11.396515,0.313559999999999,1.24277058501156,Up,0.496415284700475,0.698911301654223
P57076,CFAP298,Cilia- and flagella-associated protein 298,4,12.561275,12.727665,-0.16639,0.891069582811821,Down,0.49652054897717,0.698911301654223
Q92785,DPF2,Zinc finger protein ubi-d4,13,16.583035,16.50177,0.0812650000000019,1.0579452733947,Up,0.496706069930065,0.698911301654223
Q6UB98,ANKRD12,Ankyrin repeat domain-containing protein 12,17,12.974205,13.16228,-0.188075,0.877776164317873,Down,0.496714538337099,0.698911301654223
P00352,ALDH1A1,Aldehyde dehydrogenase 1A1,5,12.40866,12.660525,-0.251865,0.839810074385471,Down,0.496896272705929,0.699018192063321
Q63ZY3,KANK2,KN motif and ankyrin repeat domain-containing protein 2,18,16.976885,17.05801,-0.081125,0.945320207447782,Down,0.497189770728952,0.699149155584986
P63172,DYNLT1,Dynein light chain Tctex-type 1,1,12.794405,12.941885,-0.14748,0.902826080327478,Down,0.497200942843007,0.699149155584986
P82921,MRPS21,Small ribosomal subunit protein bS21m,2,13.350195,13.249575,0.100619999999999,1.07223415750865,Up,0.497836555347522,0.699894021334135
Q9NUQ7,UFSP2,Ufm1-specific protease 2,10,12.99753,12.746245,0.251285000000001,1.19026680665637,Up,0.498107985684195,0.700126685960622
Q86XJ1,GAS2L3,GAS2-like protein 3,3,9.7178985,9.2643195,0.453579000000001,1.36943330052424,Up,0.498338590566219,0.700281877311459
P23219,PTGS1,Prostaglandin G/H synthase 1,6,10.70513,11.13824,-0.43311,0.740663424093132,Down,0.498430314854457,0.700281877311459
Q9NWB6,ARGLU1,Arginine and glutamate-rich protein 1,4,16.118205,16.026235,0.0919699999999999,1.06582457263858,Up,0.498545164255639,0.700294365688739
Q00688,FKBP3,Peptidyl-prolyl cis-trans isomerase FKBP3,7,14.265725,14.361395,-0.09567,0.935837535490365,Down,0.498772185522078,0.700325301975953
O60934,NBN,Nibrin,28,15.660035,15.63004,0.0299950000000013,1.02100858715494,Up,0.498779118838071,0.700325301975953
P48960,ADGRE5,Adhesion G protein-coupled receptor E5,6,10.580555,10.73106,-0.150505,0.900935044713731,Down,0.499118919614512,0.700589128561474
P17252,PRKCA,Protein kinase C alpha type,6,11.45988,11.326695,0.133184999999997,1.09671221342243,Up,0.499179029565136,0.700589128561474
Q53F19,NCBP3,Nuclear cap-binding protein subunit 3,14,14.153325,14.03405,0.119274999999998,1.08618888099973,Up,0.499452992605911,0.700824804274409
Q96FX7,TRMT61A,tRNA (adenine(58)-N(1))-methyltransferase catalytic subunit TRMT61A,6,13.64392,13.437495,0.206424999999999,1.15382545761609,Up,0.499699909984053,0.700889068908256
P13647,KRT5,"Keratin, type II cytoskeletal 5",18,11.67188,12.863855,-1.191975,0.437703249600749,Down,0.4997403756963,0.700889068908256
Q15070,OXA1L,Mitochondrial inner membrane protein OXA1L,10,13.0826,13.007845,0.0747549999999997,1.05318216825613,Up,0.499887277450987,0.700889068908256
Q13555,CAMK2G,Calcium/calmodulin-dependent protein kinase type II subunit gamma,11,13.921005,13.85109,0.0699150000000017,1.04965483875139,Up,0.499922994527693,0.700889068908256
Q9UQ84,EXO1,Exonuclease 1,13,11.99529,11.862215,0.133075000000002,1.09662859648256,Up,0.50026673591084,0.70114617016963
Q13825,AUH,"Methylglutaconyl-CoA hydratase, mitochondrial",3,11.259195,11.504375,-0.24518,0.843710522760249,Down,0.500519955294065,0.70114617016963
Q96BP3,PPWD1,Peptidylprolyl isomerase domain and WD repeat-containing protein 1,33,14.73941,14.69719,0.0422200000000004,1.02969709242237,Up,0.500631218283323,0.70114617016963
Q52LA3,LIN52,Protein lin-52 homolog,2,12.23797,12.337995,-0.100025,0.933016823447208,Down,0.500631815774046,0.70114617016963
Q8TBC3,SHKBP1,SH3KBP1-binding protein 1,11,14.739855,14.869935,-0.13008,0.913780778058885,Down,0.500636825091615,0.70114617016963
P49748,ACADVL,"Very long-chain specific acyl-CoA dehydrogenase, mitochondrial",27,15.334695,15.295465,0.0392299999999999,1.02756524473039,Up,0.500853467291364,0.701228316497113
Q8IZP0,ABI1,Abl interactor 1,7,13.96339,14.10377,-0.14038,0.907280149944415,Down,0.500907683792234,0.701228316497113
Q9NS00,C1GALT1,Glycoprotein-N-acetylgalactosamine 3-beta-galactosyltransferase 1,2,12.03908,11.71593,0.32315,1.25105914856964,Up,0.501162828377816,0.701325156779004
P62979,RPS27A,Ubiquitin-ribosomal protein eS31 fusion protein,8,18.096305,17.963635,0.132670000000001,1.09632078905613,Up,0.501189092974313,0.701325156779004
Q9NQV6,PRDM10,PR domain zinc finger protein 10,19,12.664915,12.576925,0.0879900000000013,1.06288830695269,Up,0.501339204860602,0.70138670722348
Q6PI47,KCTD18,BTB/POZ domain-containing protein KCTD18,7,12.139245,12.067465,0.0717799999999986,1.05101262545063,Up,0.501862845544929,0.701970697609828
Q587I9,SFT2D3,Vesicle transport protein SFT2C,2,9.384268,9.050459,0.333808999999999,1.26033652318413,Up,0.502469978336423,0.702671199074359
Q03113,GNA12,Guanine nucleotide-binding protein subunit alpha-12,3,13.750345,13.367035,0.38331,1.30433097408377,Up,0.502763451840538,0.702932865075971
Q15032,R3HDM1,R3H domain-containing protein 1,1,9.8158145,9.725746,0.0900684999999992,1.06442072056873,Up,0.503173451585638,0.703300398601302
P22681,CBL,E3 ubiquitin-protein ligase CBL,8,11.896525,12.157045,-0.26052,0.834786977471692,Down,0.503239156451136,0.703300398601302
Q9H2M9,RAB3GAP2,Rab3 GTPase-activating protein non-catalytic subunit,7,13.332845,13.48069,-0.147845,0.902597695375724,Down,0.503410705930876,0.703302912835521
O60231,DHX16,Pre-mRNA-splicing factor ATP-dependent RNA helicase DHX16,26,15.028395,14.95551,0.0728849999999994,1.05181793342914,Up,0.503607643261793,0.703302912835521
O95835,LATS1,Serine/threonine-protein kinase LATS1,6,14.7333,14.491815,0.241485000000001,1.18220891085354,Up,0.503621335906185,0.703302912835521
Q86X53,ERICH1,Glutamate-rich protein 1,7,14.567615,14.500975,0.0666399999999996,1.04727476489371,Up,0.503666619223865,0.703302912835521
Q7Z6I8,C5orf24,UPF0461 protein C5orf24,2,11.67153,11.47196,0.199570000000001,1.1483560326935,Up,0.504083762580985,0.703725933973527
O60583,CCNT2,Cyclin-T2,2,11.623825,11.15752,0.466305,1.38156649409271,Up,0.504182523432387,0.703725933973527
Q8IVB5,LIX1L,LIX1-like protein,7,11.38532,11.86382,-0.4785,0.717723468203484,Down,0.504476001442499,0.703986886303521
O75449,KATNA1,Katanin p60 ATPase-containing subunit A1,8,13.232635,12.998665,0.233970000000001,1.17606679441521,Up,0.504795898400898,0.704284587825952
Q5JPI3,C3orf38,Uncharacterized protein C3orf38,1,11.007106,10.4977075,0.5093985,1.42345659290907,Up,0.505208950922971,0.70456056115691
Q9NYL2,MAP3K20,Mitogen-activated protein kinase kinase kinase 20,3,10.208975,9.8306,0.378375,1.29987689579902,Up,0.505396956998355,0.70456056115691
P16035,TIMP2,Metalloproteinase inhibitor 2,2,11.353225,10.88211,0.471114999999999,1.3861803763539,Up,0.505823515933905,0.70456056115691
Q07817,BCL2L1,Bcl-2-like protein 1,1,11.65451,11.44875,0.205759999999998,1.15329373254918,Up,0.505959586071179,0.70456056115691
Q96N46,TTC14,Tetratricopeptide repeat protein 14,8,13.233855,13.177645,0.0562100000000001,1.03973076831554,Up,0.505983094771785,0.70456056115691
O75054,IGSF3,Immunoglobulin superfamily member 3,3,11.860805,11.77095,0.089855,1.06426321187636,Up,0.506069273572942,0.70456056115691
P02795,MT2A,Metallothionein-2,1,10.951935,11.5069,-0.554965,0.680673571293271,Down,0.506085539507491,0.70456056115691
Q5T9S5,CCDC18,Coiled-coil domain-containing protein 18,2,10.4778,10.86481,-0.38701,0.764712838337535,Down,0.506163021242714,0.70456056115691
O43929,ORC4,Origin recognition complex subunit 4,14,14.563845,14.57629,-0.012445,0.991410882393413,Down,0.506203078274418,0.70456056115691
Q9UG56,PISD,"Phosphatidylserine decarboxylase proenzyme, mitochondrial",4,11.72717,11.83979,-0.11262,0.924906862734683,Down,0.50627835220286,0.70456056115691
O60508,CDC40,Pre-mRNA-processing factor 17,19,15.3335,15.227375,0.106125000000002,1.07633337792464,Up,0.506604539911832,0.70456056115691
P57105,SYNJ2BP,Synaptojanin-2-binding protein,4,11.171105,11.34967,-0.178565,0.883581427930035,Down,0.506633296401824,0.70456056115691
Q96EB1,ELP4,Elongator complex protein 4,2,10.507653,10.1939555,0.313697499999998,1.2428890363086,Up,0.506699541468189,0.70456056115691
A0AVK6,E2F8,Transcription factor E2F8,1,9.813088,9.238166,0.574922000000001,1.48959692517267,Up,0.506770257698333,0.70456056115691
Q96CS2,HAUS1,HAUS augmin-like complex subunit 1,1,8.939891,9.4184065,-0.4785155,0.717715757180931,Down,0.506888159719856,0.70456056115691
Q6PIY7,TENT2,Poly(A) RNA polymerase GLD2,9,11.969505,12.06105,-0.091545,0.938517141212609,Down,0.506898635331704,0.70456056115691
O60725,ICMT,Protein-S-isoprenylcysteine O-methyltransferase,1,10.825075,11.307205,-0.48213,0.715919856776043,Down,0.507150621209288,0.70456056115691
Q9Y2B0,CNPY2,Protein canopy homolog 2,9,14.460985,14.559545,-0.09856,0.933964746496577,Down,0.507185985365074,0.70456056115691
Q14207,NPAT,Protein NPAT,21,14.43178,14.51972,-0.08794,0.940865236185269,Down,0.507241064826838,0.70456056115691
P20340,RAB6A,Ras-related protein Rab-6A,7,13.354695,13.48252,-0.127825,0.915210177081983,Down,0.507300699177396,0.70456056115691
Q5PSV4,BRMS1L,Breast cancer metastasis-suppressor 1-like protein,8,12.13535,12.011755,0.123594999999998,1.08944623491432,Up,0.507425703641362,0.70456056115691
Q15286,RAB35,Ras-related protein Rab-35,6,14.113495,14.33566,-0.222165,0.857277984757232,Down,0.507462165072712,0.70456056115691
Q9BRN9,TM2D3,TM2 domain-containing protein 3,2,10.91524,10.597845,0.317395000000001,1.24607853661969,Up,0.50746306231605,0.70456056115691
Q9NXK8,FBXL12,F-box/LRR-repeat protein 12,3,12.43051,12.22591,0.204600000000001,1.15236679858316,Up,0.507552251727651,0.70456056115691
Q14644,RASA3,Ras GTPase-activating protein 3,7,11.68642,11.797795,-0.111375,0.925705372476711,Down,0.507849170560348,0.704799836154803
P62633,CNBP,CCHC-type zinc finger nucleic acid binding protein,4,16.76987,16.61815,0.151720000000001,1.11089310425298,Up,0.507937905826196,0.704799836154803
Q8NHP8,PLBD2,Putative phospholipase B-like 2,2,10.1809905,10.559556,-0.3785655,0.769202043217325,Down,0.508067968597715,0.704832326713329
Q8IZ81,ELMOD2,ELMO domain-containing protein 2,2,10.340732,9.8440035,0.4967285,1.41101028115928,Up,0.508268752838266,0.704962893495929
P42680,TEC,Tyrosine-protein kinase Tec,2,8.626294,8.074949,0.551345,1.46545127454271,Up,0.508528063885027,0.7049877830989
Q6UW78,UQCC3,Ubiquinol-cytochrome-c reductase complex assembly factor 3,2,12.133175,12.455585,-0.32241,0.799732819689663,Down,0.508590941049587,0.7049877830989
Q9P2F8,SIPA1L2,Signal-induced proliferation-associated 1-like protein 2,3,8.628053,9.1087715,-0.4807185,0.716620639232318,Down,0.508672453000047,0.7049877830989
Q14185,DOCK1,Dedicator of cytokinesis protein 1,12,11.097785,11.237035,-0.13925,0.907991061226986,Down,0.508713381388812,0.7049877830989
Q9P0U4,CXXC1,CXXC-type zinc finger protein 1,12,13.9551,13.871515,0.0835850000000011,1.05964792538393,Up,0.509164297281798,0.705372687178755
P56545,CTBP2,C-terminal-binding protein 2,13,15.261135,15.328235,-0.0671,0.954554847146471,Down,0.509416186784442,0.705372687178755
Q96S15,WDR24,GATOR2 complex protein WDR24,5,10.252175,9.9848175,0.267357500000001,1.20360124157759,Up,0.509437295299462,0.705372687178755
Q96Q45,TMEM237,Transmembrane protein 237,3,11.733805,11.562485,0.171320000000001,1.12608833282289,Up,0.509509011296107,0.705372687178755
O75663,TIPRL,TIP41-like protein,4,10.1673245,10.5439065,-0.376582,0.770260313682454,Down,0.509524770553999,0.705372687178755
Q05048,CSTF1,Cleavage stimulation factor subunit 1,15,15.98909,16.03789,-0.0488,0.966740106411757,Down,0.509681833723069,0.705442353733144
Q14258,TRIM25,E3 ubiquitin/ISG15 ligase TRIM25,20,16.50664,16.554705,-0.048065,0.967232750379718,Down,0.509951695210834,0.705668080747152
Q96IJ6,GMPPA,Mannose-1-phosphate guanylyltransferase regulatory subunit alpha,3,9.495749,9.980551,-0.484802,0.714595136422514,Down,0.510518440220167,0.706096812242578
Q8IYU8,MICU2,"Calcium uptake protein 2, mitochondrial",6,13.245745,13.14077,0.104975,1.07547575372124,Up,0.510564500437687,0.706096812242578
Q14683,SMC1A,Structural maintenance of chromosomes protein 1A,72,17.236235,17.26316,-0.026925,0.981510087348444,Down,0.510596307196862,0.706096812242578
P01876,IGHA1,Immunoglobulin heavy constant alpha 1,2,12.03256,12.425725,-0.393165,0.76145727754715,Down,0.510688873130507,0.706096812242578
Q14997,PSME4,Proteasome activator complex subunit 4,11,12.474175,12.340525,0.133649999999999,1.0970657554801,Up,0.510866453551519,0.706130480219661
P61803,DAD1,Dolichyl-diphosphooligosaccharide--protein glycosyltransferase subunit DAD1,4,15.54445,15.445985,0.0984650000000009,1.07063372245765,Up,0.510968926875964,0.706130480219661
Q8TCT9,HM13,Minor histocompatibility antigen H13,5,13.026245,12.91651,0.109735000000001,1.07903001774732,Up,0.511113071534491,0.706130480219661
Q9NQP4,PFDN4,Prefoldin subunit 4,2,12.44487,12.8499,-0.40503,0.755220588247488,Down,0.511343026808327,0.706130480219661
O15511,ARPC5,Actin-related protein 2/3 complex subunit 5,6,14.185435,14.027635,0.1578,1.11558465873257,Up,0.511413995215406,0.706130480219661
P15529,CD46,Membrane cofactor protein,6,12.98938,13.227765,-0.238385,0.847693717489698,Down,0.511442248071381,0.706130480219661
O95749,GGPS1,Geranylgeranyl pyrophosphate synthase,1,9.649577,10.126869,-0.477292,0.718324685376555,Down,0.511584428261725,0.706130480219661
P49755,TMED10,Transmembrane emp24 domain-containing protein 10,5,13.97339,14.12244,-0.14905,0.901844122305091,Down,0.511647169182038,0.706130480219661
P61006,RAB8A,Ras-related protein Rab-8A,5,12.921825,12.940755,-0.01893,0.986964432537056,Down,0.511758909232156,0.706130480219661
Q9NR50,EIF2B3,Translation initiation factor eIF2B subunit gamma,9,13.89892,13.787995,0.110925000000002,1.07992041758914,Up,0.511826647881272,0.706130480219661
O15116,LSM1,U6 snRNA-associated Sm-like protein LSm1,1,10.4822195,10.1041435,0.378076,1.29960752291827,Up,0.511891450844919,0.706130480219661
O15084,ANKRD28,Serine/threonine-protein phosphatase 6 regulatory ankyrin repeat subunit A,3,11.055945,10.646255,0.409690000000001,1.32840034257202,Up,0.511995348950312,0.706130480219661
Q92615,LARP4B,La-related protein 4B,11,14.31553,14.17914,0.136389999999999,1.099151308,Up,0.51232414871366,0.706361628865612
Q16881,TXNRD1,"Thioredoxin reductase 1, cytoplasmic",12,14.8589,15.01238,-0.15348,0.899079129181356,Down,0.512376705822627,0.706361628865612
Q86U28,ISCA2,"Iron-sulfur cluster assembly 2 homolog, mitochondrial",2,13.25389,13.3777,-0.12381,0.917760741574116,Down,0.512760247134398,0.706394822555004
P48047,ATP5PO,"ATP synthase subunit O, mitochondrial",9,13.954655,13.91903,0.0356249999999996,1.0250007746103,Up,0.51277576131746,0.706394822555004
Q96BD0,SLCO4A1,Solute carrier organic anion transporter family member 4A1,1,9.769063,10.441535,-0.672472,0.627430688402856,Down,0.512782550837696,0.706394822555004
P02790,HPX,Hemopexin,4,11.388005,10.931975,0.456029999999998,1.37176181327902,Up,0.512828318750024,0.706394822555004
Q16595,FXN,"Frataxin, mitochondrial",1,10.679978,10.139216,0.540761999999999,1.4547406766816,Up,0.513013690576817,0.706502913319897
Q96EK7,FAM120B,Constitutive coactivator of peroxisome proliferator-activated receptor gamma,23,14.596105,14.531275,0.0648299999999988,1.04596168161421,Up,0.513257753451925,0.706691769284119
Q9UHC7,MKRN1,E3 ubiquitin-protein ligase makorin-1,1,10.98296,11.26203,-0.27907,0.824122097329569,Down,0.513392233222019,0.706729695764284
P40424,PBX1,Pre-B-cell leukemia transcription factor 1,4,12.199405,12.261005,-0.0616,0.958200851083796,Down,0.513801753784656,0.707121899124483
P14921,ETS1,Protein C-ets-1,6,11.12558,11.367345,-0.241765,0.845710033516952,Down,0.513988079535706,0.707121899124483
Q32P41,TRMT5,tRNA (guanine(37)-N(1))-methyltransferase,2,9.9749235,10.2078315,-0.232908,0.850917990425772,Down,0.514145973910874,0.707121899124483
P61158,ACTR3,Actin-related protein 3,19,15.76673,15.830825,-0.064095,0.956545168492267,Down,0.514199752770873,0.707121899124483
Q8TE76,MORC4,MORC family CW-type zinc finger protein 4,8,12.21783,12.101455,0.116375,1.08400769655763,Up,0.51421211184631,0.707121899124483
P78317,RNF4,E3 ubiquitin-protein ligase RNF4,1,11.67328,11.82252,-0.14924,0.901725359090671,Down,0.514516092315944,0.707138753279328
Q6GMV3,PTRHD1,Putative peptidyl-tRNA hydrolase PTRHD1,5,11.586615,11.72451,-0.137895,0.908844260139339,Down,0.514617123595174,0.707138753279328
Q9BVV7,TIMM21,Mitochondrial import inner membrane translocase subunit Tim21,6,13.612115,13.76291,-0.150795,0.900753963544173,Down,0.514636240287155,0.707138753279328
Q6UX04,CWC27,Spliceosome-associated protein CWC27 homolog,6,13.235725,13.35677,-0.121045,0.919521364340491,Down,0.514652353347491,0.707138753279328
Q15370,ELOB,Elongin-B,7,14.306795,14.20895,0.0978449999999995,1.07017371512649,Up,0.514776256008124,0.707161977958364
Q9NWU1,OXSM,"3-oxoacyl-[acyl-carrier-protein] synthase, mitochondrial",8,13.56859,13.531425,0.0371649999999999,1.02609549243416,Up,0.51491945310024,0.707211692755505
Q16649,NFIL3,Nuclear factor interleukin-3-regulated protein,7,12.058905,12.128845,-0.06994,0.952677617968351,Down,0.515307478189085,0.707233778840905
Q96IZ0,PAWR,PRKC apoptosis WT1 regulator protein,6,14.681635,14.474475,0.20716,1.15441343896496,Up,0.515356143461316,0.707233778840905
E9PRG8,C11orf98,Uncharacterized protein C11orf98,6,14.39595,14.293085,0.102864999999998,1.07390397649396,Up,0.515379199370312,0.707233778840905
Q14155,ARHGEF7,Rho guanine nucleotide exchange factor 7,16,13.483815,13.447575,0.0362399999999994,1.02543781073891,Up,0.515428200768663,0.707233778840905
Q9BZK7,TBL1XR1,F-box-like/WD repeat-containing protein TBL1XR1,14,15.277575,15.25312,0.0244549999999997,1.01709539626103,Up,0.515512075772239,0.707233778840905
Q9UBX3,SLC25A10,Mitochondrial dicarboxylate carrier,7,14.938565,15.125275,-0.18671,0.878607061651214,Down,0.515577598192689,0.707233778840905
O94967,WDR47,WD repeat-containing protein 47,1,8.215023,8.68597,-0.470947,0.721490848209364,Down,0.516219256674079,0.707967019580616
Q9HCU4,CELSR2,Cadherin EGF LAG seven-pass G-type receptor 2,3,10.1228085,10.737702,-0.6148935,0.652978094722376,Down,0.516718133479732,0.708246183229492
Q9UHR5,SAP30BP,SAP30-binding protein,7,13.05139,13.17712,-0.12573,0.916540158876721,Down,0.516726235819655,0.708246183229492
Q13444,ADAM15,Disintegrin and metalloproteinase domain-containing protein 15,3,11.570095,11.08647,0.483625,1.3982525874343,Up,0.516744302546922,0.708246183229492
Q9UBC3,DNMT3B,DNA (cytosine-5)-methyltransferase 3B,6,11.70047,11.36863,0.33184,1.25861758060794,Up,0.517327400847158,0.708772611622891
Q8WZ82,OVCA2,Esterase OVCA2,2,10.90506,11.087285,-0.182225,0.881342694642315,Down,0.517342877662101,0.708772611622891
O14795,UNC13B,Protein unc-13 homolog B,9,9.7827515,10.090754,-0.3080025,0.807759377868057,Down,0.517499604010357,0.708840390239264
Q96PU5,NEDD4L,E3 ubiquitin-protein ligase NEDD4-like,5,10.81747,10.988415,-0.170945,0.888260658442332,Down,0.517778809716713,0.709075870994148
Q9HCK0,ZBTB26,Zinc finger and BTB domain-containing protein 26,5,12.67085,12.571775,0.0990750000000009,1.07108650328839,Up,0.517906218218092,0.709103417485679
Q9GZM8,NDEL1,Nuclear distribution protein nudE-like 1,1,9.004324,9.4621835,-0.4578595,0.728065675309222,Down,0.519059939477796,0.710535861642244
Q8TAA5,GRPEL2,"GrpE protein homolog 2, mitochondrial",2,12.000765,11.91167,0.0890950000000004,1.06370271432813,Up,0.519425072303461,0.710888445403515
Q96RQ1,ERGIC2,Endoplasmic reticulum-Golgi intermediate compartment protein 2,3,14.624505,14.386735,0.237769999999998,1.1791685896774,Up,0.519904336004171,0.711397051066577
Q96RU3,FNBP1,Formin-binding protein 1,6,14.18862,14.548025,-0.359405,0.779485990994882,Down,0.520078560585688,0.711488140532149
Q9UPG8,PLAGL2,Zinc finger protein PLAGL2,2,10.0632385,10.6287305,-0.565492,0.67572493581369,Down,0.520293743238059,0.711528172899531
Q9HBW0,LPAR2,Lysophosphatidic acid receptor 2,1,10.2403565,9.9787885,0.261568,1.19878089759108,Up,0.52034649499028,0.711528172899531
Q5HYI7,MTX3,Metaxin-3,6,12.147365,11.98248,0.164885000000002,1.12107671128317,Up,0.520430804629495,0.711528172899531
Q9Y289,SLC5A6,Sodium-dependent multivitamin transporter,2,11.487685,11.308705,0.178980000000001,1.13208320799622,Up,0.520768381315874,0.711842447180272
Q56NI9,ESCO2,N-acetyltransferase ESCO2,17,14.22864,14.106935,0.121705,1.08801994232657,Up,0.52091536946031,0.711896128362942
Q53EQ6,TIGD5,Tigger transposable element-derived protein 5,3,10.58024,9.6897,0.89054,1.85386989646687,Up,0.521208043724432,0.712024288685359
Q01804,OTUD4,OTU domain-containing protein 4,3,10.54423,10.797305,-0.253075,0.839106014175066,Down,0.521224619255525,0.712024288685359
O94806,PRKD3,Serine/threonine-protein kinase D3,6,11.47682,11.553535,-0.076715,0.948214263460265,Down,0.521949234841253,0.71286680989168
Q9NPL8,TIMMDC1,"Complex I assembly factor TIMMDC1, mitochondrial",4,12.04329,12.20361,-0.16032,0.894826570029817,Down,0.522147433874595,0.712886962943895
P35908,KRT2,"Keratin, type II cytoskeletal 2 epidermal",24,13.99556,15.15274,-1.15718,0.448388132526331,Down,0.52217972274344,0.712886962943895
Q8NCA5,FAM98A,Protein FAM98A,6,13.87396,13.73779,0.13617,1.09898370871549,Up,0.522541499524692,0.713048007408207
O14524,NEMP1,Nuclear envelope integral membrane protein 1,5,12.892825,12.695055,0.19777,1.14692416258289,Up,0.522608712368625,0.713048007408207
P62256,UBE2H,Ubiquitin-conjugating enzyme E2 H,4,12.182085,12.433755,-0.25167,0.839923593894282,Down,0.522621356920162,0.713048007408207
Q8N7C3,TRIML2,Probable E3 ubiquitin-protein ligase TRIML2,10,13.25374,13.144425,0.109315,1.07871593428971,Up,0.523204180183666,0.713695856931651
P42677,RPS27,Small ribosomal subunit protein eS27,4,15.88165,15.980955,-0.099305,0.933482576604338,Down,0.523681549926605,0.714199621020416
Q8N3Z6,ZCCHC7,Zinc finger CCHC domain-containing protein 7,8,12.485385,12.357675,0.12771,1.09255809899235,Up,0.523883288839672,0.714327348038249
Q6P1R3,MSANTD2,Myb/SANT-like DNA-binding domain-containing protein 2,7,11.819755,12.08706,-0.267305,0.830870188849536,Down,0.524456249343396,0.714961087440286
Q9UJX4,ANAPC5,Anaphase-promoting complex subunit 5,20,14.068915,14.140165,-0.07125,0.951812957589044,Down,0.524619747296011,0.715036483786212
Q562E7,WDR81,WD repeat-containing protein 81,2,12.10093,11.873225,0.227705,1.17097071849681,Up,0.524754171060304,0.715072230213928
Q9UNX3,RPL26L1,Ribosomal protein uL24-like,1,11.730845,11.563355,0.167489999999997,1.12310281031995,Up,0.525425777864563,0.71583981981177
O75438,NDUFB1,NADH dehydrogenase [ubiquinone] 1 beta subcomplex subunit 1,3,11.76603,11.942055,-0.176025,0.885138426166536,Down,0.525828318105462,0.71607054460732
Q99442,SEC62,Translocation protein SEC62,4,12.5489,12.413485,0.135415,1.09840873229703,Up,0.525960934617295,0.71607054460732
P07199,CENPB,Major centromere autoantigen B,10,14.36733,14.31034,0.056989999999999,1.04029305573501,Up,0.526012998341285,0.71607054460732
Q9NWS9,ZNF446,Zinc finger protein 446,4,12.091,12.0204,0.0706000000000007,1.05015333931256,Up,0.526028520815333,0.71607054460732
Q92572,AP3S1,AP-3 complex subunit sigma-1,3,11.181485,11.354725,-0.17324,0.886848760867738,Down,0.526344987026533,0.716331246645149
Q9BTP7,FAAP24,Fanconi anemia core complex-associated protein 24,4,10.830645,10.678495,0.152150000000001,1.11122425894334,Up,0.52643680813368,0.716331246645149
P09874,PARP1,Poly [ADP-ribose] polymerase 1,56,19.37346,19.346655,0.0268050000000031,1.01875348881924,Up,0.526847172484735,0.716697141487134
Q16864,ATP6V1F,V-type proton ATPase subunit F,1,10.395545,10.757985,-0.36244,0.77784790861841,Down,0.527018129841864,0.716697141487134
P35527,KRT9,"Keratin, type I cytoskeletal 9",15,14.37579,15.49569,-1.1199,0.460125717691511,Down,0.527031034593353,0.716697141487134
Q9Y2G0,EFR3B,Protein EFR3 homolog B,4,10.93614,10.758955,0.177185,1.13067554687383,Up,0.527181659837872,0.716733131643852
P40306,PSMB10,Proteasome subunit beta type-10,2,9.531049,8.6478035,0.883245499999999,1.84452008673773,Up,0.527274396437041,0.716733131643852
Q8WV92,MITD1,MIT domain-containing protein 1,5,12.723955,12.616945,0.107009999999999,1.07699384131962,Up,0.527550001087195,0.71696030376008
P82970,HMGN5,High mobility group nucleosome-binding domain-containing protein 5,7,13.883855,13.7923,0.0915549999999996,1.06551802581226,Up,0.527685156958486,0.716983010884238
Q8N1G4,LRRC47,Leucine-rich repeat-containing protein 47,13,14.004755,14.073105,-0.06835,0.953728146587678,Down,0.527974068403678,0.716983010884238
P01834,IGKC,Immunoglobulin kappa constant,2,12.817405,12.58874,0.228665000000001,1.17175016664871,Up,0.528033584478274,0.716983010884238
Q5HYJ3,FAM76B,Protein FAM76B,9,14.00768,14.033915,-0.026235,0.981979627978775,Down,0.52806767422526,0.716983010884238
Q06481,APLP2,Amyloid beta precursor like protein 2,4,13.44067,13.080015,0.360655000000001,1.28400871984962,Up,0.528120785739421,0.716983010884238
L0R8F8,MIEF1,Mitochondrial ribosome and complex I assembly factor AltMIEF1,3,12.497015,12.131925,0.36509,1.28796197425272,Up,0.528358903307287,0.716983010884238
O95628,CNOT4,CCR4-NOT transcription complex subunit 4,2,12.39564,12.61126,-0.21562,0.861175988717692,Down,0.528431752787754,0.716983010884238
Q15650,TRIP4,Activating signal cointegrator 1,3,11.90604,12.0031,-0.09706,0.934936314034693,Down,0.528434596159347,0.716983010884238
Q8TF72,SHROOM3,Protein Shroom3,14,12.933505,13.01256,-0.079055,0.946677540271032,Down,0.528826408626506,0.717177486799585
P12532,CKMT1A,"Creatine kinase U-type, mitochondrial",3,11.74502,11.883635,-0.138615,0.908390800059729,Down,0.528982400645978,0.717177486799585
Q9NR33,POLE4,DNA polymerase epsilon subunit 4,2,12.1182,11.93733,0.180870000000001,1.13356726341236,Up,0.52899983439921,0.717177486799585
Q9UHB7,AFF4,AF4/FMR2 family member 4,26,15.842855,15.800595,0.0422599999999989,1.02972564208361,Up,0.529041706967514,0.717177486799585
O95544,NADK,NAD kinase,4,10.486155,10.339555,0.146599999999999,1.10695762810949,Up,0.529120506224055,0.717177486799585
Q6NUK4,REEP3,Receptor expression-enhancing protein 3,1,10.750461,10.2099715,0.5404895,1.45446592741901,Up,0.529607757472511,0.717690725678865
Q2TB18,ASTE1,Single-strand DNA endonuclease ASTE1,6,13.972755,13.824775,0.14798,1.10801698738144,Up,0.529840866721504,0.71778492243025
Q92900,UPF1,Regulator of nonsense transcripts 1,40,16.013875,16.03568,-0.021805,0.984999570084963,Down,0.529894482756422,0.71778492243025
Q96GD4,AURKB,Aurora kinase B,11,14.71941,14.76212,-0.04271,0.970829599218999,Down,0.530260229193067,0.717921076496246
Q5SVZ6,ZMYM1,Zinc finger MYM-type protein 1,33,14.45266,14.52112,-0.06846,0.953655431222508,Down,0.530306178084059,0.717921076496246
Q86XN7,PROSER1,Proline and serine-rich protein 1,5,12.91596,12.65023,0.26573,1.20224422814933,Up,0.530320879929592,0.717921076496246
Q9UIA9,XPO7,Exportin-7,26,14.323715,14.25408,0.0696349999999999,1.04945114023728,Up,0.530916440808543,0.718580126418936
Q96JM2,ZNF462,Zinc finger protein 462,31,13.092675,13.059495,0.0331799999999998,1.02326513097163,Up,0.531027831361503,0.718583730030338
Q6P2P2,PRMT9,Protein arginine N-methyltransferase 9,3,9.5413505,9.8350055,-0.293655,0.815832564768317,Down,0.531329869725973,0.718845262849325
Q3MIP1,ITPRIPL2,"Inositol 1,4,5-trisphosphate receptor-interacting protein-like 2",3,10.7869795,10.351239,0.435740500000001,1.3526049138317,Up,0.531681069189845,0.719173185893509
Q9UJC5,SH3BGRL2,SH3 domain-binding glutamic acid-rich-like protein 2,2,12.02402,12.067005,-0.042985,0.970644561710202,Down,0.532082005668973,0.719568237255216
P04216,THY1,Thy-1 membrane glycoprotein,2,11.15462,11.51582,-0.3612,0.778516758241304,Down,0.53239649241213,0.719846239433668
Q9UPW6,SATB2,DNA-binding protein SATB2,4,10.82748,11.0181,-0.19062,0.876229079846703,Down,0.532656686201992,0.720006819419885
P17036,ZNF3,Zinc finger protein 3,3,11.216135,10.704495,0.51164,1.42566992130347,Up,0.532733143737818,0.720006819419885
Q14651,PLS1,Plastin-1,11,13.32812,13.251475,0.076645000000001,1.05456279177386,Up,0.533937868577726,0.721421409756816
Q6UXN9,WDR82,WD repeat-containing protein 82,12,15.676815,15.71438,-0.037565,0.974297993638846,Down,0.534052747231943,0.721421409756816
Q9H8G1,ZNF430,Zinc finger protein 430,7,11.813745,11.747205,0.0665399999999998,1.04720217585442,Up,0.534107271590271,0.721421409756816
Q9HCM7,FBRSL1,Fibrosin-1-like protein,3,10.7758735,10.2837365,0.492137,1.40652675898942,Up,0.534382670056194,0.721645906498035
Q07820,MCL1,Induced myeloid leukemia cell differentiation protein Mcl-1,3,11.061735,10.853795,0.207939999999999,1.15503774688521,Up,0.534704567310357,0.721795104141651
Q9HA77,CARS2,"Probable cysteine--tRNA ligase, mitochondrial",14,14.84112,14.97217,-0.13105,0.913166601520807,Down,0.534711579645562,0.721795104141651
O15212,PFDN6,Prefoldin subunit 6,4,12.69282,12.769805,-0.076985,0.948036822013158,Down,0.534963770640642,0.721851636477569
Q9NXW9,ALKBH4,Alpha-ketoglutarate-dependent dioxygenase alkB homolog 4,4,11.93587,12.243545,-0.307675,0.807942764666517,Down,0.534971904292198,0.721851636477569
Q9P0I2,EMC3,ER membrane protein complex subunit 3,8,13.80424,13.752195,0.0520449999999997,1.03673343791407,Up,0.535337702320056,0.72219776987819
P55199,ELL,RNA polymerase II elongation factor ELL,18,17.21241,17.183495,0.0289149999999978,1.02024454720898,Up,0.535533202329257,0.72231406820287
A1L0T0,ILVBL,2-hydroxyacyl-CoA lyase 2,8,14.789315,14.720735,0.068579999999999,1.04868398834472,Up,0.535878626561383,0.722358593992303
Q86UB9,TMEM135,Transmembrane protein 135,3,11.57392,11.11111,0.462810000000001,1.37822363177624,Up,0.53588352598111,0.722358593992303
O75208,COQ9,"Ubiquinone biosynthesis protein COQ9, mitochondrial",1,10.69063,10.95562,-0.26499,0.832204503093582,Down,0.535894112020617,0.722358593992303
Q8WY91,THAP4,Peroxynitrite isomerase THAP4,4,11.566335,11.40333,0.163004999999998,1.11961676894355,Up,0.536280651491587,0.722732223839293
Q9UNW1,MINPP1,Multiple inositol polyphosphate phosphatase 1,2,10.960785,11.071285,-0.1105,0.926266986580377,Down,0.536423055181307,0.722776752638789
Q8NB91,FANCB,Fanconi anemia group B protein,19,13.21536,13.09346,0.1219,1.08816701306697,Up,0.536936796715289,0.723182050859127
Q9NYB9,ABI2,Abl interactor 2,1,9.3266605,9.8611115,-0.534451,0.690421358141204,Down,0.536942702915076,0.723182050859127
Q99733,NAP1L4,Nucleosome assembly protein 1-like 4,5,13.46458,13.613815,-0.149235,0.901728484238039,Down,0.537373807477248,0.723295637597812
P22087,FBL,rRNA 2'-O-methyltransferase fibrillarin,18,17.6828,17.610635,0.0721649999999983,1.05129313785662,Up,0.537390635843439,0.723295637597812
Q5JTV8,TOR1AIP1,Torsin-1A-interacting protein 1,17,15.1104,15.07804,0.0323599999999988,1.02268369208739,Up,0.5374582130462,0.723295637597812
P29083,GTF2E1,General transcription factor IIE subunit 1,8,13.0979,13.160145,-0.062245,0.957772554461514,Down,0.537464801973499,0.723295637597812
Q9Y2Q3,GSTK1,Glutathione S-transferase kappa 1,9,13.270425,13.1864,0.0840250000000005,1.05997115113851,Up,0.538170138829344,0.724097403811714
P33527,ABCC1,Multidrug resistance-associated protein 1,27,14.198955,14.270025,-0.07107,0.951931719361869,Down,0.538492840141344,0.724340062668907
Q71F56,MED13L,Mediator of RNA polymerase II transcription subunit 13-like,28,16.34929,16.302035,0.0472549999999998,1.03329700940596,Up,0.538569687994403,0.724340062668907
Q9H1P3,OSBPL2,Oxysterol-binding protein-related protein 2,2,9.7502565,9.9970965,-0.24684,0.842740287209303,Down,0.539072332365734,0.72486857469077
Q13595,TRA2A,Transformer-2 protein homolog alpha,9,15.586505,15.65314,-0.066635,0.954862562589679,Down,0.53950226150315,0.7249625883516
O75190,DNAJB6,DnaJ homolog subfamily B member 6,5,13.85508,13.786495,0.0685850000000006,1.04868762281277,Up,0.539517924675696,0.7249625883516
Q9UPS6,SETD1B,Histone-lysine N-methyltransferase SETD1B,23,14.42636,14.380965,0.0453949999999992,1.03196568574711,Up,0.53956609940495,0.7249625883516
P05556,ITGB1,Integrin beta-1,14,13.89069,13.838285,0.0524050000000003,1.03699216938316,Up,0.539581021652522,0.7249625883516
Q9UQ35,SRRM2,Serine/arginine repetitive matrix protein 2,59,17.482225,17.538265,-0.05604,0.961900784742374,Down,0.539844900861958,0.725169705243228
Q9NPQ8,RIC8A,Chaperone Ric-8A,5,10.548955,10.76187,-0.212915,0.862792176612185,Down,0.54000445152182,0.725236622659563
Q99643,SDHC,"Succinate dehydrogenase cytochrome b560 subunit, mitochondrial",2,11.32536,11.444805,-0.119445,0.920541711862568,Down,0.540371511193141,0.725465607420191
P36915,GNL1,Guanine nucleotide-binding protein-like 1,3,11.297665,11.51411,-0.216445,0.860683669087169,Down,0.540394490139143,0.725465607420191
Q9BRJ7,NUDT16L1,Tudor-interacting repair regulator protein,14,14.30613,14.22614,0.0799899999999987,1.05701071389603,Up,0.540870545368944,0.72595723686908
O75290,ZNF780A,Zinc finger protein 780A,5,12.50207,12.3226,0.179469999999998,1.13246777643939,Up,0.54099479241265,0.725976565087352
O15182,CETN3,Centrin-3,5,11.04449,10.821415,0.223075,1.16721877932171,Up,0.541461006667656,0.726297325659492
P15336,ATF2,Cyclic AMP-dependent transcription factor ATF-2,4,12.38257,12.16673,0.21584,1.16137992362807,Up,0.541495674331089,0.726297325659492
Q9UPW5,AGTPBP1,Cytosolic carboxypeptidase 1,13,13.223535,13.353015,-0.12948,0.914160887836991,Down,0.541563507467087,0.726297325659492
Q9NYR9,NKIRAS2,NF-kappa-B inhibitor-interacting Ras-like protein 2,2,10.545492,9.9566085,0.5888835,1.50408228936323,Up,0.541936180612118,0.726649668830491
P02787,TF,Serotransferrin,13,11.58743,11.27689,0.310540000000001,1.24017180873575,Up,0.542308672866789,0.727001626567264
Q8N9R8,SCAI,Protein SCAI,13,13.23883,13.29827,-0.05944,0.959636541883855,Down,0.542586509839342,0.727136078966937
P86452,ZBED6,Zinc finger BED domain-containing protein 6,9,11.204355,11.334345,-0.12999,0.913837784448286,Down,0.542629012175054,0.727136078966937
P19793,RXRA,Retinoic acid receptor RXR-alpha,9,13.19055,13.119455,0.0710949999999997,1.05051371699224,Up,0.543270713965071,0.727848398255657
O15239,NDUFA1,NADH dehydrogenase [ubiquinone] 1 alpha subcomplex subunit 1,1,10.82573,11.44046,-0.61473,0.653052100638615,Down,0.543384255409232,0.727852967977223
Q96BT3,CENPT,Centromere protein T,3,11.94374,12.318945,-0.375205,0.770995850132052,Down,0.543881376301844,0.728371229175053
Q8N196,SIX5,Homeobox protein SIX5,9,14.38554,14.312385,0.0731549999999999,1.05201479930171,Up,0.544057116995075,0.728458972086801
P54277,PMS1,PMS1 protein homolog 1,11,12.510565,12.65756,-0.146995,0.903129640155217,Down,0.544350306357003,0.728610804844263
Q8IWJ2,GCC2,GRIP and coiled-coil domain-containing protein 2,6,13.885645,13.83106,0.0545849999999994,1.03856031213701,Up,0.544569016267046,0.728610804844263
Q5T653,MRPL2,Large ribosomal subunit protein uL2m,6,13.655655,13.59754,0.058114999999999,1.04110458282783,Up,0.544650654973281,0.728610804844263
P56937,HSD17B7,3-keto-steroid reductase/17-beta-hydroxysteroid dehydrogenase 7,7,12.13687,12.22871,-0.09184,0.938325254331091,Down,0.54497132277648,0.728610804844263
Q49B96,COX19,Cytochrome c oxidase assembly protein COX19,2,12.84959,13.019565,-0.169975,0.888858083769983,Down,0.545055648463886,0.728610804844263
P01024,C3,Complement C3,36,13.25893,13.170055,0.088874999999998,1.06354052013691,Up,0.545148628905666,0.728610804844263
Q96C12,ARMC5,Armadillo repeat-containing protein 5,6,13.17139,12.72454,0.446849999999998,1.36306087964393,Up,0.545151689340695,0.728610804844263
Q5SRE5,NUP188,Nucleoporin NUP188,54,15.837885,15.821715,0.0161699999999989,1.01127123699792,Up,0.545194913802405,0.728610804844263
P30519,HMOX2,Heme oxygenase 2,7,11.490175,11.338735,0.151440000000001,1.11067752169544,Up,0.545255331807082,0.728610804844263
Q9Y606,PUS1,Pseudouridylate synthase 1 homolog,12,13.070945,12.990505,0.0804400000000012,1.05734046411885,Up,0.545272967280939,0.728610804844263
Q96HJ3,CCDC34,Coiled-coil domain-containing protein 34,1,9.8396555,9.3907745,0.448881,1.36498112343633,Up,0.545505264575598,0.728633996642495
Q6F5E8,CARMIL2,"Capping protein, Arp2/3 and myosin-I linker protein 2",4,12.081425,12.51891,-0.437485,0.738420750443756,Down,0.545510820908922,0.728633996642495
Q96N67,DOCK7,Dedicator of cytokinesis protein 7,28,13.70273,13.592665,0.110065000000001,1.07927686176042,Up,0.545727967820238,0.728776750722157
Q13206,DDX10,Probable ATP-dependent RNA helicase DDX10,22,18.12392,18.17164,-0.04772,0.967464077993552,Down,0.545981983807414,0.728906495451523
Q9P0V3,SH3BP4,SH3 domain-binding protein 4,17,14.359925,14.31218,0.047744999999999,1.0336480201969,Up,0.546117276430311,0.728906495451523
Q5SRI9,MANEA,"Glycoprotein endo-alpha-1,2-mannosidase",2,11.170815,10.915895,0.254920000000002,1.19326957228192,Up,0.54615599417097,0.728906495451523
Q9UM13,ANAPC10,Anaphase-promoting complex subunit 10,8,13.549765,13.417715,0.13205,1.09584974504762,Up,0.546550216283572,0.729267513335777
Q96SC8,DMRTA2,Doublesex- and mab-3-related transcription factor A2,2,10.733945,11.0286,-0.294655,0.815267268665572,Down,0.546647187330223,0.729267513335777
P42696,RBM34,RNA-binding protein 34,20,15.035085,15.11846,-0.083375,0.943847052916232,Down,0.54791080755056,0.730805757235449
Q14573,ITPR3,"Inositol 1,4,5-trisphosphate-gated calcium channel ITPR3",57,15.228165,15.200935,0.0272299999999994,1.01905364512432,Up,0.548599761572664,0.731577042823595
Q9NRP0,OSTC,Oligosaccharyltransferase complex subunit OSTC,1,12.269595,11.84807,0.421525000000001,1.339342558,Up,0.549863316605553,0.733114113263284
O95271,TNKS,Poly [ADP-ribose] polymerase tankyrase-1,4,12.83974,12.60385,0.235889999999998,1.17763299614281,Up,0.55006118003765,0.73322999977185
Q86YM7,HOMER1,Homer protein homolog 1,7,14.390425,14.35278,0.0376450000000013,1.02643694212782,Up,0.550448439220389,0.733598252633102
Q9NXC5,MIOS,GATOR2 complex protein MIOS,17,13.879825,13.98087,-0.101045,0.932357404242504,Down,0.550997446147545,0.734079862139532
Q9NTJ5,SACM1L,Phosphatidylinositol-3-phosphatase SAC1,12,15.394405,15.45361,-0.059205,0.959792869415963,Down,0.551031955829054,0.734079862139532
Q8IXM6,NRM,Nurim,5,13.154115,12.901975,0.252140000000001,1.19097241644169,Up,0.551321279986281,0.734317279207846
Q13362,PPP2R5C,Serine/threonine-protein phosphatase 2A 56 kDa regulatory subunit gamma isoform,7,14.948305,14.88208,0.0662250000000029,1.04697355326498,Up,0.55151447478214,0.734426589529551
P46977,STT3A,Dolichyl-diphosphooligosaccharide--protein glycosyltransferase subunit STT3A,16,14.59091,14.552995,0.0379150000000017,1.02662905750999,Up,0.552046067016465,0.73484503592376
A1X283,SH3PXD2B,SH3 and PX domain-containing protein 2B,6,11.737325,11.84872,-0.111395,0.925692539564283,Down,0.552051082366692,0.73484503592376
Q9H1K1,ISCU,Iron-sulfur cluster assembly enzyme ISCU,3,12.052075,11.83792,0.214154999999998,1.16002427828213,Up,0.552230906114088,0.734936379079342
P34931,HSPA1L,Heat shock 70 kDa protein 1-like,5,17.37722,17.45774,-0.08052,0.945716714432467,Down,0.552850238658849,0.735356944830305
Q13247,SRSF6,Serine/arginine-rich splicing factor 6,13,17.894625,17.93998,-0.045355,0.969051335798636,Down,0.552876065343583,0.735356944830305
Q9H160,ING2,Inhibitor of growth protein 2,1,13.52136,13.438735,0.0826249999999984,1.05894304763728,Up,0.552880717031591,0.735356944830305
O15085,ARHGEF11,Rho guanine nucleotide exchange factor 11,10,17.41839,17.53107,-0.11268,0.924868397739496,Down,0.553246854032237,0.735695866860976
Q96QG7,MTMR9,Myotubularin-related protein 9,4,14.48517,14.63421,-0.14904,0.901850373433864,Down,0.553797969848992,0.73628058393321
Q16512,PKN1,Serine/threonine-protein kinase N1,9,11.307435,11.46122,-0.153785,0.89888907505186,Down,0.554273184224105,0.736764174283409
P08243,ASNS,Asparagine synthetase [glutamine-hydrolyzing],11,14.192655,14.377385,-0.18473,0.879813717423014,Down,0.554560559321255,0.736997936166132
O14657,TOR1B,Torsin-1B,4,10.432935,10.760205,-0.32727,0.79704329613679,Down,0.555105350348074,0.737548139752968
Q16656,NRF1,Nuclear respiratory factor 1,9,14.3592,14.391245,-0.032045,0.978032966535865,Down,0.555290239709378,0.737548139752968
O15372,EIF3H,Eukaryotic translation initiation factor 3 subunit H,9,16.206105,16.115945,0.0901600000000009,1.06448823142983,Up,0.555370806114703,0.737548139752968
Q8IUX1,TMEM126B,"Complex I assembly factor TMEM126B, mitochondrial",3,10.747035,10.92302,-0.175985,0.885162967754934,Down,0.55542095499327,0.737548139752968
Q96PV6,LENG8,Leukocyte receptor cluster member 8,12,12.52627,12.47347,0.0528000000000013,1.03727612959296,Up,0.555541897464952,0.737560546473658
O43719,HTATSF1,17S U2 SnRNP complex component HTATSF1,28,15.43201,15.38705,0.0449599999999997,1.03165457536642,Up,0.55582247570091,0.737648708162461
Q8TBF4,ZCRB1,Zinc finger CCHC-type and RNA-binding motif-containing protein 1,5,14.817295,14.71555,0.101744999999999,1.07307060168549,Up,0.555831527712068,0.737648708162461
Q9BVM2,DPCD,Protein DPCD,2,13.356405,12.83103,0.525374999999999,1.43930765090762,Up,0.556388154761552,0.738075487141239
Q9GZU8,PSME3IP1,PSME3-interacting protein,3,10.89501,11.143195,-0.248185,0.841954980922355,Down,0.55649849122149,0.738075487141239
Q9Y263,PLAA,Phospholipase A-2-activating protein,10,13.86538,14.07374,-0.20836,0.865520562641281,Down,0.556567818199693,0.738075487141239
Q13670,PMS2P11,Putative postmeiotic segregation increased 2-like protein 11,1,11.04744,11.294935,-0.247495,0.842357760351269,Down,0.556599822652736,0.738075487141239
Q70E73,RAPH1,Ras-associated and pleckstrin homology domains-containing protein 1,11,13.200145,13.32777,-0.127625,0.915337060947472,Down,0.556893378641294,0.738316617741286
Q99700,ATXN2,Ataxin-2,13,13.87092,13.91246,-0.04154,0.971617244084231,Down,0.557051105524923,0.738377608586887
P51636,CAV2,Caveolin-2,1,9.8269405,9.2144485,0.612492,1.52889782946975,Up,0.557343359951348,0.738616857011923
O75330,HMMR,Hyaluronan mediated motility receptor,11,12.4096,12.06334,0.346260000000001,1.27126077307587,Up,0.557743954897136,0.73883155065934
Q9Y6Q9,NCOA3,Nuclear receptor coactivator 3,15,13.05206,13.15203,-0.09997,0.933052393614158,Down,0.557759936890821,0.73883155065934
P51452,DUSP3,Dual specificity protein phosphatase 3,3,11.302485,11.74601,-0.443525,0.735335733890973,Down,0.557880894060521,0.73883155065934
O75175,CNOT3,CCR4-NOT transcription complex subunit 3,10,15.48886,15.56324,-0.07438,0.949750189593248,Down,0.557952529783744,0.73883155065934
Q9Y330,ZBTB12,Zinc finger and BTB domain-containing protein 12,1,9.30246,9.5160675,-0.2136075,0.862378131931269,Down,0.558599182534319,0.739539662934558
P62244,RPS15A,Small ribosomal subunit protein uS8,7,15.98533,15.919925,0.0654050000000002,1.04637864280022,Up,0.55898053106332,0.739896320808628
P25800,LMO1,Rhombotin-1,4,14.11592,14.412025,-0.296105,0.814448284997191,Down,0.559181657013203,0.740014331437777
O94953,KDM4B,Lysine-specific demethylase 4B,17,14.47535,14.413335,0.0620149999999988,1.04392278124728,Up,0.559445076170126,0.740121109245598
P46779,RPL28,Large ribosomal subunit protein eL28,5,16.355295,16.517655,-0.16236,0.893562161301491,Down,0.559486315901197,0.740121109245598
P15848,ARSB,Arylsulfatase B,1,9.350884,8.943844,0.40704,1.32596252327639,Up,0.560082146338699,0.74065795813459
Q7L590,MCM10,Protein MCM10 homolog,19,13.584175,13.503595,0.0805799999999994,1.05744307405606,Up,0.56015566970233,0.74065795813459
A6NDU8,RIMOC1,RAB7A-interacting MON1-CCZ1 complex subunit 1,2,11.356345,11.770015,-0.41367,0.750711245736096,Down,0.56022834509227,0.74065795813459
Q96HE7,ERO1A,ERO1-like protein alpha,9,12.32395,12.377795,-0.053845,0.963365390330985,Down,0.560541757854594,0.740924095532203
Q8IWZ3,ANKHD1,Ankyrin repeat and KH domain-containing protein 1,11,10.79518,10.574825,0.220355,1.16502022452268,Up,0.560734104990967,0.74103013395027
P21580,TNFAIP3,Tumor necrosis factor alpha-induced protein 3,6,11.00953,10.72939,0.280140000000003,1.21431271631871,Up,0.561173649492858,0.741462744801739
Q9HCX3,ZNF304,Zinc finger protein 304,3,10.199175,10.260375,-0.0612,0.958466557604175,Down,0.561873270838537,0.74223874614669
Q7KZN9,COX15,Heme A synthase COX15,3,12.34064,12.257185,0.0834550000000007,1.05955244572945,Up,0.562272972902303,0.742618320925523
Q13427,PPIG,Peptidyl-prolyl cis-trans isomerase G,9,14.863665,14.785455,0.0782099999999986,1.05570737617853,Up,0.562522802390136,0.742799840358923
P05109,S100A8,Protein S100-A8,1,10.537633,10.216851,0.320781999999999,1.24900737877774,Up,0.563037274041152,0.742857353191642
Q9BV68,RNF126,E3 ubiquitin-protein ligase RNF126,2,13.304635,12.88158,0.423055000000002,1.34076370466803,Up,0.563080626308316,0.742857353191642
Q9NVT9,ARMC1,Armadillo repeat-containing protein 1,6,12.497345,12.470725,0.0266199999999994,1.01862286016475,Up,0.563116649109065,0.742857353191642
Q16666,IFI16,Gamma-interferon-inducible protein 16,3,13.11955,13.220055,-0.100505,0.932706450451588,Down,0.56312374824289,0.742857353191642
Q6ZNJ1,NBEAL2,Neurobeachin-like protein 2,4,10.84989,11.502935,-0.653045,0.635936667165573,Down,0.563158495652471,0.742857353191642
Q12947,FOXF2,Forkhead box protein F2,2,11.95407,12.141175,-0.187105,0.878366537996576,Down,0.563240762118826,0.742857353191642
Q13470,TNK1,Non-receptor tyrosine-protein kinase TNK1,3,11.13714,11.34056,-0.20342,0.868489312158397,Down,0.563594324281114,0.743136186293107
Q86U90,YRDC,Threonylcarbamoyl-AMP synthase,5,13.6441,13.80582,-0.16172,0.893958646097497,Down,0.563677061868262,0.743136186293107
Q9NR56,MBNL1,Muscleblind-like protein 1,9,16.73894,16.831185,-0.092245,0.938061880311289,Down,0.563806517715344,0.743158611005327
O76041,NEBL,Nebulette,2,11.40592,11.177655,0.228264999999999,1.17142533355249,Up,0.563937053575093,0.743171936791275
Q9NX14,NDUFB11,"NADH dehydrogenase [ubiquinone] 1 beta subcomplex subunit 11, mitochondrial",3,13.407735,13.3206,0.087135,1.06225858255292,Up,0.564153806680386,0.743171936791275
Q9NY74,ETAA1,Ewing's tumor-associated antigen 1,2,9.6238305,9.8652075,-0.241377,0.845937510296327,Down,0.564220078283488,0.743171936791275
Q9NZN4,EHD2,EH domain-containing protein 2,18,13.16298,13.21349,-0.05051,0.965594925890325,Down,0.564423660010489,0.743171936791275
P51825,AFF1,AF4/FMR2 family member 1,18,13.650815,13.736935,-0.08612,0.942052912887449,Down,0.564429479276529,0.743171936791275
Q8N5M4,TTC9C,Tetratricopeptide repeat protein 9C,4,13.309575,13.419445,-0.10987,0.926671559699615,Down,0.564491318307188,0.743171936791275
P00734,F2,Prothrombin,3,10.86046,11.204105,-0.343645,0.788047774941653,Down,0.564812632256598,0.74344686050266
P20618,PSMB1,Proteasome subunit beta type-1,7,14.18505,14.085225,0.0998249999999992,1.07164346348904,Up,0.564973698964976,0.743510787825474
Q13185,CBX3,Chromobox protein homolog 3,6,17.249135,17.19622,0.0529149999999987,1.03735881616631,Up,0.565322879520703,0.743822200030326
Q68DH5,LMBRD2,G-protein coupled receptor-associated protein LMBRD2,4,13.09369,13.21601,-0.12232,0.918709084682098,Down,0.565539407631289,0.743958985874838
Q86Y07,VRK2,Serine/threonine-protein kinase VRK2,17,15.543715,15.49942,0.0442949999999982,1.03117915112049,Up,0.565739202114816,0.743968794054165
Q9NWX5,ASB6,Ankyrin repeat and SOCS box protein 6,1,9.41076,9.00214,0.408619999999999,1.32741547649998,Up,0.565772001651722,0.743968794054165
Q6IEG0,SNRNP48,U11/U12 small nuclear ribonucleoprotein 48 kDa protein,8,13.076,12.869605,0.206395000000001,1.15380146473967,Up,0.565923817572049,0.744020391950203
Q9UKN8,GTF3C4,General transcription factor 3C polypeptide 4,47,16.203835,16.181045,0.022789999999997,1.01592225366489,Up,0.566166237083247,0.744046902094776
Q969X1,TMBIM1,Protein lifeguard 3,1,9.559641,10.065393,-0.505752,0.70429317139964,Down,0.566169143688096,0.744046902094776
O15228,GNPAT,Dihydroxyacetone phosphate acyltransferase,9,12.108325,12.205905,-0.09758,0.934599389553847,Down,0.566967111487759,0.744742931733289
P61966,AP1S1,AP-1 complex subunit sigma-1A,2,12.84369,12.77617,0.0675199999999982,1.04791376544381,Up,0.567086675367014,0.744742931733289
Q16630,CPSF6,Cleavage and polyadenylation specificity factor subunit 6,16,17.41413,17.366685,0.0474449999999997,1.03343310147995,Up,0.567134099917909,0.744742931733289
P07951,TPM2,Tropomyosin beta chain,4,14.24684,14.20216,0.0446799999999996,1.03145437002623,Up,0.56714951965708,0.744742931733289
Q16775,HAGH,"Hydroxyacylglutathione hydrolase, mitochondrial",2,10.540775,10.94677,-0.405995,0.754715599900698,Down,0.567452262451481,0.744795477746528
Q7L622,G2E3,G2/M phase-specific E3 ubiquitin-protein ligase,2,11.047331,10.073706,0.973625,1.96376868140949,Up,0.567535120195373,0.744795477746528
P84085,ARF5,ADP-ribosylation factor 5,8,15.01179,15.098765,-0.086975,0.941494779261143,Down,0.567560237755205,0.744795477746528
Q92796,DLG3,Disks large homolog 3,7,11.809555,11.6356,0.173954999999999,1.12814694817327,Up,0.567640311909405,0.744795477746528
Q9H0W8,SMG9,Nonsense-mediated mRNA decay factor SMG9,6,11.09514,10.986735,0.108405000000001,1.07803573372854,Up,0.567785321056825,0.744837869564224
Q9HCP0,CSNK1G1,Casein kinase I isoform gamma-1,1,9.026908,8.5590505,0.467857499999997,1.38305401321552,Up,0.568086754568975,0.745085406022297
Q9H6E4,CCDC134,Coiled-coil domain-containing protein 134,3,13.68999,13.844855,-0.154865,0.898216419435671,Down,0.568270218827093,0.745178150045289
Q6PIJ6,FBXO38,F-box only protein 38,18,13.15075,13.22761,-0.07686,0.948118966703034,Down,0.568718044493995,0.745543010975177
Q9NRX1,PNO1,RNA-binding protein PNO1,8,14.60294,14.492225,0.110714999999999,1.07976323483278,Up,0.568851701144724,0.745543010975177
Q9ULI0,ATAD2B,ATPase family AAA domain-containing protein 2B,7,10.714095,10.564995,0.149100000000001,1.10887750247076,Up,0.568886882183056,0.745543010975177
P06732,CKM,Creatine kinase M-type,1,10.590885,10.8312,-0.240315,0.846560453019819,Down,0.569147276119975,0.745677470392635
Q9HD26,GOPC,Golgi-associated PDZ and coiled-coil motif-containing protein,6,11.656715,11.57363,0.0830850000000005,1.05928074302953,Up,0.569264926930693,0.745677470392635
A0MZ66,SHTN1,Shootin-1,9,12.892675,12.96992,-0.077245,0.947865983854634,Down,0.569429365479744,0.745677470392635
O00592,PODXL,Podocalyxin,8,15.26461,15.344475,-0.079865,0.946146178088402,Down,0.5694407918099,0.745677470392635
Q9NV96,TMEM30A,Cell cycle control protein 50A,3,10.26786,10.490875,-0.223015,0.856773046674936,Down,0.570702428400367,0.747026121162764
Q9UBW8,COPS7A,COP9 signalosome complex subunit 7a,8,13.82645,13.65091,0.17554,1.12938705468685,Up,0.570745792386625,0.747026121162764
Q9NTW7,ZFP64,Zinc finger protein 64,11,12.715595,12.750175,-0.03458,0.976315946279029,Down,0.57080979147707,0.747026121162764
P0DMV8,HSPA1A,Heat shock 70 kDa protein 1A,17,17.849735,17.887655,-0.03792,0.974058280305759,Down,0.571800931657197,0.748165275665451
P07602,PSAP,Prosaposin,10,12.200675,12.37504,-0.174365,0.886157474124262,Down,0.572031077571985,0.748165275665451
Q86SZ2,TRAPPC6B,Trafficking protein particle complex subunit 6B,2,10.600287,10.183303,0.416983999999999,1.3351334961095,Up,0.57212017918289,0.748165275665451
P52333,JAK3,Tyrosine-protein kinase JAK3,1,15.143285,15.03932,0.103964999999999,1.07472309959421,Up,0.572133046332757,0.748165275665451
Q68EM7,ARHGAP17,Rho GTPase-activating protein 17,12,12.72658,12.655445,0.0711349999999999,1.05054284382087,Up,0.572359093957985,0.748234727668979
Q13618,CUL3,Cullin-3,28,14.59855,14.536165,0.062384999999999,1.04419054467076,Up,0.572444970325629,0.748234727668979
Q96A49,SYAP1,Synapse-associated protein 1,2,9.964373,10.276582,-0.312209,0.805407605000713,Down,0.572533590170937,0.748234727668979
Q15633,TARBP2,RISC-loading complex subunit TARBP2,3,12.349065,12.516065,-0.167,0.89069290060668,Down,0.572639015365365,0.748234727668979
O95140,MFN2,Mitofusin-2,11,11.819095,11.872955,-0.05386,0.963355374072992,Down,0.573081091055967,0.748524146238685
Q8N531,FBXL6,F-box/LRR-repeat protein 6,11,14.29902,14.25101,0.0480099999999997,1.0338379022414,Up,0.573087029802957,0.748524146238685
P0DTL6,ZFTRAF1,Zinc finger TRAF-type-containing protein 1,3,10.645275,10.353545,0.291729999999999,1.22410727960409,Up,0.573312476847839,0.748670649967865
Q8NI27,THOC2,THO complex subunit 2,54,17.12213,17.088385,0.0337449999999997,1.02366594888968,Up,0.573844302515549,0.749217106939009
Q8N0S6,CENPL,Centromere protein L,3,10.475915,10.31246,0.163455000000001,1.11996605005696,Up,0.57397612691394,0.749241205367218
Q15773,MLF2,Myeloid leukemia factor 2,3,11.567925,12.02224,-0.454315,0.729856630038207,Down,0.57437490343559,0.749613692102253
Q7L273,KCTD9,BTB/POZ domain-containing protein KCTD9,6,13.67388,14.00529,-0.33141,0.794759355917122,Down,0.574576342471482,0.749728538478583
Q86VZ6,JAZF1,Juxtaposed with another zinc finger protein 1,3,14.268635,14.449645,-0.18101,0.882085251026938,Down,0.574882690514603,0.749869623492633
Q86X83,COMMD2,COMM domain-containing protein 2,1,10.465155,9.6572745,0.8078805,1.75063764616175,Up,0.574911390866572,0.749869623492633
Q9NUG6,PDRG1,p53 and DNA damage-regulated protein 1,2,10.129569,10.3356505,-0.2060815,0.866888590298763,Down,0.575159706349122,0.750045481306501
Q96H20,SNF8,Vacuolar-sorting protein SNF8,3,12.13106,12.2269,-0.09584,0.935727267551842,Down,0.575383127961606,0.750188812921337
P62277,RPS13,Small ribosomal subunit protein uS15,4,15.89182,15.99989,-0.10807,0.927828456861585,Down,0.575534056714341,0.750237589906327
P21549,AGXT,Alanine--glyoxylate aminotransferase,8,12.795055,13.5323,-0.737245,0.599883809632065,Down,0.575896133758368,0.750561535793542
P80217,IFI35,Interferon-induced 35 kDa protein,8,13.004255,12.906535,0.0977200000000007,1.07008099565664,Up,0.576059377343629,0.750562137263115
O00244,ATOX1,Copper transport protein ATOX1,2,10.271025,10.505,-0.233975,0.850288894320277,Down,0.576151498758462,0.750562137263115
Q12962,TAF10,Transcription initiation factor TFIID subunit 10,3,12.38667,12.184705,0.201965,1.15026398743371,Up,0.576237295275086,0.750562137263115
O43681,GET3,ATPase GET3,5,12.77946,12.98923,-0.20977,0.864675070150179,Down,0.576510867186447,0.750646494706751
P19440,GGT1,Putative glutathione hydrolase 3 proenzyme,2,9.685089,10.0986845,-0.4135955,0.750750013064113,Down,0.576606130451073,0.750646494706751
Q93099,HGD,"Homogentisate 1,2-dioxygenase",1,9.7967215,10.2018415,-0.40512,0.755173476605061,Down,0.576642798248778,0.750646494706751
Q8NBI6,XXYLT1,Xyloside xylosyltransferase 1,4,11.458525,11.13873,0.319795000000001,1.24815317975948,Up,0.576786798389183,0.750686087151262
Q9UGI8,TES,Testin,10,14.382845,14.30157,0.0812749999999998,1.05795260653794,Up,0.576932500352197,0.750727878485464
Q9H972,C14orf93,Uncharacterized protein C14orf93,7,12.132035,11.98477,0.147264999999999,1.10746798995597,Up,0.577399663744353,0.750985315116326
P08236,GUSB,Beta-glucuronidase,2,14.287675,13.89025,0.397425,1.31715488234435,Up,0.577447876402376,0.750985315116326
O15550,KDM6A,Lysine-specific demethylase 6A,19,14.17241,14.110135,0.0622749999999996,1.04411093215535,Up,0.577780516487716,0.750985315116326
Q9H0C5,BTBD1,BTB/POZ domain-containing protein 1,1,10.86874,11.2553,-0.38656,0.764951401888046,Down,0.577907501634533,0.750985315116326
Q15814,TBCC,Tubulin-specific chaperone C,4,17.621925,17.79873,-0.176805,0.884660001170062,Down,0.577928166789334,0.750985315116326
Q6ZMI0,PPP1R21,Protein phosphatase 1 regulatory subunit 21,1,8.9245,8.5449295,0.3795705,1.30095449489707,Up,0.577998448413083,0.750985315116326
Q9BVQ7,AFG2B,ATPase family gene 2 protein homolog B,10,12.16409,12.06909,0.0950000000000006,1.06806540804785,Up,0.578027310774369,0.750985315116326
Q9BRA0,NAA38,"N-alpha-acetyltransferase 38, NatC auxiliary subunit",1,8.796256,9.7208105,-0.9245545,0.526843180491198,Down,0.578039385383076,0.750985315116326
Q9Y672,ALG6,"Dolichyl pyrophosphate Man9GlcNAc2 alpha-1,3-glucosyltransferase",2,10.92789,10.81496,0.112930000000002,1.08142229127379,Up,0.578301011956989,0.751177552677622
Q9C0B0,UNK,RING finger protein unkempt homolog,1,9.036904,9.490577,-0.453673,0.730181488871955,Down,0.578828299515236,0.751260051709104
P51587,BRCA2,Breast cancer type 2 susceptibility protein,20,14.05812,14.19513,-0.13701,0.909401948284923,Down,0.57884449945822,0.751260051709104
Q9GZM7,TINAGL1,Tubulointerstitial nephritis antigen-like,2,9.025144,8.603484,0.421660000000001,1.33946789277392,Up,0.578845487879011,0.751260051709104
P06730,EIF4E,Eukaryotic translation initiation factor 4E,6,13.899545,13.99587,-0.096325,0.935412751013442,Down,0.578873591066479,0.751260051709104
Q9UK41,VPS28,Vacuolar protein sorting-associated protein 28 homolog,6,14.975335,14.896975,0.07836,1.05581714597362,Up,0.578932885966783,0.751260051709104
P19387,POLR2C,DNA-directed RNA polymerase II subunit RPB3,5,13.20668,13.124855,0.0818249999999985,1.05835600770407,Up,0.579414474718049,0.751737389754924
Q6PJ61,FBXO46,F-box only protein 46,4,13.441055,13.154315,0.28674,1.21988064568517,Up,0.57953909215206,0.751751493627667
Q9NTZ6,RBM12,RNA-binding protein 12,18,14.743225,14.76549,-0.022265,0.984685555298635,Down,0.579719051588157,0.751837364981579
Q15435,PPP1R7,Protein phosphatase 1 regulatory subunit 7,4,10.248908,10.8276715,-0.5787635,0.669537376292445,Down,0.579915906595897,0.751847163640274
Q9Y4X0,AMMECR1,Nuclear protein AMMECR1,3,12.350875,12.236145,0.11473,1.08277238599351,Up,0.579954129253763,0.751847163640274
Q8WUR7,C15orf40,UPF0235 protein C15orf40,1,9.5835435,9.2150735,0.368470000000002,1.2909829973275,Up,0.580262871803653,0.752099886203245
Q9BZL6,PRKD2,Serine/threonine-protein kinase D2,2,9.9877785,10.511042,-0.5232635,0.695796101129973,Down,0.580457677922867,0.752204861449456
Q9NZD8,SPG21,Maspardin,3,10.843515,11.12153,-0.278015,0.82472497372865,Down,0.580665439542454,0.752326581050006
Q8WUA7,TBC1D22A,TBC1 domain family member 22A,2,9.416901,9.1781565,0.238744499999999,1.17996535402314,Up,0.580963713341662,0.752451781631486
Q14451,GRB7,Growth factor receptor-bound protein 7,6,11.198445,11.325475,-0.12703,0.915714644469423,Down,0.580989777828034,0.752451781631486
Q9Y5J6,TIMM10B,Mitochondrial import inner membrane translocase subunit Tim10 B,2,8.667492,8.973747,-0.306255,0.808738389170674,Down,0.581799679134875,0.753336384103098
P27449,ATP6V0C,V-type proton ATPase 16 kDa proteolipid subunit c,1,11.22998,10.851035,0.378945,1.30039057069032,Up,0.581900777855396,0.753336384103098
Q6PJI9,WDR59,GATOR2 complex protein WDR59,8,11.929395,12.13974,-0.210345,0.864330514242766,Down,0.582075914717225,0.753415534736807
P53041,PPP5C,Serine/threonine-protein phosphatase 5,6,11.729495,11.60093,0.128565,1.09320578544497,Up,0.582478509389645,0.7534765271248
O15047,SETD1A,Histone-lysine N-methyltransferase SETD1A,25,13.942105,13.87826,0.0638449999999988,1.04524779503523,Up,0.582554884773791,0.7534765271248
Q7Z478,DHX29,ATP-dependent RNA helicase DHX29,15,13.444245,13.382045,0.0621999999999971,1.04405665437504,Up,0.58256715407365,0.7534765271248
P42338,PIK3CB,"Phosphatidylinositol 4,5-bisphosphate 3-kinase catalytic subunit beta isoform",2,12.13583,11.951945,0.183885000000002,1.13593871331533,Up,0.582579066970454,0.7534765271248
O75822,EIF3J,Eukaryotic translation initiation factor 3 subunit J,6,14.629595,14.576915,0.0526799999999987,1.03718985497811,Up,0.582806983482026,0.753488741032531
Q9Y2R9,MRPS7,Small ribosomal subunit protein uS7m,9,13.44588,13.36424,0.0816400000000002,1.05822030105593,Up,0.582816529604826,0.753488741032531
P31949,S100A11,Protein S100-A11,4,14.638915,14.947515,-0.3086,0.807424909192984,Down,0.583129610548522,0.753684855242326
P10619,CTSA,Lysosomal protective protein,4,12.421135,12.31011,0.111025,1.07999527456272,Up,0.583305672745739,0.753684855242326
Q96PY5,FMNL2,Formin-like protein 2,8,10.97561,11.18842,-0.21281,0.862854973303629,Down,0.583310339622409,0.753684855242326
Q9Y3E5,PTRH2,"Peptidyl-tRNA hydrolase 2, mitochondrial",3,12.576325,12.429445,0.146879999999999,1.10717248863551,Up,0.583622078666461,0.753925656356312
P40938,RFC3,Replication factor C subunit 3,17,15.726465,15.751115,-0.02465,0.983059061234195,Down,0.583724857554131,0.753925656356312
A1L390,PLEKHG3,Pleckstrin homology domain-containing family G member 3,9,12.270075,12.135465,0.13461,1.09779600933028,Up,0.584321499287838,0.754548677881037
Q6IQ22,RAB12,Ras-related protein Rab-12,7,12.140295,11.980945,0.15935,1.11678386257577,Up,0.584512010749409,0.754548677881037
O00754,MAN2B1,Lysosomal alpha-mannosidase,2,10.694895,11.143025,-0.44813,0.732992326315326,Down,0.584549739862446,0.754548677881037
Q9NUK0,MBNL3,Muscleblind-like protein 3,2,12.88513,12.62503,0.2601,1.19756171039444,Up,0.584776213392295,0.754693613417239
Q9HBL0,TNS1,Tensin-1,40,13.653065,13.623725,0.0293399999999995,1.02054514282601,Up,0.585360938367459,0.755160577548832
Q8IXQ4,GPALPP1,GPALPP motifs-containing protein 1,5,11.146045,11.26881,-0.122765,0.91842575210913,Down,0.585366566618651,0.755160577548832
Q16698,DECR1,"2,4-dienoyl-CoA reductase [(3E)-enoyl-CoA-producing], mitochondrial",14,14.668225,14.644685,0.0235400000000006,1.01645052870198,Up,0.585962483380755,0.755715787873038
P32320,CDA,Cytidine deaminase,1,11.928765,12.33941,-0.410645,0.752286966105348,Down,0.586177696162905,0.755715787873038
Q9Y478,PRKAB1,5'-AMP-activated protein kinase subunit beta-1,3,10.798015,10.700885,0.0971299999999999,1.06964346818885,Up,0.586214962093863,0.755715787873038
P10599,TXN,Thioredoxin,6,15.953215,16.010685,-0.05747,0.960947820601449,Down,0.586254326588753,0.755715787873038
Q96QT6,PHF12,PHD finger protein 12,23,15.547995,15.440005,0.107990000000001,1.07772567479265,Up,0.586638415979476,0.756063434323003
Q9H6H4,REEP4,Receptor expression-enhancing protein 4,4,13.73789,13.633535,0.104355,1.07501366596815,Up,0.58754797687262,0.757088044287609
L0R6Q1,SLC35A4,SLC35A4 upstream open reading frame protein,1,8.620408,9.0792465,-0.4588385,0.727571784023257,Down,0.587712365857437,0.757134253177535
P55061,TMBIM6,Bax inhibitor 1,3,11.82584,11.718275,0.107564999999999,1.07740823698358,Up,0.587839977078485,0.757134253177535
O95870,ABHD16A,Phosphatidylserine lipase ABHD16A,4,11.838735,11.59016,0.248574999999999,1.18803307374745,Up,0.587961242374767,0.757134253177535
O15235,MRPS12,Small ribosomal subunit protein uS12m,4,14.68308,14.502655,0.180425,1.13321766794766,Up,0.588042082245466,0.757134253177535
Q58A45,PAN3,PAN2-PAN3 deadenylation complex subunit PAN3,2,9.8665575,10.1688325,-0.302275,0.810972556924193,Down,0.588189023843395,0.757175936614919
P52435,POLR2J,DNA-directed RNA polymerase II subunit RPB11-a,2,12.40677,12.191455,0.215315,1.16095737172623,Up,0.588490854822862,0.757397738335272
Q9C0I1,MTMR12,Myotubularin-related protein 12,13,14.61337,14.754235,-0.140865,0.906975195047817,Down,0.588594792866993,0.757397738335272
Q9Y2D8,SSX2IP,Afadin- and alpha-actinin-binding protein,2,9.487526,9.7058005,-0.2182745,0.85959291688276,Down,0.588705126619502,0.757397738335272
Q12797,ASPH,Aspartyl/asparaginyl beta-hydroxylase,16,14.49544,14.470715,0.0247250000000001,1.01728576321174,Up,0.588961917635995,0.757580637146028
Q8IYB3,SRRM1,Serine/arginine repetitive matrix protein 1,11,14.93499,14.880385,0.0546049999999987,1.03857470973985,Up,0.58976094162185,0.758335677677882
P29372,MPG,DNA-3-methyladenine glycosylase,11,14.25247,14.27839,-0.02592,0.98219405815672,Down,0.589820455955437,0.758335677677882
Q4VC31,MIX23,Protein MIX23,5,14.695095,14.62208,0.0730149999999998,1.05191271610202,Up,0.589893133445603,0.758335677677882
Q9BVS5,TRMT61B,"tRNA (adenine(58)-N(1))-methyltransferase, mitochondrial",3,12.29182,11.90573,0.386089999999999,1.3068467766946,Up,0.590163249966888,0.758422450898159
O94915,FRYL,Protein furry homolog-like,17,11.74744,11.567485,0.179955,1.1328485493597,Up,0.590230869005332,0.758422450898159
O43819,SCO2,"Protein SCO2 homolog, mitochondrial",2,11.05065,10.790445,0.260205000000001,1.19764887265119,Up,0.590304900502365,0.758422450898159
Q2TB10,ZNF800,Zinc finger protein 800,8,15.281785,15.192125,0.0896599999999985,1.06411937184384,Up,0.590525301092448,0.758558156447034
Q9ULI4,KIF26A,Kinesin-like protein KIF26A,16,13.668505,13.50248,0.166024999999999,1.12196292249794,Up,0.590655234937794,0.758577622950618
Q14318,FKBP8,Peptidyl-prolyl cis-trans isomerase FKBP8,8,13.62994,13.677415,-0.047475,0.967628387719284,Down,0.590792043062034,0.758605908800657
Q9UBF2,COPG2,Coatomer subunit gamma-2,3,15.021795,15.391435,-0.36964,0.773975605119806,Down,0.59111965865302,0.758879142198486
Q8WYP5,AHCTF1,Protein ELYS,75,15.75339,15.78177,-0.02838,0.980520704811001,Down,0.591382682015628,0.759069362097744
Q8IWU2,LMTK2,Serine/threonine-protein kinase LMTK2,2,11.05093,11.461835,-0.410905,0.75215140246796,Down,0.591794589926907,0.759337415788074
P48651,PTDSS1,Phosphatidylserine synthase 1,5,12.681095,12.601065,0.0800299999999989,1.05704002086215,Up,0.591897732064689,0.759337415788074
Q8TCN5,ZNF507,Zinc finger protein 507,6,11.27718,11.36496,-0.08778,0.940969587265334,Down,0.591936203077646,0.759337415788074
P43250,GRK6,G protein-coupled receptor kinase 6,3,9.97815,10.21367,-0.23552,0.849378796809229,Down,0.592192463367985,0.759430526891352
Q8NCK3,ZNF485,Zinc finger protein 485,2,12.487825,12.10935,0.378475000000002,1.29996699952228,Up,0.592282024490819,0.759430526891352
Q8N2G8,GHDC,GH3 domain-containing protein,3,15.55352,15.913905,-0.360385,0.778956678245532,Down,0.592353512804497,0.759430526891352
Q9NZJ6,COQ3,"Ubiquinone biosynthesis O-methyltransferase, mitochondrial",2,9.5670015,9.9848965,-0.417895,0.748515968745952,Down,0.592910220341725,0.75973482451234
Q5W0V3,FHIP2A,FHF complex subunit HOOK interacting protein 2A,3,9.60478,9.9785865,-0.3738065,0.771743589909622,Down,0.592924046606571,0.75973482451234
P49407,ARRB1,Beta-arrestin-1,12,13.18941,13.062615,0.126794999999998,1.09186538592235,Up,0.592935727770411,0.75973482451234
Q9UKU7,ACAD8,"Isobutyryl-CoA dehydrogenase, mitochondrial",2,11.26975,11.16118,0.10857,1.07815903495519,Up,0.593189471368807,0.75991262187952
P78318,IGBP1,Immunoglobulin-binding protein 1,6,15.90439,15.997885,-0.093495,0.937249463630409,Down,0.593468624501296,0.759956131314933
Q04726,TLE3,Transducin-like enhancer protein 3,14,13.342115,13.47976,-0.137645,0.909001764494778,Down,0.593525166688933,0.759956131314933
Q9H5X1,CIAO2A,Cytosolic iron-sulfur assembly component 2A,3,9.744246,9.892522,-0.148276,0.902328087806309,Down,0.593678590704061,0.759956131314933
Q9P2L0,WDR35,WD repeat-containing protein 35,7,13.71953,13.809875,-0.090345,0.939298102572688,Down,0.593683387196096,0.759956131314933
Q6P587,FAHD1,"Oxaloacetate tautomerase FAHD1, mitochondrial",8,14.94203,14.98616,-0.04413,0.969874511852252,Down,0.594043861138454,0.760223798796471
Q9Y5J9,TIMM8B,Mitochondrial import inner membrane translocase subunit Tim8 B,3,10.829005,10.900805,-0.0718,0.951450166189706,Down,0.594122548159143,0.760223798796471
Q96T76,MMS19,MMS19 nucleotide excision repair protein homolog,7,11.16007,11.450155,-0.290085,0.817853871224337,Down,0.595743834621375,0.762150794233966
Q5BJF2,TMEM97,Sigma intracellular receptor 2,2,13.39942,13.168265,0.231154999999999,1.17377427924873,Up,0.596420958960119,0.76286938605911
O14939,PLD2,Phospholipase D2,3,10.466075,10.92017,-0.454095,0.729967936099027,Down,0.596889571634458,0.763288735714011
O95825,CRYZL1,Quinone oxidoreductase-like protein 1,5,14.46936,14.67397,-0.20461,0.867773238331505,Down,0.596979796475371,0.763288735714011
O75352,MPDU1,Mannose-P-dolichol utilization defect 1 protein,1,11.86664,12.02905,-0.16241,0.89353119333349,Down,0.597141523364701,0.763347839055573
Q8N594,MPND,MPN domain-containing protein,1,12.38652,12.62838,-0.24186,0.845654346205546,Down,0.59742996264029,0.763568869288276
Q96DT7,ZBTB10,Zinc finger and BTB domain-containing protein 10,19,16.52058,16.481045,0.0395350000000008,1.02778250515051,Up,0.597766761239938,0.763851609635489
Q9BYN8,MRPS26,Small ribosomal subunit protein mS26,5,13.832685,13.559735,0.27295,1.20827596701029,Up,0.598016515731447,0.763858221199485
Q96IL0,COA8,Cytochrome c oxidase assembly factor 8,1,8.1105685,8.3339995,-0.223431,0.856526032444007,Down,0.59828777573662,0.763858221199485
O14662,STX16,Syntaxin-16,9,12.71323,12.53919,0.174039999999998,1.12821341774085,Up,0.598444794443138,0.763858221199485
P30825,SLC7A1,High affinity cationic amino acid transporter 1,1,10.7782,11.06162,-0.28342,0.821640954866906,Down,0.598509144476687,0.763858221199485
Q15013,MAD2L1BP,MAD2L1-binding protein,2,11.754725,11.796715,-0.04199,0.971314228155488,Down,0.59866521508136,0.763858221199485
Q8TDN4,CABLES1,CDK5 and ABL1 enzyme substrate 1,1,10.0322005,9.5547105,0.477490000000001,1.39231920177676,Up,0.598682349182346,0.763858221199485
Q9NQX3,GPHN,Gephyrin,7,16.1574,16.02938,0.128019999999999,1.09279288832213,Up,0.598764829606716,0.763858221199485
Q9Y5K6,CD2AP,CD2-associated protein,14,13.25137,13.32034,-0.06897,0.953318368780235,Down,0.599013743338214,0.763858221199485
Q8WXE9,STON2,Stonin-2,12,12.51816,12.46445,0.0537100000000006,1.03793061235579,Up,0.5990727750547,0.763858221199485
Q0PNE2,ELP6,Elongator complex protein 6,1,10.73368,10.384849,0.348831000000001,1.27352828309929,Up,0.599109818807072,0.763858221199485
P15586,GNS,N-acetylglucosamine-6-sulfatase,8,13.95282,13.84876,0.104059999999999,1.07479387134651,Up,0.59913406160555,0.763858221199485
Q8N5F7,NKAP,NF-kappa-B-activating protein,5,12.5215,12.44619,0.0753099999999982,1.0535874018862,Up,0.599158877091562,0.763858221199485
Q8IVH2,FOXP4,Forkhead box protein P4,7,12.972015,12.839315,0.132700000000002,1.09634358664308,Up,0.599307728109044,0.763900631643717
Q9H2J4,PDCL3,Phosducin-like protein 3,3,15.006595,14.818615,0.18798,1.13916758489666,Up,0.599803831670707,0.76438556180326
Q9BVC4,MLST8,Target of rapamycin complex subunit LST8,3,10.1432285,10.031597,0.1116315,1.08044939329004,Up,0.600075593375195,0.764499723693069
Q9UI43,MRM2,"rRNA methyltransferase 2, mitochondrial",4,11.23077,11.39089,-0.16012,0.89495062793148,Down,0.600124764188174,0.764499723693069
Q13643,FHL3,Four and a half LIM domains protein 3,1,10.724055,10.945205,-0.22115,0.857881330087818,Down,0.600538846522423,0.764879791225032
P82932,MRPS6,Small ribosomal subunit protein bS6m,6,14.225595,14.134735,0.0908599999999993,1.06500484966351,Up,0.600884554551015,0.765172583738891
Q8NB49,ATP11C,Phospholipid-transporting ATPase IG,5,13.982775,13.85238,0.130395,1.0945933523846,Up,0.601114515610983,0.765172583738891
Q15067,ACOX1,Peroxisomal acyl-coenzyme A oxidase 1,14,14.132495,14.174025,-0.04153,0.971623978845105,Down,0.601177699770265,0.765172583738891
Q9BY42,RTF2,Replication termination factor 2,9,13.943775,14.018675,-0.0749,0.949407926612595,Down,0.601231839515216,0.765172583738891
P05026,ATP1B1,Sodium/potassium-transporting ATPase subunit beta-1,5,13.376895,13.46323,-0.086335,0.941912532364021,Down,0.601533215926408,0.765209119985638
Q9BW72,HIGD2A,"HIG1 domain family member 2A, mitochondrial",1,10.811192,10.387695,0.423496999999998,1.34117453878776,Up,0.601620269821341,0.765209119985638
Q9UJZ1,STOML2,"Stomatin-like protein 2, mitochondrial",7,12.044865,11.935065,0.1098,1.07907863407245,Up,0.601776378285361,0.765209119985638
P61026,RAB10,Ras-related protein Rab-10,7,16.331225,16.398855,-0.06763,0.954204238641063,Down,0.601795074311831,0.765209119985638
Q92890,UFD1,Ubiquitin recognition factor in ER-associated degradation protein 1,8,17.716385,17.63726,0.0791250000000012,1.05637714949217,Up,0.601839462200839,0.765209119985638
Q9UHD9,UBQLN2,Ubiquilin-2,3,11.232815,11.34259,-0.109775,0.926732582087719,Down,0.602259305955271,0.765441423153063
Q14114,LRP8,Low-density lipoprotein receptor-related protein 8,3,12.46358,12.28533,0.17825,1.13151052169018,Up,0.602361822161068,0.765441423153063
Q13255,GRM1,Metabotropic glutamate receptor 1,1,13.9076,14.009005,-0.101405,0.932124779341335,Down,0.602369623516278,0.765441423153063
Q9P2Y5,UVRAG,UV radiation resistance-associated gene protein,4,10.626905,10.32301,0.303895000000001,1.23447275813622,Up,0.602715874936556,0.76559895713308
O95478,NSA2,Ribosome biogenesis protein NSA2 homolog,9,14.328515,14.40621,-0.077695,0.947570375174186,Down,0.60274000920035,0.76559895713308
Q16740,CLPP,"ATP-dependent Clp protease proteolytic subunit, mitochondrial",6,12.9136,12.8031,0.110499999999998,1.07960233333138,Up,0.60287390918407,0.76559895713308
Q5VYS8,TUT7,Terminal uridylyltransferase 7,8,11.720905,11.95988,-0.238975,0.847347118225546,Down,0.602956963516066,0.76559895713308
Q8TAT6,NPLOC4,Nuclear protein localization protein 4 homolog,15,14.596965,14.56446,0.0325050000000005,1.02278648344898,Up,0.60361607575412,0.766288637083937
Q5UCC4,EMC10,ER membrane protein complex subunit 10,4,12.58025,12.389365,0.190884999999998,1.14146371522932,Up,0.603963179683931,0.766353217555236
Q16774,GUK1,Guanylate kinase,1,8.609025,8.9619475,-0.3529225,0.782996356834885,Down,0.603968815294368,0.766353217555236
P60903,S100A10,Protein S100-A10,4,18.45423,18.30606,0.14817,1.10816292057244,Up,0.604014814683798,0.766353217555236
Q9UPT5,EXOC7,Exocyst complex component 7,19,14.20769,14.245595,-0.037905,0.974068407844668,Down,0.604258561594919,0.766376666637731
Q9H173,SIL1,Nucleotide exchange factor SIL1,1,9.885883,9.6097845,0.2760985,1.21091575639827,Up,0.604265215592255,0.766376666637731
Q99856,ARID3A,AT-rich interactive domain-containing protein 3A,2,8.568692,8.2243485,0.344343499999999,1.26957313039259,Up,0.60475211331339,0.766847029333882
Q2NKX8,ERCC6L,DNA excision repair protein ERCC-6-like,16,16.688675,16.75747,-0.068795,0.953434014033434,Down,0.605010737208492,0.767027807828683
Q96JJ7,TMX3,Protein disulfide-isomerase TMX3,4,11.162295,11.04718,0.115114999999999,1.08306137499306,Up,0.605463626289599,0.767454757604135
Q8TCF1,ZFAND1,AN1-type zinc finger protein 1,3,11.343695,11.5737,-0.230005,0.852631936765722,Down,0.605620109260527,0.767505906443494
Q96DM3,RMC1,Regulator of MON1-CCZ1 complex,9,11.518905,11.439435,0.0794700000000006,1.05662979727028,Up,0.605759919582342,0.767535910375709
Q04917,YWHAH,14-3-3 protein eta,10,16.896275,16.975715,-0.07944,0.946424942032769,Down,0.60607229339316,0.767784509686678
Q9H410,DSN1,Kinetochore-associated protein DSN1 homolog,9,12.88831,12.74536,0.142950000000001,1.10416057921035,Up,0.606354045215479,0.767843598587468
Q6NZ67,MZT2B,Mitotic-spindle organizing protein 2B,3,15.1635,15.27689,-0.11339,0.924413350076185,Down,0.606370702281426,0.767843598587468
Q9BTK6,PAGR1,PAXIP1-associated glutamate-rich protein 1,2,12.388605,12.439835,-0.05123,0.965113150550843,Down,0.606467481408168,0.767843598587468
Q9H840,GEMIN7,Gem-associated protein 7,2,11.404155,11.478915,-0.07476,0.949500062202824,Down,0.607100854235874,0.768498284934857
O43824,GTPBP6,Putative GTP-binding protein 6,2,11.02983,10.927645,0.102185,1.07339792177609,Up,0.60727588215157,0.768572635989989
Q9BWN1,PRR14,Proline-rich protein 14,5,12.42935,12.327265,0.102084999999999,1.07332352208031,Up,0.607589748817033,0.76868555360931
Q8NDX6,ZNF740,Zinc finger protein 740,7,13.267475,13.35286,-0.085385,0.94253297643499,Down,0.607636851868758,0.76868555360931
Q9HAU0,PLEKHA5,Pleckstrin homology domain-containing family A member 5,6,11.670105,11.56277,0.107334999999999,1.07723648610373,Up,0.607714028992078,0.76868555360931
Q9UJ70,NAGK,N-acetyl-D-glucosamine kinase,3,12.009025,12.134795,-0.12577,0.916514747339921,Down,0.60789571821302,0.768768236063883
P78368,CSNK1G2,Casein kinase I isoform gamma-2,2,11.057245,11.224315,-0.16707,0.890649684966011,Down,0.608344597789585,0.769129101698801
P52739,ZNF131,Zinc finger protein 131,17,13.91628,13.936705,-0.020425,0.985942215404834,Down,0.608413821104756,0.769129101698801
P07992,ERCC1,DNA excision repair protein ERCC-1,6,13.28003,13.11348,0.166550000000001,1.12237128164897,Up,0.609506528693834,0.770363099662946
Q9HBH5,RDH14,Retinol dehydrogenase 14,5,11.656895,11.53172,0.125174999999999,1.09064002010143,Up,0.609634708249116,0.770377779506388
Q9UEU0,VTI1B,Vesicle transport through interaction with t-SNAREs homolog 1B,2,11.03553,10.78633,0.249200000000002,1.18854786135645,Up,0.609785164122541,0.770420598295904
Q9H300,PARL,"Presenilin-associated rhomboid-like protein, mitochondrial",5,11.895365,11.80519,0.0901750000000003,1.06449929919261,Up,0.610017908547955,0.770567346634831
Q8NDX5,PHC3,Polyhomeotic-like protein 3,9,13.735315,13.76772,-0.032405,0.977788945497211,Down,0.610537765978233,0.771076647305588
Q9Y4D1,DAAM1,Disheveled-associated activator of morphogenesis 1,9,11.89445,11.711345,0.183104999999999,1.13532472858837,Up,0.610805511026514,0.771267409700847
Q6PH81,C16orf87,UPF0547 protein C16orf87,4,12.240745,12.359885,-0.11914,0.920736344057539,Down,0.61097672119999,0.7713362273946
P01861,IGHG4,Immunoglobulin heavy constant gamma 4,2,11.171985,10.595655,0.576329999999999,1.49105140876141,Up,0.611220758371782,0.771373664907302
Q13309,SKP2,S-phase kinase-associated protein 2,13,14.123335,14.072355,0.0509800000000009,1.03596840188893,Up,0.611239806796723,0.771373664907302
Q9NRV9,HEBP1,Heme-binding protein 1,4,13.05199,13.12521,-0.07322,0.950514144013883,Down,0.611872414337072,0.772024586932743
Q8N6M0,OTUD6B,Deubiquitinase OTUD6B,1,10.272994,9.8461605,0.426833500000001,1.34427984319999,Up,0.612000072968973,0.77203826727466
Q9BSF4,TIMM29,Mitochondrial import inner membrane translocase subunit Tim29,1,10.439571,10.0652465,0.3743245,1.29623248937245,Up,0.6124347841082,0.772439215299827
P61626,LYZ,Lysozyme C,2,10.2775685,10.758366,-0.4807975,0.716581399144222,Down,0.612775890122306,0.772721972489663
Q155Q3,DIXDC1,Dixin,9,13.204555,12.918205,0.286349999999999,1.21955092308993,Up,0.612999654335454,0.772758596940466
O95229,ZWINT,Outer kinetochore KNL1 complex subunit ZWINT,4,12.307215,12.248295,0.0589200000000005,1.04168566408817,Up,0.613113130812152,0.772758596940466
Q9NQ48,LZTFL1,Leucine zipper transcription factor-like protein 1,4,10.97564,10.77846,0.197180000000001,1.14645521600161,Up,0.613155709238281,0.772758596940466
Q70IA6,MOB2,MOB kinase activator 2,2,11.81178,12.1554,-0.34362,0.788061430887305,Down,0.613297184086038,0.772789530910319
O14646,CHD1,Chromodomain-helicase-DNA-binding protein 1,37,13.974815,14.01394,-0.039125,0.973245045247631,Down,0.614049473905505,0.773589968174129
P41229,KDM5C,Lysine-specific demethylase 5C,11,11.78965,11.71383,0.0758200000000002,1.05395991620509,Up,0.61474994402184,0.774324829434027
Q9HBM1,SPC25,Kinetochore protein Spc25,7,11.80809,11.89434,-0.08625,0.941968029140242,Down,0.614977571254386,0.774414183191488
Q5SXM2,SNAPC4,snRNA-activating protein complex subunit 4,11,12.93994,12.90539,0.0345499999999994,1.02423729696513,Up,0.615055234917857,0.774414183191488
Q9Y2Z2,MTO1,"Protein MTO1 homolog, mitochondrial",11,12.29778,12.384625,-0.086845,0.941579620362293,Down,0.615241329371467,0.774500942060195
Q9NZ71,RTEL1,Regulator of telomere elongation helicase 1,5,11.486425,11.321175,0.16525,1.12136037813933,Up,0.616092349983128,0.775424555520566
P38935,IGHMBP2,DNA-binding protein SMUBP-2,8,11.88146,11.77683,0.10463,1.0752185997395,Up,0.61625503529909,0.77548163143406
Q02446,SP4,Transcription factor Sp4,2,11.37414,10.91708,0.457060000000002,1.37274152078265,Up,0.616562911917899,0.775671522368429
P28340,POLD1,DNA polymerase delta catalytic subunit,30,14.389735,14.403415,-0.01368,0.990562561374693,Down,0.616640668561616,0.775671522368429
Q9Y623,MYH4,Myosin-4,1,9.172314,9.517655,-0.345341,0.787121907936228,Down,0.6168599564972,0.775709242627814
O00712,NFIB,Nuclear factor 1 B-type,5,13.550695,13.597135,-0.04644,0.968322820484963,Down,0.616948592548589,0.775709242627814
Q6IAN0,DHRS7B,Dehydrogenase/reductase SDR family member 7B,9,12.935405,12.82377,0.111635,1.0804520144798,Up,0.617024942158637,0.775709242627814
O00327,BMAL1,Basic helix-loop-helix ARNT-like protein 1,7,11.48006,11.378645,0.101415000000001,1.0728251771211,Up,0.617140141887887,0.775709242627814
Q9P260,RELCH,RAB11-binding protein RELCH,1,9.481755,9.0580965,0.423658499999998,1.34132468265446,Up,0.617519802198765,0.775919366955129
Q9UHC1,MLH3,DNA mismatch repair protein Mlh3,2,10.550495,10.49128,0.059215,1.04189868810375,Up,0.617542119864424,0.775919366955129
P18124,RPL7,Large ribosomal subunit protein uL30,15,17.831145,17.86248,-0.031335,0.978514408756519,Down,0.61816135463562,0.77654978003931
Q9NX63,CHCHD3,MICOS complex subunit MIC19,5,13.0407,12.98801,0.0526900000000019,1.03719704425527,Up,0.618757516449279,0.777150974194847
Q9BX63,BRIP1,Fanconi anemia group J protein,16,12.57877,12.638975,-0.060205,0.959127822209032,Down,0.618920668934669,0.777208189433636
Q9NXR7,BABAM2,BRISC and BRCA1-A complex member 2,11,13.565625,13.51296,0.0526650000000011,1.03717907115582,Up,0.619065317853107,0.777242151537079
Q07954,LRP1,Prolow-density lipoprotein receptor-related protein 1,10,11.64185,11.54881,0.0930400000000002,1.0666153532788,Up,0.619423385007305,0.777454958802001
Q5VT52,RPRD2,Regulation of nuclear pre-mRNA domain-containing protein 2,38,14.48371,14.464215,0.0194950000000009,1.01360461620868,Up,0.61947008822081,0.777454958802001
Q9BS16,CENPK,Centromere protein K,4,12.06102,11.98231,0.0787100000000009,1.05607331988373,Up,0.620002590341744,0.777975530580707
P03915,MT-ND5,NADH-ubiquinone oxidoreductase chain 5,3,11.55009,11.574425,-0.024335,0.983273727122797,Down,0.620241863669273,0.777989359880783
P31350,RRM2,Ribonucleoside-diphosphate reductase subunit M2,8,12.063045,11.91283,0.150214999999999,1.10973483980415,Up,0.620412263681452,0.777989359880783
P62424,RPL7A,Large ribosomal subunit protein eL8,11,17.36512,17.38627,-0.02115,0.985446872654543,Down,0.620472162497742,0.777989359880783
Q6IQ32,ADNP2,Activity-dependent neuroprotector homeobox protein 2,5,13.260095,13.167825,0.0922699999999992,1.06604622767296,Up,0.62052977098614,0.777989359880783
Q86YT6,MIB1,E3 ubiquitin-protein ligase MIB1,7,10.90415,11.226855,-0.322705,0.799569308305501,Down,0.620602194778558,0.777989359880783
Q9Y5B9,SUPT16H,FACT complex subunit SPT16,44,16.824635,16.83937,-0.014735,0.989838457207739,Down,0.6207413,0.778016167737505
Q969J3,BORCS5,BLOC-1-related complex subunit 5,6,11.063855,11.166395,-0.10254,0.931391744609237,Down,0.6214537875472,0.778761486897885
Q9BTA9,WAC,WW domain-containing adapter protein with coiled-coil,15,14.31281,14.23824,0.0745699999999996,1.05304712501841,Up,0.621773373073839,0.778874036439349
Q14974,KPNB1,Importin subunit beta-1,31,17.133075,17.09244,0.0406349999999982,1.02856644897642,Up,0.62191253842413,0.778874036439349
Q9P107,GMIP,GEM-interacting protein,11,12.55886,12.45231,0.106549999999999,1.07665049904697,Up,0.62207823061187,0.778874036439349
Q13433,SLC39A6,Zinc transporter ZIP6,3,10.56938,10.83464,-0.26526,0.832048770811323,Down,0.622081090027996,0.778874036439349
Q15543,TAF13,Transcription initiation factor TFIID subunit 13,1,12.08405,11.93722,0.146830000000001,1.10713411762599,Up,0.622132854949814,0.778874036439349
Q96NW4,ANKRD27,Ankyrin repeat domain-containing protein 27,2,11.594405,11.933465,-0.33906,0.790556237610619,Down,0.622416117864526,0.7790810838952
Q06609,RAD51,DNA repair protein RAD51 homolog 1,5,13.65953,13.55196,0.107569999999999,1.07741197100246,Up,0.622861586651759,0.779374595651644
P27824,CANX,Calnexin,18,15.376265,15.421445,-0.04518,0.969168889588386,Down,0.622886460013918,0.779374595651644
Q96S97,MYADM,Myeloid-associated differentiation marker,3,12.73634,12.461605,0.274735,1.2097718530728,Up,0.623474395494096,0.779934005274167
Q9Y291,MRPS33,Small ribosomal subunit protein mS33,1,13.028075,12.879105,0.148970000000002,1.1087775869816,Up,0.623674115066623,0.779934005274167
Q86TB9,PATL1,Protein PAT1 homolog 1,11,13.32811,13.407795,-0.079685,0.946264232792916,Down,0.623749942552193,0.779934005274167
P60033,CD81,CD81 antigen,1,11.64695,11.352315,0.294635,1.22657461618599,Up,0.623817522130053,0.779934005274167
Q8N442,GUF1,"Translation factor GUF1, mitochondrial",2,9.7936505,9.930725,-0.1370745,0.909361291657697,Down,0.623923602040327,0.779934005274167
Q99798,ACO2,"Aconitate hydratase, mitochondrial",17,13.797225,13.901185,-0.10396,0.930475455602925,Down,0.624330369725817,0.780137015080846
Q86WZ6,ZNF227,Zinc finger protein 227,1,11.08123,10.8114,0.269830000000001,1.20566574967148,Up,0.62433459816082,0.780137015080846
Q9BV81,EMC6,ER membrane protein complex subunit 6,2,13.519415,13.26336,0.256055,1.19420871313892,Up,0.624440128578858,0.780137015080846
O00562,PITPNM1,Membrane-associated phosphatidylinositol transfer protein 1,7,11.796805,11.52589,0.270914999999999,1.20657282935939,Up,0.624600248242272,0.780189574869245
Q8IYD8,FANCM,Fanconi anemia group M protein,13,12.530845,12.64955,-0.118705,0.921014005438931,Down,0.624885492575827,0.780344657584983
B9A064,IGLL5,Immunoglobulin lambda-like polypeptide 5,2,11.893055,11.62398,0.269075000000001,1.20503495836027,Up,0.624960549644018,0.780344657584983
Q5PRF9,SAMD4B,Protein Smaug homolog 2,8,12.268845,12.198405,0.0704399999999996,1.05003688003834,Up,0.625268286203838,0.780520881834192
Q5T749,KPRP,Keratinocyte proline-rich protein,4,10.988705,11.542795,-0.55409,0.681086527606365,Down,0.625394367563714,0.780520881834192
Q8N5M9,JAGN1,Protein jagunal homolog 1,1,13.53784,13.416115,0.121724999999998,1.08803502559023,Up,0.62545598278013,0.780520881834192
Q5M775,SPECC1,Cytospin-B,13,15.11066,15.006255,0.104405,1.07505092374835,Up,0.62573706746021,0.780724236142067
O95298,NDUFC2,NADH dehydrogenase [ubiquinone] 1 subunit C2,6,14.815415,14.95022,-0.134805,0.910792931415347,Down,0.62597500860373,0.780873694198198
Q658Y4,FAM91A1,Protein FAM91A1,10,12.021325,12.07617,-0.054845,0.962697867699268,Down,0.62686617472509,0.781837808786209
Q9NZ08,ERAP1,Endoplasmic reticulum aminopeptidase 1,6,11.92632,12.06139,-0.13507,0.91062564868799,Down,0.627126043531828,0.782014343717331
Q8TEM1,NUP210,Nuclear pore membrane glycoprotein 210,42,16.262345,16.303175,-0.04083,0.972095528129472,Down,0.627523132582386,0.782281509697043
Q3ZAQ7,VMA21,Vacuolar ATPase assembly integral membrane protein VMA21,1,12.225595,12.419435,-0.19384,0.874275575297961,Down,0.627656396623629,0.782281509697043
Q96DE5,ANAPC16,Anaphase-promoting complex subunit 16,6,15.056875,15.018395,0.0384800000000016,1.02703119309439,Up,0.627695392029568,0.782281509697043
O43933,PEX1,Peroxisomal ATPase PEX1,3,9.84968,9.4044995,0.445180499999999,1.36148444533746,Up,0.628629677275242,0.783218468523411
Q8NI22,MCFD2,Multiple coagulation factor deficiency protein 2,2,11.10658,11.232155,-0.125575,0.916638635236853,Down,0.628684214785398,0.783218468523411
Q8NB46,ANKRD52,Serine/threonine-protein phosphatase 6 regulatory ankyrin repeat subunit C,2,10.644445,10.821805,-0.17736,0.884319740852778,Down,0.628983755591841,0.783443957916788
P08134,RHOC,Rho-related GTP-binding protein RhoC,1,13.471315,13.164085,0.307230000000001,1.23732972283407,Up,0.629249599700691,0.783627398609735
Q9BVK8,TMEM147,BOS complex subunit TMEM147,2,12.600405,12.85439,-0.253985,0.838576903253849,Down,0.629396316502751,0.783662444567951
Q9BV23,ABHD6,Monoacylglycerol lipase ABHD6,1,8.139573,8.5721405,-0.4325675,0.740941989869274,Down,0.629600251938462,0.783768706924336
Q9UET6,FTSJ1,tRNA (cytidine(32)/guanosine(34)-2'-O)-methyltransferase,3,11.372945,11.19325,0.179695000000001,1.132644408,Up,0.630034808577118,0.784161967963497
Q9H869,YY1AP1,YY1-associated protein 1,4,12.142985,12.032925,0.110059999999999,1.07927312127833,Up,0.630156603931659,0.784165881262349
P00747,PLG,Plasminogen,3,12.1037,11.710195,0.393505000000001,1.31358084991422,Up,0.630428238569014,0.784250899034902
P62826,RAN,GTP-binding nuclear protein Ran,11,20.375125,20.41181,-0.036685,0.974892467004167,Down,0.630567566419123,0.784250899034902
Q96LI5,CNOT6L,CCR4-NOT transcription complex subunit 6-like,5,10.963525,11.161145,-0.19762,0.871987887350913,Down,0.630657646046978,0.784250899034902
Q8TCC3,MRPL30,Large ribosomal subunit protein uL30m,1,12.142065,11.792315,0.34975,1.27433978192829,Up,0.63076378978515,0.784250899034902
Q9UNZ5,C19orf53,Leydig cell tumor 10 kDa protein homolog,3,13.535555,13.27713,0.258425000000001,1.19617212229518,Up,0.631013412191031,0.784250899034902
Q9NNW7,TXNRD2,"Thioredoxin reductase 2, mitochondrial",7,12.36936,12.221565,0.147795,1.10787491300349,Up,0.631017841464937,0.784250899034902
Q96E22,NUS1,Dehydrodolichyl diphosphate synthase complex subunit NUS1,1,12.769475,12.37756,0.391915000000001,1.31213394464927,Up,0.631055572865427,0.784250899034902
P67870,CSNK2B,Casein kinase II subunit beta,5,15.188505,15.100695,0.0878099999999993,1.06275570237918,Up,0.631393549152367,0.78440958511176
P09629,HOXB7,Homeobox protein Hox-B7,1,11.85429,11.50286,0.351430000000001,1.27582459873085,Up,0.631443067542653,0.78440958511176
Q6GYQ0,RALGAPA1,Ral GTPase-activating protein subunit alpha-1,6,11.9017,12.050595,-0.148895,0.901941019670375,Down,0.631539325522723,0.78440958511176
Q5TAX3,TUT4,Terminal uridylyltransferase 4,7,13.36509,13.1016,0.263489999999999,1.20037901241588,Up,0.631804626596062,0.784591652982596
Q8WUH2,TGFBRAP1,Transforming growth factor-beta receptor-associated protein 1,5,12.00157,11.764395,0.237175000000001,1.17868237420432,Up,0.632760499567861,0.785631061740371
Q9NRA8,EIF4ENIF1,Eukaryotic translation initiation factor 4E transporter,7,12.459535,12.6361,-0.176565,0.884807181312359,Down,0.632916180234034,0.785676753412234
P05388,RPLP0,Large ribosomal subunit protein uL10,11,16.68948,16.725105,-0.035625,0.975609018812887,Down,0.633053376108195,0.785686618555633
P00441,SOD1,Superoxide dismutase [Cu-Zn],3,13.903605,13.94545,-0.041845,0.971411856300736,Down,0.633279286867885,0.785686618555633
P78364,PHC1,Polyhomeotic-like protein 1,2,10.895805,10.800715,0.095089999999999,1.06813203951353,Up,0.633280771228001,0.785686618555633
P26583,HMGB2,High mobility group protein B2,10,17.631275,17.739995,-0.10872,0.927410521926747,Down,0.633478514726853,0.785784441409492
Q9NX55,HYPK,Huntingtin-interacting protein K,5,14.072,14.011255,0.0607449999999989,1.043004224,Up,0.633775212816352,0.786004950554188
Q9UK58,CCNL1,Cyclin-L1,9,13.08273,13.25934,-0.17661,0.884779583170639,Down,0.633894192833192,0.78600501321474
Q9BZ29,DOCK9,Dedicator of cytokinesis protein 9,18,12.63076,12.5864,0.0443599999999975,1.03122561149699,Up,0.634638563609182,0.786780391463719
Q9Y6K1,DNMT3A,DNA (cytosine-5)-methyltransferase 3A,1,8.493536,8.7442915,-0.2507555,0.840456176042483,Down,0.634853143139193,0.786864856749686
Q9BSH4,TACO1,Translational activator of cytochrome c oxidase 1,2,11.341355,11.41855,-0.077195,0.94789883495561,Down,0.634944814804974,0.786864856749686
A5D8V6,VPS37C,Vacuolar protein sorting-associated protein 37C,1,10.942045,11.323115,-0.38107,0.767867876765402,Down,0.635247184819212,0.787027618919639
Q15154,PCM1,Pericentriolar material 1 protein,22,13.376645,13.46212,-0.085475,0.942474180002197,Down,0.635444503069008,0.787027618919639
Q00765,REEP5,Receptor expression-enhancing protein 5,3,12.91817,13.02435,-0.10618,0.929044753364289,Down,0.635482386563841,0.787027618919639
O60353,FZD6,Frizzled-6,4,10.5691,10.66893,-0.09983,0.933142941976554,Down,0.635575534463701,0.787027618919639
Q9BW92,TARS2,"Threonine--tRNA ligase, mitochondrial",26,14.29147,14.227285,0.0641850000000002,1.04549415765536,Up,0.635709187923801,0.787027618919639
Q9NPJ3,ACOT13,Acyl-coenzyme A thioesterase 13,4,16.333635,16.256,0.0776350000000008,1.05528669767684,Up,0.635865459304955,0.787027618919639
Q9C005,DPY30,Protein dpy-30 homolog,2,12.797485,13.002165,-0.20468,0.867731134732806,Down,0.635909742023131,0.787027618919639
Q9UKM7,MAN1B1,"Endoplasmic reticulum mannosyl-oligosaccharide 1,2-alpha-mannosidase",6,12.816695,12.703595,0.113099999999999,1.08154972819998,Up,0.636488955258194,0.78759698657581
Q9BWS9,CHID1,Chitinase domain-containing protein 1,7,13.196605,13.117215,0.0793900000000001,1.05657120689758,Up,0.636817205060335,0.787839425366504
O15431,SLC31A1,High affinity copper uptake protein 1,1,11.42166,11.499775,-0.078115,0.947294556916239,Down,0.636923293952675,0.787839425366504
Q53S33,BOLA3,BolA-like protein 3,1,11.59565,11.444465,0.151185,1.11048122398088,Up,0.637132240906125,0.787950407961935
P67775,PPP2CA,Serine/threonine-protein phosphatase 2A catalytic subunit alpha isoform,10,14.774025,14.713885,0.0601400000000005,1.04256692725808,Up,0.638307409567106,0.789256065449767
Q9BRX9,WDR83,WD repeat domain-containing protein 83,6,12.981885,13.080175,-0.09829,0.934139554111975,Down,0.638868821441806,0.789585765423602
Q96MX3,ZNF48,Zinc finger protein 48,3,10.86838,11.079815,-0.211435,0.863677732869581,Down,0.638935340148561,0.789585765423602
Q9Y6D9,MAD1L1,Mitotic spindle assembly checkpoint protein MAD1,30,14.992795,14.96545,0.0273450000000004,1.01913487909044,Up,0.639028078739873,0.789585765423602
O94927,HAUS5,HAUS augmin-like complex subunit 5,8,12.865985,12.96238,-0.096395,0.935367365604736,Down,0.639051938152647,0.789585765423602
O75626,PRDM1,PR domain zinc finger protein 1,5,14.504,14.649705,-0.145705,0.903937543574036,Down,0.639645634819481,0.790054524881796
O60783,MRPS14,Small ribosomal subunit protein uS14m,3,12.18113,12.05326,0.12787,1.09267927428216,Up,0.639692703672613,0.790054524881796
O43615,TIMM44,Mitochondrial import inner membrane translocase subunit TIM44,18,13.83652,13.7557,0.0808199999999992,1.05761899997325,Up,0.63978995569184,0.790054524881796
P48200,IREB2,Iron-responsive element-binding protein 2,3,11.944935,12.33762,-0.392685,0.761710664640328,Down,0.639978390660702,0.790139582267248
Q96MY1,NOL4L,Nucleolar protein 4-like,9,15.781465,15.8279,-0.046435,0.968326176441943,Down,0.640105507537646,0.790148916570098
Q9NRR4,DROSHA,Ribonuclease 3,25,14.442235,14.539865,-0.09763,0.934566999368537,Down,0.640306991537634,0.790250029331881
Q9UKD2,MRTO4,mRNA turnover protein 4 homolog,11,15.898295,15.88598,0.012315000000001,1.00857264398017,Up,0.640513543999328,0.790357358530911
Q9UG63,ABCF2,ATP-binding cassette sub-family F member 2,22,15.14761,15.133,0.0146100000000011,1.01017833069099,Up,0.640839140744969,0.790611514127963
Q9UQR0,SCML2,Sex comb on midleg-like protein 2,33,14.45757,14.483455,-0.025885,0.982217886622236,Down,0.641153664135714,0.790851916064377
Q9P0S2,COX16,"Cytochrome c oxidase assembly protein COX16 homolog, mitochondrial",2,13.506005,13.23371,0.272294999999998,1.20772752045289,Up,0.641403650425289,0.790959195001036
Q7Z4G1,COMMD6,COMM domain-containing protein 6,1,11.05209,10.5210915,0.530998499999999,1.44492889560016,Up,0.641479994735293,0.790959195001036
P00326,ADH1C,Alcohol dehydrogenase 1C,11,12.913015,13.598535,-0.68552,0.62178167342395,Down,0.641855035955853,0.791274003475515
Q9C0F1,CEP44,Centrosomal protein of 44 kDa,1,16.07196,15.7686,0.30336,1.23401505885484,Up,0.641978327322914,0.791278397105024
Q9BZE4,GTPBP4,GTP-binding protein 4,29,15.437255,15.475345,-0.03809,0.973943508890319,Down,0.642141282794042,0.791331668466496
O43795,MYO1B,Unconventional myosin-Ib,32,14.70536,14.656845,0.0485149999999983,1.03419984950827,Up,0.642428413296906,0.791443354535143
Q5VV42,CDKAL1,Threonylcarbamoyladenosine tRNA methylthiotransferase,8,13.64227,13.52002,0.122249999999999,1.08843103605584,Up,0.642471417321992,0.791443354535143
Q8N2K1,UBE2J2,Ubiquitin-conjugating enzyme E2 J2,2,11.05157,10.868945,0.182625,1.13494705679494,Up,0.642659584639981,0.791527617384576
Q15386,UBE3C,Ubiquitin-protein ligase E3C,7,11.244045,11.11151,0.132535000000001,1.09621820578118,Up,0.643150003825482,0.791984046074643
O14493,CLDN4,Claudin-4,1,8.0467785,8.4337795,-0.387001,0.764717608879346,Down,0.64339504349101,0.792138197174383
Q6UVK1,CSPG4,Chondroitin sulfate proteoglycan 4,3,11.746565,12.176635,-0.43007,0.742225771421773,Down,0.643715479025988,0.792385099810534
Q6QNY0,BLOC1S3,Biogenesis of lysosome-related organelles complex 1 subunit 3,1,9.502978,9.179167,0.323811000000001,1.25163247802921,Up,0.643861125353286,0.792416792823066
P02751,FN1,Fibronectin,10,13.09688,12.98322,0.113660000000001,1.08196962665016,Up,0.64436714892223,0.792891917189913
Q9Y4L1,HYOU1,Hypoxia up-regulated protein 1,23,17.47017,17.43813,0.0320400000000021,1.02245687874104,Up,0.644898006187684,0.79339741677111
Q96AQ6,PBXIP1,Pre-B-cell leukemia transcription factor-interacting protein 1,9,12.868155,12.953285,-0.08513,0.942699586248084,Down,0.645052306532472,0.79343954845954
Q9Y255,PRELID1,"PRELI domain-containing protein 1, mitochondrial",1,9.9525955,9.23941,0.713185500000002,1.63941999638285,Up,0.645602918290688,0.793969052285664
O14777,NDC80,Kinetochore protein NDC80 homolog,22,15.168185,15.10159,0.0665949999999995,1.04724209920338,Up,0.64598974933263,0.794248118549281
Q8IY31,IFT20,Intraflagellar transport protein 20 homolog,1,8.0765115,8.4601355,-0.383624,0.766509724398179,Down,0.646115188424021,0.794248118549281
Q5W111,SPRYD7,SPRY domain-containing protein 7,2,10.39289,10.51497,-0.12208,0.918861929541857,Down,0.646190366687772,0.794248118549281
Q96SQ9,CYP2S1,Cytochrome P450 2S1,5,11.96428,11.86903,0.0952500000000001,1.06825050571644,Up,0.646679432490014,0.794701444649777
O75937,DNAJC8,DnaJ homolog subfamily C member 8,10,15.6365,15.59285,0.0436499999999995,1.03071823465721,Up,0.646974028582413,0.794864230129699
Q8WVM7,STAG1,Cohesin subunit SA-1,21,15.22133,15.181385,0.0399450000000012,1.02807463252216,Up,0.647169582511396,0.794864230129699
Q99728,BARD1,BRCA1-associated RING domain protein 1,13,12.965265,12.92018,0.0450849999999985,1.03174396529641,Up,0.647172707267046,0.794864230129699
O15231,ZNF185,Zinc finger protein 185,12,12.31736,12.47243,-0.15507,0.898088796286576,Down,0.647899841241615,0.795487151649987
Q8NB78,KDM1B,Lysine-specific histone demethylase 2,25,14.17909,14.206145,-0.027055,0.981421648309621,Down,0.647920613910104,0.795487151649987
Q8NEW0,SLC30A7,Zinc transporter 7,4,12.85508,13.04434,-0.18926,0.877055473071818,Down,0.648656460824186,0.79610289195014
P54646,PRKAA2,5'-AMP-activated protein kinase catalytic subunit alpha-2,1,9.9763905,9.5959195,0.380471,1.30176677689803,Up,0.648663046323423,0.79610289195014
P60660,MYL6,Myosin light polypeptide 6,5,17.12368,17.085525,0.0381549999999997,1.0267998569251,Up,0.64941666648726,0.796879827109971
P52306,RAP1GDS1,Rap1 GTPase-GDP dissociation stimulator 1,3,10.415115,10.29578,0.119335,1.08623405526472,Up,0.649801406371727,0.796906532208566
P00915,CA1,Carbonic anhydrase 1,2,11.14362,10.82622,0.317399999999999,1.24608285520629,Up,0.649833184683485,0.796906532208566
Q9UBB9,TFIP11,Tuftelin-interacting protein 11,30,15.528395,15.50167,0.026724999999999,1.01869699869681,Up,0.649852117339589,0.796906532208566
Q86YQ8,CPNE8,Copine-8,18,14.163495,14.10161,0.0618850000000002,1.04382871850807,Up,0.649920745741288,0.796906532208566
Q8N392,ARHGAP18,Rho GTPase-activating protein 18,6,12.320105,12.48376,-0.163655,0.892760436909366,Down,0.650149716114734,0.797039412688236
Q9H7H0,METTL17,"Ribosome assembly protein METTL17, mitochondrial",4,13.38997,13.618725,-0.228755,0.853371006175689,Down,0.650869491956136,0.797662092468687
P31151,S100A7,Protein S100-A7,1,10.55992,10.400735,0.159184999999999,1.11665614410781,Up,0.651009015542975,0.797662092468687
Q9HC21,SLC25A19,Mitochondrial thiamine pyrophosphate carrier,7,13.059325,13.19395,-0.134625,0.910906574944098,Down,0.651046930440029,0.797662092468687
Q13948,CUX1,Protein CASP,3,13.35914,13.44927,-0.09013,0.939438093447389,Down,0.651295202577393,0.797662092468687
Q6DD87,ZNF787,Zinc finger protein 787,9,13.498525,13.540695,-0.04217,0.971193048245878,Down,0.651326513781536,0.797662092468687
Q9Y6N7,ROBO1,Roundabout homolog 1,1,10.50801,10.200685,0.307325000000001,1.23741120241955,Up,0.651381799523907,0.797662092468687
Q9NTN3,SLC35D1,Nucleotide sugar transporter SLC35D1,1,9.777952,9.9321455,-0.1541935,0.898634590080507,Down,0.651891944723121,0.798078167747481
Q96PU8,QKI,KH domain-containing RNA-binding protein QKI,14,16.01637,15.988825,0.0275449999999999,1.01927617097743,Up,0.651963084834113,0.798078167747481
Q9H668,STN1,CST complex subunit STN1,4,11.62769,11.469155,0.158535000000001,1.11615315283893,Up,0.652231040632069,0.798258323618026
Q9BYG3,NIFK,MKI67 FHA domain-interacting nucleolar phosphoprotein,12,14.339335,14.27521,0.0641250000000007,1.04545067767984,Up,0.652553023872763,0.79850452412055
P51948,MNAT1,CDK-activating kinase assembly factor MAT1,15,14.14129,14.085635,0.0556549999999998,1.03933086426127,Up,0.652876998666309,0.798634000307232
P22570,FDXR,"NADPH:adrenodoxin oxidoreductase, mitochondrial",24,13.74137,13.70681,0.034559999999999,1.02424439646168,Up,0.653020647800923,0.798634000307232
Q9C035,TRIM5,Tripartite motif-containing protein 5,1,12.223425,12.160165,0.0632599999999996,1.04482404227619,Up,0.653021355373018,0.798634000307232
Q6PGN9,PSRC1,Proline/serine-rich coiled-coil protein 1,2,12.17422,12.473935,-0.299715,0.812412870186925,Down,0.653276526335781,0.798687788200322
Q15031,LARS2,"Leucine--tRNA ligase, mitochondrial",15,14.43908,14.4728,-0.03372,0.976898108132173,Down,0.653525043894953,0.798687788200322
P62753,RPS6,Small ribosomal subunit protein eS6,7,16.74574,16.79703,-0.05129,0.965073013457924,Down,0.653602422392091,0.798687788200322
Q9Y375,NDUFAF1,"Complex I intermediate-associated protein 30, mitochondrial",7,10.80975,10.968705,-0.158955,0.895673607168743,Down,0.653730533532541,0.798687788200322
Q96LW7,CARD19,Caspase recruitment domain-containing protein 19,1,10.01102,9.903486,0.107533999999999,1.07738508635537,Up,0.653879689596968,0.798687788200322
O43432,EIF4G3,Eukaryotic translation initiation factor 4 gamma 3,14,14.608405,14.64627,-0.037865,0.974095415129888,Down,0.653948043691591,0.798687788200322
O43633,CHMP2A,Charged multivesicular body protein 2a,6,13.342235,13.40754,-0.065305,0.955743242660308,Down,0.653999391075891,0.798687788200322
Q63HN8,RNF213,E3 ubiquitin-protein ligase RNF213,34,12.02885,11.95528,0.0735699999999984,1.0523174612841,Up,0.654032124336533,0.798687788200322
Q99584,S100A13,Protein S100-A13,5,15.02255,15.1408,-0.11825,0.92130452245725,Down,0.655201095568285,0.799967493185072
Q9BRR8,GPATCH1,G patch domain-containing protein 1,15,14.813855,14.749805,0.0640500000000017,1.04539633025329,Up,0.65569069568015,0.800089330351329
Q53HL2,CDCA8,Borealin,5,12.13746,12.02024,0.11722,1.08464279599371,Up,0.655792267466608,0.800089330351329
Q6ZUT1,NKAPD1,Uncharacterized protein NKAPD1,3,12.34279,12.48674,-0.14395,0.905037828560336,Down,0.65579659363983,0.800089330351329
P17152,TMEM11,"Transmembrane protein 11, mitochondrial",4,11.107445,11.194125,-0.08668,0.941687314308372,Down,0.655835417018099,0.800089330351329
Q13671,RIN1,Ras and Rab interactor 1,4,10.0122025,10.148841,-0.1366385,0.909636153238786,Down,0.655906187296641,0.800089330351329
Q6ZVM7,TOM1L2,TOM1-like protein 2,1,9.2962835,9.598947,-0.3026635,0.810754201407628,Down,0.656053193426098,0.800120973491987
P00390,GSR,"Glutathione reductase, mitochondrial",6,13.20042,13.29742,-0.097,0.934975197751456,Down,0.656260242147315,0.800225819253063
P21953,BCKDHB,"2-oxoisovalerate dehydrogenase subunit beta, mitochondrial",5,13.14116,13.209055,-0.067895,0.954028982683326,Down,0.656849938761696,0.800797130654132
O75146,HIP1R,Huntingtin-interacting protein 1-related protein,46,14.258285,14.23758,0.0207050000000013,1.01445509119908,Up,0.657771547783776,0.801656905511279
P54727,RAD23B,UV excision repair protein RAD23 homolog B,9,14.986475,15.019895,-0.03342,0.977101269505354,Down,0.657797760415746,0.801656905511279
Q9H3R5,CENPH,Centromere protein H,5,12.87697,12.77653,0.100439999999999,1.07210038695889,Up,0.65795972145775,0.801706452639061
Q96I36,COX14,Cytochrome c oxidase assembly protein COX14,1,12.026395,12.63273,-0.606335,0.656863269385395,Down,0.658233003941073,0.801891598718258
Q8IY18,SMC5,Structural maintenance of chromosomes protein 5,30,13.881935,13.946495,-0.06456,0.956236910809957,Down,0.658836626157212,0.802441562231969
Q9NUE0,ZDHHC18,Palmitoyltransferase ZDHHC18,1,13.368025,13.07179,0.296234999999999,1.22793568556274,Up,0.65892727466075,0.802441562231969
Q99504,EYA3,Protein phosphatase EYA3,7,12.485925,12.589435,-0.10351,0.930765731268799,Down,0.659367152036869,0.802812347238538
P08047,SP1,Transcription factor Sp1,7,15.674925,15.514535,0.16039,1.1175892122274,Up,0.659474691051297,0.802812347238538
Q8N9N2,ASCC1,Activating signal cointegrator 1 complex subunit 1,2,13.531015,13.07569,0.455324999999998,1.37109163989129,Up,0.661047428713615,0.804494181266699
Q8TDY2,RB1CC1,RB1-inducible coiled-coil protein 1,3,10.236669,9.801246,0.435423,1.35230727309975,Up,0.661099697149258,0.804494181266699
P26006,ITGA3,Integrin alpha-3,1,10.623585,10.306485,0.3171,1.24582376649987,Up,0.661588952618295,0.804843090248812
P51970,NDUFA8,NADH dehydrogenase [ubiquinone] 1 alpha subcomplex subunit 8,6,13.52883,13.4991,0.0297300000000007,1.02082106143398,Up,0.661629975687971,0.804843090248812
Q8N5M1,ATPAF2,ATP synthase mitochondrial F1 complex assembly factor 2,4,9.8890525,10.1160465,-0.226994,0.85441329428734,Down,0.661902517139717,0.804947083435094
Q96KM6,ZNF512B,Zinc finger protein 512B,17,12.8919,12.93419,-0.04229,0.971112270038613,Down,0.661959055601412,0.804947083435094
Q9Y276,BCS1L,Mitochondrial chaperone BCS1,3,10.593535,10.806335,-0.2128,0.862860954179276,Down,0.663530978522569,0.806579605228539
Q9BVJ7,DUSP23,Dual specificity protein phosphatase 23,2,10.437883,10.7337785,-0.2958955,0.814566563150374,Down,0.663709702755986,0.806579605228539
Q9UKY7,CDV3,Protein CDV3 homolog,4,13.415395,13.48815,-0.072755,0.950820556874258,Down,0.663782398328221,0.806579605228539
O95239,KIF4A,Chromosome-associated kinesin KIF4A,46,14.79412,14.75622,0.0379000000000005,1.02661838348993,Up,0.663789752282951,0.806579605228539
P09417,QDPR,Dihydropteridine reductase,2,11.06984,11.150055,-0.080215,0.94591666943459,Down,0.664190424481384,0.806918109448064
Q86SX6,GLRX5,"Glutaredoxin-related protein 5, mitochondrial",1,10.95599,11.12213,-0.16614,0.891224006783504,Down,0.664648797412146,0.807257171997028
Q96LW9,ZSCAN31,Zinc finger and SCAN domain-containing protein 31,3,10.0373015,9.6656265,0.371675,1.29385415145916,Up,0.664713803904952,0.807257171997028
Q96SN8,CDK5RAP2,CDK5 regulatory subunit-associated protein 2,6,13.22588,13.57084,-0.34496,0.787329805683985,Down,0.665264949577498,0.807631108185205
Q8TF68,ZNF384,Zinc finger protein 384,11,13.982935,13.95215,0.0307850000000016,1.02156783054455,Up,0.665336403003325,0.807631108185205
Q96AT1,KIAA1143,Uncharacterized protein KIAA1143,1,10.93284,11.002805,-0.069965,0.952661109466265,Down,0.66538831654841,0.807631108185205
A2RRD8,ZNF320,Zinc finger protein 320,3,10.244215,10.425985,-0.18177,0.881620698071419,Down,0.666191540328932,0.808457563355474
Q9Y294,ASF1A,Histone chaperone ASF1A,3,14.08986,13.99408,0.0957799999999995,1.06864301886828,Up,0.666489207071315,0.808670308341164
Q8N1P7,CRYBG2,Beta/gamma crystallin domain-containing protein 2,4,9.6979845,9.887687,-0.1897025,0.876786505948608,Down,0.667010234043432,0.809153934800485
Q5HYK3,COQ5,"2-methoxy-6-polyprenyl-1,4-benzoquinol methylase, mitochondrial",6,11.615485,11.5819,0.0335849999999986,1.02355242699818,Up,0.667371751587393,0.809443917460282
Q13118,KLF10,Krueppel-like factor 10,7,11.468565,11.35928,0.109285,1.07869350325567,Up,0.667514872241804,0.809468952412126
Q9NZQ3,NCKIPSD,NCK-interacting protein with SH3 domain,12,12.215925,12.28081,-0.064885,0.956021520873047,Down,0.667844253452034,0.809719807570077
Q96GC9,VMP1,Vacuole membrane protein 1,2,16.00551,16.25899,-0.25348,0.838870489528389,Down,0.66831169018247,0.810137923774018
Q9BVS4,RIOK2,Serine/threonine-protein kinase RIO2,3,9.969224,10.123964,-0.15474,0.898294247329591,Down,0.669623760595391,0.811579577072243
O75467,ZNF324,Zinc finger protein 324A,9,13.507655,13.44817,0.0594849999999987,1.04209369741844,Up,0.671139694012643,0.813202596809679
P40426,PBX3,Pre-B-cell leukemia transcription factor 3,2,10.90524,10.63212,0.273119999999999,1.20841835262271,Up,0.671365526077612,0.813202596809679
Q9NUD5,ZCCHC3,Zinc finger CCHC domain-containing protein 3,3,10.786585,10.978855,-0.19227,0.875227515764952,Down,0.671441630128734,0.813202596809679
Q92599,SEPTIN8,Septin-8,9,12.520195,12.579155,-0.05896,0.959955876298306,Down,0.671619833386015,0.813202596809679
O94876,TMCC1,Transmembrane and coiled-coil domains protein 1,1,11.30039,10.94463,0.35576,1.27965951796375,Up,0.671656221151328,0.813202596809679
Q13510,ASAH1,Acid ceramidase,3,12.87464,12.828935,0.0457049999999999,1.03218745384524,Up,0.671701161444097,0.813202596809679
Q9Y4K3,TRAF6,TNF receptor-associated factor 6,1,12.561385,12.20602,0.355365000000001,1.27930920392988,Up,0.671982912069777,0.813394700708637
Q96CS3,FAF2,FAS-associated factor 2,10,12.732615,12.81499,-0.082375,0.944501504629317,Down,0.672173003568996,0.813475806736402
Q13625,TP53BP2,Apoptosis-stimulating of p53 protein 2,9,14.52638,14.61272,-0.08634,0.941909267949596,Down,0.672413390624722,0.813584023849746
P49761,CLK3,Dual specificity protein kinase CLK3,13,13.19521,13.22819,-0.03298,0.977399315948489,Down,0.672594880833841,0.813584023849746
Q96BR9,ZBTB8A,Zinc finger and BTB domain-containing protein 8A,5,13.28976,13.173745,0.116015000000001,1.08373723462733,Up,0.672769101867089,0.813584023849746
O00358,FOXE1,Forkhead box protein E1,1,11.37228,11.06843,0.303850000000001,1.23443425352771,Up,0.672969458929301,0.813584023849746
Q15131,CDK10,Cyclin-dependent kinase 10,5,13.087805,12.975095,0.11271,1.08125739518813,Up,0.672990323403617,0.813584023849746
Q9NRW3,APOBEC3C,DNA dC->dU-editing enzyme APOBEC-3C,3,13.662785,13.709515,-0.04673,0.968128194879187,Down,0.673001037734387,0.813584023849746
O75177,SS18L1,Calcium-responsive transactivator,1,11.155445,11.349345,-0.1939,0.874239215955035,Down,0.673500702618937,0.813997325500437
Q8IXI1,RHOT2,Mitochondrial Rho GTPase 2,6,12.156685,12.240535,-0.08385,0.943536347229458,Down,0.6739191532671,0.813997325500437
P29590,PML,Protein PML,11,13.472,13.383025,0.0889749999999996,1.06361424170317,Up,0.674014375047038,0.813997325500437
Q9NX76,CMTM6,CKLF-like MARVEL transmembrane domain-containing protein 6,1,10.7444,10.959995,-0.215595,0.861190911889705,Down,0.674121376516543,0.813997325500437
Q659A1,ICE2,Little elongation complex subunit 2,18,13.482475,13.548475,-0.066,0.955282936382438,Down,0.674129087203599,0.813997325500437
P12694,BCKDHA,"2-oxoisovalerate dehydrogenase subunit alpha, mitochondrial",11,14.19213,14.220895,-0.028765,0.98025907633448,Down,0.674163642282106,0.813997325500437
A0PJW6,TMEM223,Transmembrane protein 223,4,11.80583,11.63871,0.167120000000001,1.1228148113001,Up,0.674205077892176,0.813997325500437
P52429,DGKE,Diacylglycerol kinase epsilon,2,9.432307,9.040319,0.391988,1.31220033997098,Up,0.674530966206096,0.814184449971231
Q9NXV6,CDKN2AIP,CDKN2A-interacting protein,18,14.749485,14.77134,-0.021855,0.984965433192771,Down,0.674606453025036,0.814184449971231
Q8N0Z8,PUSL1,tRNA pseudouridine synthase-like 1,2,12.872315,13.046275,-0.17396,0.886406275254589,Down,0.674799755320809,0.814195369321009
Q5JTC6,AMER1,APC membrane recruitment protein 1,2,11.31402,10.96543,0.348589999999998,1.27331555991547,Up,0.674861890322361,0.814195369321009
O95340,PAPSS2,Bifunctional 3'-phosphoadenosine 5'-phosphosulfate synthase 2,11,12.205415,12.27826,-0.072845,0.95076124345142,Down,0.675946473995797,0.815355036802011
Q02040,AKAP17A,A-kinase anchor protein 17A,15,16.420525,16.36728,0.0532449999999969,1.03759612727813,Up,0.676263456391618,0.815588537097117
O76080,ZFAND5,AN1-type zinc finger protein 5,1,11.412835,11.01362,0.399215,1.31879013471631,Up,0.676489399025591,0.815712176274427
Q99519,NEU1,Sialidase-1,2,10.537995,10.820565,-0.28257,0.822125187896525,Down,0.676634022814337,0.815737733816117
P36406,TRIM23,E3 ubiquitin-protein ligase TRIM23,1,12.148495,12.49466,-0.346165,0.786672469040751,Down,0.676885248814709,0.815891776293345
P36954,POLR2I,DNA-directed RNA polymerase II subunit RPB9,3,13.43459,13.36223,0.0723599999999998,1.05143524413073,Up,0.6775538642607,0.816548776239782
Q86UT6,NLRX1,NLR family member X1,1,11.21916,11.160725,0.0584350000000011,1.04133553282606,Up,0.677783762269311,0.816576402897337
Q9GZN8,ADISSP,Adipose-secreted signaling protein,1,10.758395,10.42676,0.331635,1.25843874983212,Up,0.677936920671761,0.816576402897337
Q8N3C0,ASCC3,Activating signal cointegrator 1 complex subunit 3,31,14.398415,14.37622,0.022195,1.01550335078408,Up,0.678048364954796,0.816576402897337
Q8IUR0,TRAPPC5,Trafficking protein particle complex subunit 5,2,12.342895,12.4102,-0.067305,0.954419219147539,Down,0.678071009093749,0.816576402897337
P51003,PAPOLA,Poly(A) polymerase alpha,21,14.98996,15.08153,-0.09157,0.93850087809076,Down,0.67862610875527,0.816956370172544
Q8NEZ4,KMT2C,Histone-lysine N-methyltransferase 2C,45,14.769115,14.805905,-0.03679,0.974821516469797,Down,0.6786337527988,0.816956370172544
P52736,ZNF133,Zinc finger protein 133,1,9.174393,9.4279555,-0.2535625,0.838822520390991,Down,0.678887760125115,0.817102716879548
Q5T5Y3,CAMSAP1,Calmodulin-regulated spectrin-associated protein 1,10,12.196115,12.149055,0.0470599999999983,1.0331573545971,Up,0.679002590573835,0.817102716879548
Q16718,NDUFA5,NADH dehydrogenase [ubiquinone] 1 alpha subcomplex subunit 5,5,13.44409,13.556105,-0.112015,0.925294807505534,Down,0.679541499207467,0.81722074659051
P42684,ABL2,Tyrosine-protein kinase ABL2,2,12.737475,12.45232,0.285155,1.21854117404148,Up,0.679574078733583,0.81722074659051
Q6P1X5,TAF2,Transcription initiation factor TFIID subunit 2,31,13.590955,13.558775,0.0321800000000003,1.02255610338976,Up,0.679578104703307,0.81722074659051
O75319,DUSP11,RNA/RNP complex-1-interacting phosphatase,11,13.28909,13.373955,-0.084865,0.942872760985797,Down,0.679595282684436,0.81722074659051
Q9Y2F5,ICE1,Little elongation complex subunit 1,36,13.91327,13.96148,-0.04821,0.967135542240004,Down,0.68007483321923,0.817648639757302
Q96MW1,CCDC43,Coiled-coil domain-containing protein 43,3,11.577175,11.7197,-0.142525,0.9059322074895,Down,0.680244939598176,0.817674821560567
Q8NBM4,UBAC2,Ubiquitin-associated domain-containing protein 2,11,13.349995,13.30153,0.0484650000000002,1.03416400749388,Up,0.680344052619391,0.817674821560567
P13861,PRKAR2A,cAMP-dependent protein kinase type II-alpha regulatory subunit,15,14.583155,14.531915,0.0512400000000017,1.03615511914336,Up,0.680521133205105,0.81773893988228
P56385,ATP5ME,"ATP synthase subunit e, mitochondrial",4,13.397315,13.318885,0.0784299999999991,1.05586837578391,Up,0.681081573618175,0.81826361026041
Q9P0K8,FOXJ2,Forkhead box protein J2,4,12.070305,12.16523,-0.094925,0.936320921784816,Down,0.681211505456708,0.818270963206722
Q92540,SMG7,Nonsense-mediated mRNA decay factor SMG7,4,11.75053,11.908395,-0.157865,0.896350571532835,Down,0.681495571482767,0.818463425754972
Q9UQR1,ZNF148,Zinc finger protein 148,19,15.784325,15.742925,0.0413999999999994,1.02911199877421,Up,0.681640911020348,0.818489240721926
Q6P9H4,CNKSR3,Connector enhancer of kinase suppressor of ras 3,2,9.655226,9.48109,0.174135999999999,1.12828849396185,Up,0.682020610900407,0.8185875583918
Q96A73,KIAA1191,Putative monooxygenase p33MONOX,4,10.896285,10.757335,0.138949999999998,1.10110343609956,Up,0.682030468715482,0.8185875583918
O14715,RGPD8,RANBP2-like and GRIP domain-containing protein 8,1,11.716,11.540765,0.175235000000001,1.12914831633049,Up,0.682094368900536,0.8185875583918
P0C2W1,FBXO45,F-box/SPRY domain-containing protein 1,2,13.634075,13.96353,-0.329455,0.79583706653576,Down,0.682219339574548,0.81858889165726
Q8WYH8,ING5,Inhibitor of growth protein 5,2,10.799155,10.59272,0.206434999999999,1.15383345535244,Up,0.682442468132754,0.818707981827804
O00743,PPP6C,Serine/threonine-protein phosphatase 6 catalytic subunit,4,11.36841,11.46386,-0.09545,0.935980254464688,Down,0.682745281263026,0.818922606872475
P62745,RHOB,Rho-related GTP-binding protein RhoB,6,15.315325,15.40391,-0.088585,0.94044468823624,Down,0.683481984485235,0.819368832386853
Q9BTT6,LRRC1,Leucine-rich repeat-containing protein 1,2,9.458253,9.3823975,0.0758554999999994,1.0539858510259,Up,0.683670738965014,0.819368832386853
Q86YC2,PALB2,Partner and localizer of BRCA2,10,12.87771,12.74581,0.131900000000002,1.09573581319643,Up,0.683907251863594,0.819368832386853
Q9ULC3,RAB23,Ras-related protein Rab-23,4,12.96932,12.87573,0.093589999999999,1.06702205758168,Up,0.683917054769203,0.819368832386853
Q70J99,UNC13D,Protein unc-13 homolog D,7,11.579175,11.409745,0.169429999999998,1.12461406875112,Up,0.684022576860002,0.819368832386853
P35579,MYH9,Myosin-9,106,17.443,17.460365,-0.017365,0.988035648121612,Down,0.684061244945169,0.819368832386853
Q12907,LMAN2,Vesicular integral-membrane protein VIP36,10,13.468885,13.520495,-0.05161,0.964858977151925,Down,0.684154588384321,0.819368832386853
O43414,ERI3,ERI1 exoribonuclease 3,4,12.93207,13.015725,-0.083655,0.943663887712659,Down,0.684162027997285,0.819368832386853
P49842,STK19,Inactive serine/threonine-protein kinase 19,7,13.04783,12.9098,0.138029999999999,1.10040149133396,Up,0.68423310424316,0.819368832386853
Q92804,TAF15,TATA-binding protein-associated factor 2N,2,16.28968,16.22798,0.0616999999999948,1.04369487460716,Up,0.684422892650935,0.819447626364136
Q96AE7,TTC17,Tetratricopeptide repeat protein 17,2,7.762511,8.0992105,-0.3366995,0.791850783871279,Down,0.6848311856458,0.819787956155243
P32322,PYCR1,"Pyrroline-5-carboxylate reductase 1, mitochondrial",10,14.18132,14.228575,-0.047255,0.967775954925966,Down,0.685045005577061,0.819895407797681
O00629,KPNA4,Importin subunit alpha-3,13,15.075935,15.01533,0.0606050000000025,1.0429030147496,Up,0.685184826247075,0.819914270625913
P50552,VASP,Vasodilator-stimulated phosphoprotein,14,15.50037,15.467775,0.0325950000000006,1.02285029018025,Up,0.685425548053201,0.819937212232037
Q8TF44,C2CD4C,C2 calcium-dependent domain-containing protein 4C,2,11.288875,11.41363,-0.124755,0.917159783026189,Down,0.685452125523076,0.819937212232037
Q9UNK9,ANGEL1,Protein angel homolog 1,1,10.369478,10.1223575,0.247120500000001,1.18683592307964,Up,0.685693038326543,0.820075016064924
P49356,FNTB,Protein farnesyltransferase subunit beta,2,9.4199105,9.6543975,-0.234487,0.849987187680906,Down,0.685853281095271,0.820075016064924
Q5T6F0,DCAF12,DDB1- and CUL4-associated factor 12,3,10.233695,10.16365,0.0700450000000004,1.0497494265009,Up,0.686054534994335,0.820075016064924
O14494,PLPP1,Phospholipid phosphatase 1,1,11.86296,12.048025,-0.185065,0.879609444607234,Down,0.6860636652781,0.820075016064924
P82909,KGD4,Alpha-ketoglutarate dehydrogenase component 4,2,11.74584,11.55583,0.190010000000001,1.14077162306736,Up,0.686223829462532,0.820118135428187
Q9Y3A5,SBDS,Ribosome maturation protein SBDS,12,17.17118,17.20825,-0.03707,0.974632340288168,Down,0.686588707307285,0.820405851852079
P29353,SHC1,SHC-transforming protein 1,10,12.5122,12.433015,0.079184999999999,1.05642108389632,Up,0.68686540299386,0.820485931813341
Q5K4L6,SLC27A3,Long-chain fatty acid transport protein 3,2,10.66232,11.26176,-0.59944,0.660010096788127,Down,0.686936855653325,0.820485931813341
Q5VZ89,DENND4C,DENN domain-containing protein 4C,5,11.95472,12.059825,-0.105105,0.929737273449871,Down,0.687125525811303,0.820485931813341
O75164,KDM4A,Lysine-specific demethylase 4A,17,17.05381,17.093735,-0.039925,0.972705513204213,Down,0.687152312390201,0.820485931813341
Q9H4H8,FAM83D,Protein FAM83D,3,12.182035,12.25307,-0.071035,0.95195481364956,Down,0.687731990563531,0.821012529586482
Q9BXY0,MAK16,Protein MAK16 homolog,7,12.894285,12.82954,0.0647450000000003,1.04590005797138,Up,0.687932511624278,0.821012529586482
P09601,HMOX1,Heme oxygenase 1,5,14.56126,14.480905,0.0803550000000008,1.05727817008624,Up,0.688066764095846,0.821012529586482
Q9NXZ1,SAGE1,Sarcoma antigen 1,8,13.03232,12.949015,0.0833049999999993,1.05944228758767,Up,0.688162121205742,0.821012529586482
P46459,NSF,Vesicle-fusing ATPase,24,14.294695,14.264485,0.0302100000000003,1.02116075597632,Up,0.688214467227888,0.821012529586482
Q92520,FAM3C,Protein FAM3C,6,14.451455,14.29485,0.156604999999999,1.11466099041639,Up,0.688483563144862,0.82104925179909
Q9UBQ6,EXTL2,Exostosin-like 2,5,12.579565,12.52042,0.0591449999999973,1.04184813609049,Up,0.688493713643601,0.82104925179909
Q8TAV0,FAM76A,Protein FAM76A,6,14.69151,14.711745,-0.020235,0.986072070538167,Down,0.689313293709546,0.82173415428505
Q14061,COX17,Cytochrome c oxidase copper chaperone,1,11.577435,11.286415,0.291020000000001,1.22350500239516,Up,0.689427963432495,0.82173415428505
Q9UMY4,SNX12,Sorting nexin-12,7,13.0349,13.11274,-0.07784,0.947475143128561,Down,0.689441047890846,0.82173415428505
Q96ET8,TVP23C,Golgi apparatus membrane protein TVP23 homolog C,1,12.09386,12.367945,-0.274085,0.826974643720782,Down,0.690258536572357,0.822560163758873
Q8TD08,MAPK15,Mitogen-activated protein kinase 15,1,14.055945,13.80135,0.254595000000002,1.19300079133969,Up,0.69047630513426,0.822671335971215
Q9Y4E6,WDR7,WD repeat-containing protein 7,3,10.3961445,10.121381,0.274763500000001,1.20979575198241,Up,0.690603304861586,0.8226743406327
Q641Q2,WASHC2A,WASH complex subunit 2A,5,11.9168,11.76297,0.153830000000001,1.11251901915917,Up,0.690894947888863,0.822873438565056
Q9NX58,LYAR,Cell growth-regulating nucleolar protein,16,16.16265,16.15241,0.0102399999999996,1.0071230764069,Up,0.691568125554683,0.823526800322685
P49257,LMAN1,Protein ERGIC-53,9,17.22319,17.259915,-0.036725,0.974865437620283,Down,0.692118833252847,0.82403411438805
Q96BY6,DOCK10,Dedicator of cytokinesis protein 10,5,11.265875,11.529715,-0.26384,0.832868133790562,Down,0.692398449135589,0.824218542928153
Q96GD3,SCMH1,Polycomb protein SCMH1,3,10.07337,10.21522,-0.14185,0.906356169102041,Down,0.692682720034499,0.82428584556133
O14593,RFXANK,DNA-binding protein RFXANK,4,11.97456,12.05482,-0.08026,0.945887165218475,Down,0.692704431267609,0.82428584556133
Q32MZ4,LRRFIP1,Leucine-rich repeat flightless-interacting protein 1,12,14.252095,14.22729,0.0248050000000006,1.01734217507648,Up,0.693398643020907,0.824762846424388
Q9BVT8,TMUB1,Transmembrane and ubiquitin-like domain-containing protein 1,1,11.07037,10.874205,0.196165000000001,1.14564891753463,Up,0.693430976237637,0.824762846424388
Q9Y484,WDR45,WD repeat domain phosphoinositide-interacting protein 4,5,11.715375,11.57758,0.137794999999999,1.10022226198672,Up,0.693479669780651,0.824762846424388
O75925,PIAS1,E3 SUMO-protein ligase PIAS1,9,12.967625,12.92231,0.0453150000000004,1.03190846300523,Up,0.693745028900622,0.824929992084241
Q8TD16,BICD2,Protein bicaudal D homolog 2,11,12.600215,12.551765,0.0484500000000008,1.03415325513179,Up,0.694076798100744,0.825176031417128
Q8NBT2,SPC24,Kinetochore protein Spc24,7,14.982985,15.124355,-0.14137,0.906657773619909,Down,0.695284638734884,0.826316567373251
Q9H936,SLC25A22,Mitochondrial glutamate carrier 1,6,12.493265,12.516215,-0.02295,0.984218131843877,Down,0.695286190219799,0.826316567373251
O14966,RAB29,Ras-related protein Rab-7L1,2,10.74977,10.57596,0.17381,1.12803356794901,Up,0.695714599464088,0.826677056429011
Q15475,SIX1,Homeobox protein SIX1,4,12.67291,12.553095,0.119815000000001,1.08659551702744,Up,0.696190473698073,0.826991178912599
P51955,NEK2,Serine/threonine-protein kinase Nek2,5,13.766615,13.64307,0.123544999999998,1.08940847823929,Up,0.696240483462987,0.826991178912599
P41214,EIF2D,Eukaryotic translation initiation factor 2D,9,14.63679,14.68675,-0.04996,0.965963110737839,Down,0.696354351739842,0.826991178912599
Q13488,TCIRG1,V-type proton ATPase 116 kDa subunit a 3,6,11.141385,10.97557,0.165814999999998,1.12179962044178,Up,0.696510141869667,0.827027583114737
P43007,SLC1A4,Neutral amino acid transporter A,1,10.357934,10.047086,0.310848,1.24043660045038,Up,0.696796278265665,0.827218717991338
Q5TBB1,RNASEH2B,Ribonuclease H2 subunit B,8,13.158455,13.215945,-0.05749,0.960934499128337,Down,0.697065117164704,0.827389252755304
Q68CZ6,HAUS3,HAUS augmin-like complex subunit 3,3,11.649965,11.38349,0.266475,1.20286522096105,Up,0.697604668692651,0.827802337063201
O75976,CPD,Carboxypeptidase D,1,11.84855,11.736745,0.111805,1.08057933706667,Up,0.697800025632746,0.827802337063201
P17097,ZNF7,Zinc finger protein 7,4,10.61925,10.76156,-0.14231,0.906067225586308,Down,0.697855647501334,0.827802337063201
P19256,CD58,Lymphocyte function-associated antigen 3,1,10.65615,10.77028,-0.11413,0.923939313324771,Down,0.697960662135031,0.827802337063201
Q15434,RBMS2,"RNA-binding motif, single-stranded-interacting protein 2",5,13.37897,13.32908,0.0498899999999978,1.03518599184461,Up,0.698039404517055,0.827802337063201
P60604,UBE2G2,Ubiquitin-conjugating enzyme E2 G2,2,11.10986,10.959445,0.150415000000002,1.10988869238323,Up,0.698175966255325,0.827815744704241
Q5TDH0,DDI2,Protein DDI1 homolog 2,4,11.16507,11.28562,-0.12055,0.919836913473461,Down,0.698442583817068,0.827950123582222
P11047,LAMC1,Laminin subunit gamma-1,6,11.36084,11.269965,0.0908750000000005,1.06501592279771,Up,0.698539853093428,0.827950123582222
Q08722,CD47,Leukocyte surface antigen CD47,3,13.92136,13.97148,-0.05012,0.96585598794102,Down,0.698703775814608,0.827995921527478
Q96GJ1,TRMT2B,tRNA (uracil-5-)-methyltransferase homolog B,1,12.67459,12.44793,0.226660000000001,1.17012284607794,Up,0.699531463982302,0.828828154438694
P07148,FABP1,"Fatty acid-binding protein, liver",4,11.750745,12.193015,-0.44227,0.735975680538163,Down,0.700144118222025,0.829405355319835
Q96Q05,TRAPPC9,Trafficking protein particle complex subunit 9,2,9.6004295,9.841144,-0.2407145,0.846326062473151,Down,0.701218729455523,0.830459898533286
Q92643,PIGK,GPI-anchor transamidase,6,13.866885,13.82773,0.0391550000000009,1.02751182707247,Up,0.70128562471089,0.830459898533286
O43913,ORC5,Origin recognition complex subunit 5,18,15.437035,15.46817,-0.031135,0.97865006906027,Down,0.701476652276794,0.830537297545205
Q4W5G0,TIGD2,Tigger transposable element-derived protein 2,7,11.71652,11.60157,0.11495,1.08293751312134,Up,0.701804851933255,0.830605467805718
Q9NNX1,TUFT1,Tuftelin,1,10.440412,10.123866,0.316546000000001,1.2453454576078,Up,0.701812155018923,0.830605467805718
P43034,PAFAH1B1,Platelet-activating factor acetylhydrolase IB subunit beta,21,14.32964,14.35737,-0.02773,0.980962573699898,Down,0.701911263079881,0.830605467805718
Q9Y4X4,KLF12,Krueppel-like factor 12,2,9.182674,9.443359,-0.260685,0.834691508941561,Down,0.7022000783752,0.830798481557769
Q86UD0,SAPCD2,Suppressor APC domain-containing protein 2,1,9.9878575,9.928919,0.0589385,1.04169902194121,Up,0.702538331229261,0.83104990712264
Q5SW96,LDLRAP1,Low density lipoprotein receptor adapter protein 1,2,10.533095,10.61848,-0.085385,0.942532976434989,Down,0.702869431299967,0.831292783010287
P21359,NF1,Neurofibromin,48,13.10839,13.168465,-0.060075,0.959214252279991,Down,0.703210208428052,0.831547015119162
Q96BI1,SLC22A18,Solute carrier family 22 member 18,2,11.850435,11.91278,-0.062345,0.957706169027711,Down,0.703900836517209,0.832202664998406
Q7Z2K6,ERMP1,Endoplasmic reticulum metallopeptidase 1,7,11.9599,12.069125,-0.109225,0.927085948582588,Down,0.70413884061914,0.832202664998406
P02675,FGB,Fibrinogen beta chain,2,11.12588,10.82962,0.29626,1.22795696425106,Up,0.704142427397652,0.832202664998406
Q9UM11,FZR1,Fizzy-related protein homolog,4,14.01889,14.12486,-0.10597,0.929179995804851,Down,0.704663294353221,0.83253360037466
O94804,STK10,Serine/threonine-protein kinase 10,9,13.99318,13.95558,0.0375999999999994,1.02640492639287,Up,0.704723827003496,0.83253360037466
P35030,PRSS3,Trypsin-3,1,15.074585,15.259755,-0.18517,0.879545428562133,Down,0.704800347116995,0.83253360037466
P55084,HADHB,"Trifunctional enzyme subunit beta, mitochondrial",19,15.666565,15.679305,-0.01274,0.991208180989068,Down,0.704965946141281,0.83258040351103
Q86U70,LDB1,LIM domain-binding protein 1,6,13.016955,12.987965,0.0289900000000003,1.02029758705999,Up,0.705859437554495,0.833353323540979
Q15283,RASA2,Ras GTPase-activating protein 2,5,9.0485875,9.1506885,-0.102101,0.931675202429586,Down,0.705955654514765,0.833353323540979
Q969H8,MYDGF,Myeloid-derived growth factor,3,13.460125,13.49867,-0.038545,0.973636393102524,Down,0.706102805368341,0.833353323540979
Q96G01,BICD1,Protein bicaudal D homolog 1,1,8.3437325,8.060265,0.2834675,1.2171166969094,Up,0.706513190984373,0.833353323540979
Q9NSU2,TREX1,Three-prime repair exonuclease 1,5,13.78686,13.819955,-0.033095,0.977321408671886,Down,0.706528434149397,0.833353323540979
Q16629,SRSF7,Serine/arginine-rich splicing factor 7,8,18.362155,18.380465,-0.01831,0.987388672889948,Down,0.70658762973259,0.833353323540979
P82673,MRPS35,Small ribosomal subunit protein mS35,5,12.275045,12.449445,-0.1744,0.886135976070621,Down,0.706589719542134,0.833353323540979
O43292,GPAA1,Glycosylphosphatidylinositol anchor attachment 1 protein,7,15.16146,15.208425,-0.046965,0.967970509719926,Down,0.706629145880413,0.833353323540979
P17040,ZSCAN20,Zinc finger and SCAN domain-containing protein 20,2,10.5719,10.689915,-0.118015,0.92145460559397,Down,0.706784917743194,0.833388317817086
Q14562,DHX8,ATP-dependent RNA helicase DHX8,42,16.89805,16.927455,-0.029405,0.979824315932964,Down,0.707193525164597,0.83372137135441
P06241,FYN,Tyrosine-protein kinase Fyn,5,10.987095,11.27196,-0.284865,0.820818413192758,Down,0.707326237674659,0.833729107328664
Q9H3H1,TRIT1,tRNA dimethylallyltransferase,3,10.53456,10.73633,-0.20177,0.8694831653963,Down,0.707492842452298,0.833776782412132
Q969S3,ZNF622,Cytoplasmic 60S subunit biogenesis factor ZNF622,10,13.999725,14.062925,-0.0632,0.957138761390896,Down,0.707799591671062,0.833855480903742
Q9NRR5,UBQLN4,Ubiquilin-4,9,14.172175,14.27593,-0.103755,0.930607681066921,Down,0.707811960640035,0.833855480903742
P61421,ATP6V0D1,V-type proton ATPase subunit d 1,6,13.3339,13.2298,0.104099999999999,1.07482367137329,Up,0.708055025389507,0.833993167492292
Q12888,TP53BP1,TP53-binding protein 1,45,16.321185,16.325625,-0.00444,0.996927157393133,Down,0.708400628542816,0.834207309606375
Q8N6H7,ARFGAP2,ADP-ribosylation factor GTPase-activating protein 2,13,13.21806,13.24006,-0.022,0.984866442895552,Down,0.708489276565378,0.834207309606375
Q96L50,LRR1,Leucine-rich repeat protein 1,7,11.87185,11.713665,0.158184999999998,1.11588240523831,Up,0.708882301422623,0.834521398308178
Q9BU19,ZNF692,Zinc finger protein 692,8,12.257905,12.2034,0.0545050000000007,1.03850272372154,Up,0.709785976263714,0.835298113925018
P36543,ATP6V1E1,V-type proton ATPase subunit E 1,7,13.48692,13.447305,0.0396149999999995,1.02783949909436,Up,0.709906551120477,0.835298113925018
Q15526,SURF1,Surfeit locus protein 1,5,12.845145,12.732735,0.112409999999999,1.08103257740923,Up,0.709965270283769,0.835298113925018
Q6IE81,JADE1,Protein Jade-1,9,15.641665,15.542245,0.0994199999999985,1.07134266901988,Up,0.710051062184067,0.835298113925018
O95409,ZIC2,Zinc finger protein ZIC 2,5,13.756555,13.67809,0.0784649999999978,1.0558939916212,Up,0.710224140175912,0.835298113925018
P49959,MRE11,Double-strand break repair protein MRE11,25,15.953845,15.93883,0.0150150000000018,1.01046195241495,Up,0.710300408572946,0.835298113925018
Q9HCL2,GPAM,"Glycerol-3-phosphate acyltransferase 1, mitochondrial",3,9.95561,9.7022935,0.2533165,1.19194403586621,Up,0.7105751856186,0.835472585261221
P0C1Z6,TFPT,TCF3 fusion partner,4,14.60119,14.427855,0.173335,1.12766222977154,Up,0.710986101854056,0.835807034356716
P30536,TSPO,Translocator protein,2,12.901385,13.027185,-0.1258,0.916495689149683,Down,0.711657690182668,0.83644774576156
P30049,ATP5F1D,"ATP synthase subunit delta, mitochondrial",2,13.841675,13.87737,-0.035695,0.975561683116418,Down,0.712222398762145,0.836956126868011
Q99640,PKMYT1,Membrane-associated tyrosine- and threonine-specific cdc2-inhibitory kinase,4,10.425325,10.473875,-0.04855,0.966907644222157,Down,0.712343503348852,0.836956126868011
Q99933,BAG1,BAG family molecular chaperone regulator 1,9,15.58965,15.552725,0.0369250000000019,1.02592481018409,Up,0.712670058046473,0.837190972916662
Q53SF7,COBLL1,Cordon-bleu protein-like 1,12,14.373985,14.32425,0.0497350000000019,1.03507477969991,Up,0.713702615166921,0.838165946361758
Q9BUP0,EFHD1,EF-hand domain-containing protein D1,2,11.40105,11.50802,-0.10697,0.928536160472629,Down,0.713753661086999,0.838165946361758
Q6PJG6,BRAT1,BRCA1-associated ATM activator 1,5,11.23607,11.57103,-0.33496,0.792806117558568,Down,0.714012322310624,0.83832073870153
Q8TDR2,STK35,Serine/threonine-protein kinase 35,3,11.85076,11.984845,-0.134085,0.911247590616167,Down,0.714544169918945,0.838587397865034
Q6P996,PDXDC1,Pyridoxal-dependent decarboxylase domain-containing protein 1,13,14.06393,14.101515,-0.037585,0.97428448709432,Down,0.714622410458257,0.838587397865034
Q9UBN4,TRPC4,Short transient receptor potential channel 4,1,11.811695,12.105465,-0.29377,0.815767535775307,Down,0.714804237737766,0.838587397865034
Q8N9N7,LRRC57,Leucine-rich repeat-containing protein 57,4,10.81639,10.978725,-0.162335,0.893577645687971,Down,0.714815926416192,0.838587397865034
Q9H6D7,HAUS4,HAUS augmin-like complex subunit 4,3,10.74026,10.969235,-0.228975,0.85324088352178,Down,0.714886615921816,0.838587397865034
Q9H7E2,TDRD3,Tudor domain-containing protein 3,8,11.606015,11.62975,-0.023735,0.983682744216619,Down,0.715000754572472,0.838587397865034
P49006,MARCKSL1,MARCKS-related protein,1,10.7704485,10.368211,0.4022375,1.32155594553648,Up,0.715606850316559,0.839149338847079
Q03518,TAP1,Antigen peptide transporter 1,7,11.876,11.754945,0.121055000000002,1.08752985006832,Up,0.715937495131157,0.839388132929185
P08581,MET,Hepatocyte growth factor receptor,3,10.785265,10.702555,0.0827099999999987,1.05900543976322,Up,0.716702013574762,0.840135439467117
P62495,ETF1,Eukaryotic peptide chain release factor subunit 1,20,15.65419,15.637245,0.0169449999999998,1.01181462678658,Up,0.717078187783649,0.840427335176828
A6NKD9,CCDC85C,Coiled-coil domain-containing protein 85C,2,10.6502,10.514055,0.136145000000001,1.09896466494402,Up,0.717443010836672,0.840557668391608
P42702,LIFR,Leukemia inhibitory factor receptor,1,14.36686,14.13114,0.235719999999999,1.17749423790979,Up,0.717443759630362,0.840557668391608
Q93062,RBPMS,RNA-binding protein with multiple splicing,4,13.52963,13.4322,0.0974299999999992,1.06986591742281,Up,0.717858403106421,0.84089439669095
Q9H040,SPRTN,DNA-dependent metalloprotease SPRTN,2,12.596805,12.66719,-0.070385,0.952383809400208,Down,0.718050190503498,0.840969999829456
Q9HC78,ZBTB20,Zinc finger and BTB domain-containing protein 20,9,15.255105,15.29395,-0.038845,0.97343395215523,Down,0.718435941858667,0.841272703710831
Q12788,TBL3,Transducin beta-like protein 3,30,15.85251,15.841435,0.0110749999999982,1.00770614569937,Up,0.718842522179042,0.841599686285437
Q8TBM8,DNAJB14,DnaJ homolog subfamily B member 14,2,12.244675,12.14013,0.104545000000002,1.07515525240268,Up,0.719096280147828,0.841605488394296
Q96RQ3,MCCC1,"Methylcrotonoyl-CoA carboxylase subunit alpha, mitochondrial",5,9.239621,9.535052,-0.295431,0.814828868817948,Down,0.719221499088928,0.841605488394296
Q96LA8,PRMT6,Protein arginine N-methyltransferase 6,2,10.690135,10.86209,-0.171955,0.887639023739602,Down,0.719229504985775,0.841605488394296
Q6UWP7,LCLAT1,Lysocardiolipin acyltransferase 1,7,16.27813,16.25633,0.0217999999999989,1.01522535099568,Up,0.719391924053618,0.841646526123272
Q16670,ZSCAN26,Zinc finger and SCAN domain-containing protein 26,6,13.819495,13.943545,-0.12405,0.917608079887602,Down,0.719665373078986,0.841681478855386
O75808,CAPN15,Calpain-15,1,9.3610755,9.07119,0.289885499999999,1.22254324626636,Up,0.719676507340261,0.841681478855386
Q96RR1,TWNK,Twinkle mtDNA helicase,9,12.485115,12.45109,0.0340249999999997,1.02386464249697,Up,0.721245815016829,0.843367585181568
O75414,NME6,Nucleoside diphosphate kinase 6,4,12.361995,12.28023,0.0817650000000008,1.05831199283038,Up,0.72154134331813,0.843563901997085
A3KMH1,VWA8,von Willebrand factor A domain-containing protein 8,28,13.119375,13.172655,-0.05328,0.963742745229912,Down,0.721769039247032,0.843680859636299
Q5NDL2,EOGT,EGF domain-specific O-linked N-acetylglucosamine transferase,2,9.6797515,9.7270165,-0.047265,0.967769246837469,Down,0.722983355061764,0.844819284290117
O94808,GFPT2,Glutamine--fructose-6-phosphate aminotransferase [isomerizing] 2,5,10.238555,10.359615,-0.12106,0.919511803935576,Down,0.722998618844742,0.844819284290117
Q99755,PIP5K1A,Phosphatidylinositol 4-phosphate 5-kinase type-1 alpha,12,14.13132,14.091485,0.0398350000000018,1.02799624873681,Up,0.723215577189925,0.844923413407851
Q96PE2,ARHGEF17,Rho guanine nucleotide exchange factor 17,6,11.52766,11.68249,-0.15483,0.89823821056625,Down,0.723815499184007,0.845474838124267
Q9H334,FOXP1,Forkhead box protein P1,7,13.742565,13.70673,0.0358349999999987,1.02514998551304,Up,0.724557471015368,0.846143665316593
O00459,PIK3R2,Phosphatidylinositol 3-kinase regulatory subunit beta,5,10.836065,10.916485,-0.08042,0.945782268791804,Down,0.724917440134173,0.846143665316593
Q7Z6B7,SRGAP1,SLIT-ROBO Rho GTPase-activating protein 1,8,13.02364,13.10681,-0.08317,0.943981178554649,Down,0.724956441284667,0.846143665316593
Q7Z2W9,MRPL21,Large ribosomal subunit protein bL21m,5,13.476,13.428195,0.0478050000000003,1.03369100930348,Up,0.724989722563622,0.846143665316593
O43768,ENSA,Alpha-endosulfine,4,12.442195,12.567365,-0.12517,0.916895994380356,Down,0.725028230698724,0.846143665316593
P35270,SPR,Sepiapterin reductase,2,10.133259,10.2615125,-0.1282535,0.914938387607432,Down,0.725335238898333,0.846352505981477
P35052,GPC1,Glypican-1,5,13.424025,13.554995,-0.13097,0.913217239633199,Down,0.725553236331034,0.846457429640212
P62714,PPP2CB,Serine/threonine-protein phosphatase 2A catalytic subunit beta isoform,1,11.535405,11.380095,0.15531,1.11366089110191,Up,0.72611941729455,0.84679640337163
O14745,NHERF1,Na(+)/H(+) exchange regulatory cofactor NHE-RF1,10,12.848055,12.818835,0.0292199999999987,1.02046025979764,Up,0.726174526903488,0.84679640337163
Q9H1X3,DNAJC25,DnaJ homolog subfamily C member 25,1,10.230885,10.51191,-0.281025,0.82300608354648,Down,0.726228175867817,0.84679640337163
Q9ULD5,ZNF777,Zinc finger protein 777,2,11.604565,11.515385,0.0891800000000007,1.06376538689005,Up,0.726543998286756,0.846953758772352
P17031,ZNF26,Zinc finger protein 26,2,9.454306,9.5579835,-0.1036775,0.930657673636682,Down,0.72661942990456,0.846953758772352
Q6ZXV5,TMTC3,Protein O-mannosyl-transferase TMTC3,12,13.66001,13.620025,0.0399849999999997,1.02810313719863,Up,0.726947741954295,0.847103786700302
Q9BZE0,GLIS2,Zinc finger protein GLIS2,1,10.476642,10.062644,0.413998000000001,1.3323729780296,Up,0.72700449056803,0.847103786700302
Q2PZI1,DPY19L1,Protein C-mannosyl-transferase DPY19L1,5,10.883895,10.66815,0.215745,1.16130345046007,Up,0.727339378022019,0.847344605913542
Q8IXK2,GALNT12,Polypeptide N-acetylgalactosaminyltransferase 12,1,11.39195,11.273355,0.118595000000001,1.08567703727835,Up,0.727700860267326,0.847616317502072
Q9BTF0,THUMPD2,THUMP domain-containing protein 2,1,10.302587,10.531967,-0.22938,0.85300139142635,Down,0.728561989723735,0.848402567102004
Q9C0G0,ZNF407,Zinc finger protein 407,9,12.29991,12.212555,0.0873550000000005,1.06242058124352,Up,0.728706134045679,0.848402567102004
Q9BTV5,FSD1,Fibronectin type III and SPRY domain-containing protein 1,5,13.099765,13.17247,-0.072705,0.950853510374706,Down,0.728760988566814,0.848402567102004
Q9H081,MIS12,Protein MIS12 homolog,8,14.48833,14.42446,0.0638699999999996,1.04526590795622,Up,0.729243746477785,0.848815061724494
Q1MSJ5,CSPP1,Centrosome and spindle pole-associated protein 1,7,12.769665,12.69042,0.0792450000000002,1.05646502012769,Up,0.729411076626128,0.848860328477211
Q86UY6,NAA40,N-alpha-acetyltransferase 40,6,12.135905,12.16737,-0.031465,0.978426239643536,Down,0.729560780443116,0.848885070061365
P55957,BID,BH3-interacting domain death agonist,1,9.772234,10.5621075,-0.7898735,0.578394805189415,Down,0.729854963522071,0.849077883104624
P82930,MRPS34,Small ribosomal subunit protein mS34,9,14.514125,14.469115,0.0450099999999996,1.03169033040901,Up,0.730083767044733,0.849144757591233
Q15942,ZYX,Zyxin,9,13.430805,13.40508,0.0257249999999996,1.01799113640581,Up,0.730169414040093,0.849144757591233
Q8N5G0,SMIM20,Small integral membrane protein 20,1,9.8356885,10.1376035,-0.301915,0.811174946577474,Down,0.731084897428319,0.850059832354637
Q7Z4Q2,HEATR3,HEAT repeat-containing protein 3,12,13.92172,14.00715,-0.08543,0.942503577760104,Down,0.731432717123372,0.850314657426274
Q9NX07,TRNAU1AP,tRNA selenocysteine 1-associated protein 1,2,13.39551,13.517885,-0.122375,0.918674061316055,Down,0.731654153468426,0.850422493892513
Q99501,GAS2L1,GAS2-like protein 1,3,10.257475,10.491435,-0.23396,0.850297734996483,Down,0.732133920068051,0.850608331149769
Q96T23,RSF1,Remodeling and spacing factor 1,9,14.621935,14.567845,0.0540900000000004,1.0382040350609,Up,0.732147279555324,0.850608331149769
P62341,SELENOT,Thioredoxin reductase-like selenoprotein T,1,9.773002,9.622768,0.150233999999999,1.10974945488232,Up,0.732471235198168,0.850608331149769
Q86SF2,GALNT7,N-acetylgalactosaminyltransferase 7,2,10.4556115,10.228949,0.2266625,1.17012487374808,Up,0.732578034847583,0.850608331149769
Q6P5Z2,PKN3,Serine/threonine-protein kinase N3,15,13.046445,12.973905,0.07254,1.05156643620224,Up,0.732698753181345,0.850608331149769
Q9BWF3,RBM4,RNA-binding protein 4,19,16.188285,16.16781,0.0204749999999976,1.01429337575223,Up,0.732800025322301,0.850608331149769
Q92466,DDB2,DNA damage-binding protein 2,16,16.499705,16.53688,-0.037175,0.974561408685247,Down,0.733005455,0.850608331149769
Q96PC3,AP1S3,AP-1 complex subunit sigma-3,1,11.290915,11.165785,0.12513,1.0906060017995,Up,0.7330817822401,0.850608331149769
O43542,XRCC3,DNA repair protein XRCC3,3,10.40017,10.30096,0.0992099999999994,1.07118673475753,Up,0.73308805725256,0.850608331149769
Q9UBI1,COMMD3,COMM domain-containing protein 3,4,11.35444,11.25301,0.101430000000001,1.07283633156528,Up,0.73310108249797,0.850608331149769
Q9UHQ9,CYB5R1,NADH-cytochrome b5 reductase 1,6,13.039445,13.011855,0.02759,1.01930796435146,Up,0.733272089777469,0.850657405887185
Q12774,ARHGEF5,Rho guanine nucleotide exchange factor 5,4,10.90504,10.734665,0.170375,1.1253509593674,Up,0.733834439351522,0.850989646402467
O43264,ZW10,Centromere/kinetochore protein zw10 homolog,7,13.439025,13.55484,-0.115815,0.922860825566759,Down,0.733995990653762,0.850989646402467
Q0VG06,FAAP100,Fanconi anemia core complex-associated protein 100,6,11.71322,11.561375,0.151845,1.11098935997577,Up,0.734037150860796,0.850989646402467
Q9NPI8,FANCF,Fanconi anemia group F protein,5,10.686275,10.544455,0.141820000000001,1.10329607707255,Up,0.734073532174378,0.850989646402467
Q8IUR7,ARMC8,Armadillo repeat-containing protein 8,10,13.839695,13.69688,0.142814999999999,1.10405726236238,Up,0.734423844292858,0.851246437553753
Q9H0E2,TOLLIP,Toll-interacting protein,1,9.813254,9.593861,0.219393,1.16424363914244,Up,0.734587973414087,0.851287377922795
Q9Y2Z9,COQ6,"Ubiquinone biosynthesis monooxygenase COQ6, mitochondrial",2,11.93826,12.472105,-0.533845,0.690711428610966,Down,0.735164621534646,0.851806273443632
P56277,CMC4,Cx9C motif-containing protein 4,2,14.34047,14.182745,0.157724999999999,1.11552666541294,Up,0.735642772691093,0.852210882509279
Q9C0C7,AMBRA1,Activating molecule in BECN1-regulated autophagy protein 1,3,8.4293925,8.7535455,-0.324153,0.798767201482406,Down,0.735816759689409,0.852263050260656
Q8IYS2,KIAA2013,Uncharacterized protein KIAA2013,6,13.21946,13.077815,0.141645,1.1031622545402,Up,0.736067591189658,0.852404189621947
O95396,MOCS3,Adenylyltransferase and sulfurtransferase MOCS3,1,9.848136,10.0661345,-0.2179985,0.859757380150148,Down,0.73657855632578,0.852828099504957
Q16594,TAF9,Transcription initiation factor TFIID subunit 9,6,12.94462,12.88525,0.0593700000000013,1.04201063343363,Up,0.736691726444818,0.852828099504957
O95503,CBX6,Chromobox protein homolog 6,7,12.043795,12.00959,0.034205,1.02399239446663,Up,0.737151427140665,0.853087012549139
O43399,TPD52L2,Tumor protein D54,6,12.501205,12.42445,0.0767549999999986,1.05464320123412,Up,0.737173540424895,0.853087012549139
O75964,ATP5MG,"ATP synthase subunit g, mitochondrial",5,13.88263,13.913145,-0.030515,0.979070735537164,Down,0.737385617146863,0.85318304336898
Q96KC8,DNAJC1,DnaJ homolog subfamily C member 1,3,9.8915765,10.171525,-0.2799485,0.823620417586588,Down,0.737744391525193,0.853389894093848
P28289,TMOD1,Tropomodulin-1,3,10.77786,10.68409,0.093770000000001,1.06715519448657,Up,0.737822644099296,0.853389894093848
Q9ULJ6,ZMIZ1,Zinc finger MIZ domain-containing protein 1,4,10.853145,10.75904,0.0941050000000008,1.06740302128946,Up,0.738312717347112,0.853575469505895
Q6PML9,SLC30A9,"Proton-coupled zinc antiporter SLC30A9, mitochondrial",2,10.90078,11.070775,-0.169995,0.8888457616659,Down,0.738330624172291,0.853575469505895
Q8N806,UBR7,Putative E3 ubiquitin-protein ligase UBR7,5,11.377315,11.164075,0.213239999999999,1.15928878972566,Up,0.738463560839729,0.853575469505895
Q9ULL5,PRR12,Proline-rich protein 12,20,14.9361,14.920505,0.0155950000000011,1.0108682654185,Up,0.738499702622894,0.853575469505895
Q9Y4P3,TBL2,Transducin beta-like protein 2,11,12.867515,12.84059,0.0269250000000003,1.01883822987648,Up,0.73918593606944,0.854159295741741
Q9Y6K0,CEPT1,Choline/ethanolaminephosphotransferase 1,3,13.765415,13.816475,-0.05106,0.965226881379517,Down,0.739263303320133,0.854159295741741
P49715,CEBPA,CCAAT/enhancer-binding protein alpha,3,13.771735,13.904925,-0.13319,0.911813073686386,Down,0.739984676211193,0.854772758813625
Q9UGP8,SEC63,Translocation protein SEC63 homolog,20,13.26423,13.307525,-0.043295,0.970436016258877,Down,0.740150984154933,0.854772758813625
Q16637,SMN1,Survival motor neuron protein,3,14.6363,14.58258,0.0537200000000002,1.0379378067675,Up,0.740225863794092,0.854772758813625
P33121,ACSL1,Long-chain-fatty-acid--CoA ligase 1,5,11.3969,11.65198,-0.25508,0.837940668082709,Down,0.740311585935722,0.854772758813625
Q06136,KDSR,3-ketodihydrosphingosine reductase,5,11.765055,11.66354,0.101515000000001,1.07289954227304,Up,0.740731630143662,0.855108356964099
Q9NRG9,AAAS,Aladin,19,15.92066,15.905425,0.0152349999999988,1.01061605191189,Up,0.741041542060921,0.855290915341874
Q5FWF5,ESCO1,N-acetyltransferase ESCO1,8,12.85699,12.91717,-0.06018,0.959144442771682,Down,0.741180361928337,0.855290915341874
P05062,ALDOB,Fructose-bisphosphate aldolase B,8,12.94014,13.31537,-0.37523,0.770982489907815,Down,0.741298425982272,0.855290915341874
Q9P242,NYAP2,Neuronal tyrosine-phosphorylated phosphoinositide-3-kinase adapter 2,2,11.43595,11.344135,0.0918150000000004,1.06571006892859,Up,0.741407422301952,0.855290915341874
Q9UL54,TAOK2,Serine/threonine-protein kinase TAO2,2,11.01824,11.1697,-0.15146,0.900338863098631,Down,0.741786255236842,0.855534410832783
O95359,TACC2,Transforming acidic coiled-coil-containing protein 2,8,13.48221,13.34852,0.133689999999998,1.09709617302319,Up,0.741877395745602,0.855534410832783
Q8WVK7,SKA2,Spindle and kinetochore-associated protein 2,2,12.15244,11.973975,0.178464999999999,1.13167915947112,Up,0.742055879121075,0.85559094646043
P48741,HSPA7,Putative heat shock 70 kDa protein 7,1,18.90953,18.873535,0.0359949999999998,1.02526368458927,Up,0.742423466187386,0.855865461020833
Q9ULF5,SLC39A10,Zinc transporter ZIP10,4,14.175105,14.05686,0.118245,1.08541368233271,Up,0.742964036527338,0.856230494921205
P08319,ADH4,All-trans-retinol dehydrogenase [NAD(+)] ADH4,5,10.880755,11.255995,-0.37524,0.770977145882945,Down,0.743035396029005,0.856230494921205
O95347,SMC2,Structural maintenance of chromosomes protein 2,49,14.72152,14.73861,-0.01709,0.988224000956569,Down,0.743128781792711,0.856230494921205
Q8IXZ2,ZC3H3,Zinc finger CCCH domain-containing protein 3,9,11.52165,11.422585,0.0990650000000013,1.07107907910822,Up,0.743258791591725,0.856231018586319
Q15836,VAMP3,Vesicle-associated membrane protein 3,2,12.35549,12.3026,0.0528899999999997,1.0373408402636,Up,0.743533331628737,0.856398011281688
O15409,FOXP2,Forkhead box protein P2,3,12.176955,12.11545,0.0615050000000004,1.04355381447934,Up,0.744226075208556,0.857046546620203
Q86SQ9,DHDDS,Dehydrodolichyl diphosphate synthase complex subunit DHDDS,3,12.091635,11.90034,0.191295,1.14178815429429,Up,0.744617738676404,0.857348194235602
P56381,ATP5F1E,"ATP synthase subunit epsilon, mitochondrial",2,13.63274,13.21147,0.421270000000002,1.33910584683819,Up,0.744769839103465,0.857373953428811
Q8NFV4,ABHD11,sn-1-specific diacylglycerol lipase ABHD11,2,10.73238,10.86458,-0.1322,0.912438988872851,Down,0.744905225829594,0.857380466302296
P00519,ABL1,Tyrosine-protein kinase ABL1,13,13.31403,13.215465,0.0985649999999989,1.07070793570427,Up,0.745063452126721,0.857413260509403
O75386,TULP3,Tubby-related protein 3,3,14.97273,14.86339,0.10934,1.07873462717438,Up,0.745560616406364,0.857836022602656
Q9NUM4,TMEM106B,Transmembrane protein 106B,2,13.11068,13.04263,0.0680500000000013,1.04829880615546,Up,0.745699806465615,0.857846826968015
O75525,KHDRBS3,"KH domain-containing, RNA-binding, signal transduction-associated protein 3",2,14.069185,13.96071,0.108475000000002,1.07808804161758,Up,0.746175499824399,0.858244670786539
P10321,HLA-C,"HLA class I histocompatibility antigen, C alpha chain",7,14.294695,14.25659,0.0381050000000016,1.02676427137046,Up,0.747043175663625,0.859093152594554
Q8IZD2,KMT2E,Inactive histone-lysine N-methyltransferase 2E,15,12.555195,12.61874,-0.063545,0.956909902634464,Down,0.747455274774841,0.859417521048525
Q9BTD8,RBM42,RNA-binding protein 42,7,14.321935,14.255695,0.0662400000000005,1.04698443892307,Up,0.747699874955588,0.859454079712949
Q9UQN3,CHMP2B,Charged multivesicular body protein 2b,3,13.19738,13.235125,-0.037745,0.974176441478505,Down,0.747747156657506,0.859454079712949
Q6UW68,TMEM205,Transmembrane protein 205,3,12.56983,12.468115,0.101714999999999,1.07304828804162,Up,0.747893323515766,0.859472609131576
O14684,PTGES,Prostaglandin E synthase,3,16.237075,16.1865,0.0505749999999985,1.03567762088188,Up,0.748780385232071,0.860137495023263
A0A3B3IRV3,MCTS2,Malignant T-cell-amplified sequence 2,1,11.203995,10.94091,0.263085000000002,1.20004208378231,Up,0.748826049616034,0.860137495023263
O75815,BCAR3,Breast cancer anti-estrogen resistance protein 3,5,11.08174,11.17895,-0.09721,0.934839111817426,Down,0.748901868722603,0.860137495023263
Q5SNT2,TMEM201,Transmembrane protein 201,9,13.667715,13.615045,0.0526700000000009,1.03718266575079,Up,0.748992477509287,0.860137495023263
P11474,ESRRA,Steroid hormone receptor ERR1,5,13.27812,13.32772,-0.0496,0.966204180472438,Down,0.749653707558545,0.860671228614284
P08648,ITGA5,Integrin alpha-5,1,7.810521,8.1398665,-0.3293455,0.795897472556093,Down,0.749717697553705,0.860671228614284
Q8TCY9,URGCP,Up-regulator of cell proliferation,5,11.482265,11.622235,-0.13997,0.907538026843686,Down,0.750033792894177,0.860884567078433
O15530,PDPK1,3-phosphoinositide-dependent protein kinase 1,2,9.673084,9.8859525,-0.2128685,0.862819986011705,Down,0.750284807405529,0.861023145015305
Q9BVK6,TMED9,Transmembrane emp24 domain-containing protein 9,5,14.632315,14.591665,0.0406500000000012,1.02857714325103,Up,0.750589959872316,0.861223792499329
Q9Y6D5,ARFGEF2,Brefeldin A-inhibited guanine nucleotide-exchange protein 2,4,13.30601,13.270575,0.0354349999999997,1.02486579298347,Up,0.750777930248607,0.861289939422504
Q96IQ9,ZNF414,Zinc finger protein 414,1,9.767711,9.91329,-0.145579,0.904016493803333,Down,0.751543455004359,0.861975622667276
Q9H019,MTFR1L,Mitochondrial fission regulator 1-like,2,11.5643,11.773465,-0.209165,0.865037751178361,Down,0.751636482589123,0.861975622667276
O75348,ATP6V1G1,V-type proton ATPase subunit G 1,2,13.29159,13.23759,0.0539999999999985,1.03813927054306,Up,0.752080817650798,0.862335552368862
Q9UL25,RAB21,Ras-related protein Rab-21,6,15.68988,15.572225,0.117655000000001,1.08496988573987,Up,0.75224010680664,0.862368580379026
P58317,ZNF121,Zinc finger protein 121,4,10.714745,10.937525,-0.22278,0.856912617450035,Down,0.752524404501628,0.862436162442298
O14561,NDUFAB1,"Acyl carrier protein, mitochondrial",1,13.303955,13.36619,-0.062235,0.95777919325798,Down,0.752610278045198,0.862436162442298
P53007,SLC25A1,"Tricarboxylate transport protein, mitochondrial",8,15.024895,14.938925,0.0859699999999997,1.06140113750414,Up,0.75274151637964,0.862436162442298
P63173,RPL38,Large ribosomal subunit protein eL38,3,16.70698,16.632425,0.0745550000000037,1.05303617632565,Up,0.752957270664045,0.862436162442298
Q9H9H4,VPS37B,Vacuolar protein sorting-associated protein 37B,5,11.77854,11.84883,-0.07029,0.952446524969533,Down,0.75296719155984,0.862436162442298
O75717,WDHD1,WD repeat and HMG-box DNA-binding protein 1,30,16.5654,16.544155,0.0212450000000004,1.01483487228116,Up,0.753082023521637,0.862436162442298
O00505,KPNA3,Importin subunit alpha-4,7,14.361185,14.392015,-0.03083,0.97885698723529,Down,0.753499307143411,0.862764539312336
Q9BRL6,SRSF8,Serine/arginine-rich splicing factor 8,1,11.63385,11.783145,-0.149295,0.901690983184468,Down,0.753767156957959,0.86292172879528
P32004,L1CAM,Neural cell adhesion molecule L1,15,15.815055,15.776075,0.0389800000000005,1.02738719666947,Up,0.754099974031779,0.86301923783924
Q6P2C8,MED27,Mediator of RNA polymerase II transcription subunit 27,13,15.340035,15.38693,-0.046895,0.96801747708143,Down,0.754113496523167,0.86301923783924
Q99871,HAUS7,HAUS augmin-like complex subunit 7,3,12.198555,12.4506,-0.252045,0.839705300764377,Down,0.754753467753934,0.863522562
Q9BQB6,VKORC1,Vitamin K epoxide reductase complex subunit 1,2,13.62729,13.55617,0.0711200000000005,1.0505319211655,Up,0.754893032641969,0.863522562
Q96MH2,HEXIM2,Protein HEXIM2,2,11.029435,10.9161,0.113334999999999,1.08172591573816,Up,0.754945281599385,0.863522562
P23193,TCEA1,Transcription elongation factor A protein 1,13,15.520525,15.561375,-0.04085,0.972082052117392,Down,0.755314927757433,0.863794005865452
Q9Y485,DMXL1,DmX-like protein 1,3,10.2101555,10.4580165,-0.247861,0.842144088142045,Down,0.755443993630249,0.863794005865452
Q96MX6,DNAAF10,Dynein axonemal assembly factor 10,7,12.122695,12.079565,0.0431300000000014,1.03034679309387,Up,0.755674232297398,0.863907801635271
Q9P0U1,TOMM7,Mitochondrial import receptor subunit TOM7 homolog,1,8.896295,9.1121665,-0.2158715,0.861025875992686,Down,0.755856148278515,0.863966323758684
Q07955,SRSF1,Serine/arginine-rich splicing factor 1,16,18.44901,18.48669,-0.03768,0.974220333564762,Down,0.756000638954059,0.863982054789448
P0C7T5,ATXN1L,Ataxin-1-like,9,12.577615,12.63381,-0.056195,0.961797445777108,Down,0.756610147483202,0.864455168138894
P42229,STAT5A,Signal transducer and activator of transcription 5A,3,13.008425,13.298375,-0.28995,0.817930405374284,Down,0.756676221468225,0.864455168138894
O75385,ULK1,Serine/threonine-protein kinase ULK1,1,9.5340095,9.653215,-0.1192055,0.920694542526505,Down,0.757169429942533,0.864869125905669
Q9UBV2,SEL1L,Protein sel-1 homolog 1,1,9.7648515,9.6041135,0.160737999999998,1.11785882426975,Up,0.758244518926163,0.865732539899049
Q92609,TBC1D5,TBC1 domain family member 5,3,12.46621,12.638295,-0.172085,0.887559042959891,Down,0.758278802456216,0.865732539899049
P61254,RPL26,Large ribosomal subunit protein uL24,7,16.284345,16.24945,0.0348950000000023,1.02448225803559,Up,0.758318304354001,0.865732539899049
Q05707,COL14A1,Collagen alpha-1(XIV) chain,5,10.1632645,9.915814,0.247450500000001,1.1871074292818,Up,0.759169197834961,0.86655427089659
P63000,RAC1,Ras-related C3 botulinum toxin substrate 1,7,15.896965,15.929,-0.032035,0.978039745767294,Down,0.759331788468259,0.86659018994763
O15062,ZBTB5,Zinc finger and BTB domain-containing protein 5,7,10.89616,10.98419,-0.08803,0.940806543788282,Down,0.759523193130617,0.866658975034573
Q6ZS17,RIPOR1,Rho family-interacting cell polarization regulator 1,5,11.68757,11.479365,0.208205000000001,1.15524992832858,Up,0.759682327620816,0.86669092063628
Q96AC1,FERMT2,Fermitin family homolog 2,28,14.8489,14.834465,0.0144349999999989,1.0100558027267,Up,0.759814241000121,0.866691805103521
Q9P2N2,ARHGAP28,Rho GTPase-activating protein 28,4,13.874565,13.98099,-0.106425,0.928886995395886,Down,0.760487559810656,0.867299393661588
O75122,CLASP2,CLIP-associating protein 2,17,12.382075,12.34366,0.0384150000000005,1.02698492169134,Up,0.760728124820657,0.867299393661588
Q9BX95,SGPP1,Sphingosine-1-phosphate phosphatase 1,4,11.537555,11.438255,0.0993000000000013,1.07125356094778,Up,0.76086939244468,0.867299393661588
Q15833,STXBP2,Syntaxin-binding protein 2,11,12.67311,12.7345,-0.06139,0.958340337821309,Down,0.760871823944604,0.867299393661588
Q5VIR6,VPS53,Vacuolar protein sorting-associated protein 53 homolog,13,12.098265,12.134135,-0.03587,0.975443353923002,Down,0.7612119980866,0.867499559434519
Q13472,TOP3A,DNA topoisomerase 3-alpha,24,13.279435,13.241055,0.0383800000000001,1.02696000718395,Up,0.761309947756122,0.867499559434519
Q13043,STK4,Serine/threonine-protein kinase 4,5,11.996975,12.10256,-0.105585,0.929427991413955,Down,0.761645993516831,0.86770136770774
Q96L93,KIF16B,Kinesin-like protein KIF16B,1,13.505395,13.42997,0.0754249999999992,1.0536713887143,Up,0.761749634655819,0.86770136770774
Q9HB40,SCPEP1,Retinoid-inducible serine carboxypeptidase,1,10.211587,10.3367035,-0.1251165,0.916929996608035,Down,0.762113404056913,0.867845834444831
Q92759,GTF2H4,General transcription factor IIH subunit 4,12,15.914435,15.858905,0.055530000000001,1.03924081700505,Up,0.762300841097162,0.867845834444831
Q9H0R6,QRSL1,"Glutamyl-tRNA(Gln) amidotransferase subunit A, mitochondrial",3,12.574575,12.730355,-0.15578,0.89764692454656,Down,0.762380640613966,0.867845834444831
Q9NR81,ARHGEF3,Rho guanine nucleotide exchange factor 3,3,12.49031,12.555655,-0.065345,0.955716744198298,Down,0.762531921216699,0.867845834444831
Q53FT3,HIKESHI,Protein Hikeshi,1,10.7789,10.85893,-0.08003,0.946037974214421,Down,0.762533024757321,0.867845834444831
Q12899,TRIM26,Tripartite motif-containing protein 26,13,12.18165,12.24841,-0.06676,0.954779833637055,Down,0.763302230827123,0.868571701710823
P54619,PRKAG1,5'-AMP-activated protein kinase subunit gamma-1,9,12.98243,13.142255,-0.159825,0.895133644731161,Down,0.763547271958041,0.868700967528094
P29084,GTF2E2,Transcription initiation factor IIE subunit beta,8,13.02715,13.08689,-0.05974,0.959437011821116,Down,0.763813893105787,0.868746387634944
Q9NPC8,SIX2,Homeobox protein SIX2,2,10.74351,10.60534,0.138170000000001,1.10050828014207,Up,0.763850092078478,0.868746387634944
Q8TC12,RDH11,Retinol dehydrogenase 11,5,11.973345,11.89733,0.0760149999999999,1.05410238295518,Up,0.764214293848857,0.869011057819527
P31270,HOXA11,Homeobox protein Hox-A11,5,11.406725,11.30294,0.103785,1.07458901852725,Up,0.764672434682186,0.869315174886344
Q9Y3D6,FIS1,Mitochondrial fission 1 protein,4,12.471035,12.438505,0.0325300000000013,1.02280420714172,Up,0.764744806595431,0.869315174886344
Q9NWX6,THG1L,Probable tRNA(His) guanylyltransferase,1,11.552775,11.37683,0.175945,1.12970414593078,Up,0.765144445912019,0.869594586341975
P03891,MT-ND2,NADH-ubiquinone oxidoreductase chain 2,2,13.05115,13.18911,-0.13796,0.908803313477391,Down,0.765362666224795,0.869594586341975
P11055,MYH3,Myosin-3,1,10.4933335,10.2583295,0.235004,1.17691000030164,Up,0.765385339499359,0.869594586341975
P49796,RGS3,Regulator of G-protein signaling 3,4,11.303285,11.14211,0.161175,1.11819748094015,Up,0.765531917669709,0.869611626655054
Q9NWT8,AURKAIP1,Small ribosomal subunit protein mS38,1,11.81713,11.894455,-0.077325,0.947813424461163,Down,0.765782672448378,0.869746980960875
Q05932,FPGS,"Folylpolyglutamate synthase, mitochondrial",5,10.86138,10.69477,0.16661,1.12241796072899,Up,0.766129116643882,0.869990950498181
P18858,LIG1,DNA ligase 1,14,13.17418,13.209745,-0.035565,0.975649594095063,Down,0.766708810040036,0.870348798149476
Q13393,PLD1,Phospholipase D1,3,9.681774,9.915064,-0.23329,0.850692712294839,Down,0.766812899796553,0.870348798149476
P32321,DCTD,Deoxycytidylate deaminase,1,10.651875,10.73126,-0.079385,0.946461023368441,Down,0.766953904696542,0.870348798149476
Q3MHD2,LSM12,Protein LSM12,3,13.7928,13.760675,0.0321250000000006,1.02251712112942,Up,0.76698811794311,0.870348798149476
Q6T4R5,NHS,Actin remodeling regulator NHS,5,10.962385,11.14637,-0.183985,0.880268165846531,Down,0.767102700744545,0.870348798149476
Q5HYI8,RABL3,Rab-like protein 3,2,10.36965,10.437495,-0.067845,0.954062047381266,Down,0.76738856228186,0.870431142490601
Q8IXI2,RHOT1,Mitochondrial Rho GTPase 1,12,12.08448,12.12739,-0.04291,0.970695022987426,Down,0.767438684716709,0.870431142490601
P45844,ABCG1,ATP-binding cassette sub-family G member 1,3,10.380075,10.5428,-0.162725,0.893336119812943,Down,0.767812224980826,0.870608996688364
Q9NRC8,SIRT7,NAD-dependent protein deacetylase sirtuin-7,4,10.227845,10.290305,-0.06246,0.957629831467208,Down,0.767984737353297,0.870608996688364
P10074,ZBTB48,Telomere zinc finger-associated protein,5,11.48973,11.43478,0.0549500000000016,1.03882309980864,Up,0.767990687046931,0.870608996688364
Q96LT4,SAMD8,Sphingomyelin synthase-related protein 1,1,9.167293,9.397707,-0.230414,0.852390252261763,Down,0.768438461270723,0.870967208118369
O15162,PLSCR1,Phospholipid scramblase 1,3,9.8017045,9.6131875,0.188517000000001,1.13959168482042,Up,0.768863242100945,0.871299239891143
P02749,APOH,Beta-2-glycoprotein 1,2,14.58347,14.627765,-0.044295,0.969763594340893,Down,0.769020596732617,0.87132815426125
Q12766,HMGXB3,HMG domain-containing protein 3,5,10.35895,10.472385,-0.113435,0.924384516573042,Down,0.769782524302494,0.871784594247249
A0JLT2,MED19,Mediator of RNA polymerase II transcription subunit 19,3,13.282665,13.2232,0.0594650000000012,1.04207925103241,Up,0.769942570589013,0.871784594247249
P42574,CASP3,Caspase-3,1,10.516925,10.74599,-0.229065,0.853187657245864,Down,0.770022784243265,0.871784594247249
O00257,CBX4,E3 SUMO-protein ligase CBX4,12,13.93332,13.97098,-0.03766,0.974233839219924,Down,0.770029310890588,0.871784594247249
Q9NP58,ABCB6,ATP-binding cassette sub-family B member 6,6,11.37849,11.28867,0.0898199999999996,1.06423739300298,Up,0.770085895380188,0.871784594247249
O94887,FARP2,"FERM, ARHGEF and pleckstrin domain-containing protein 2",3,10.510445,10.573165,-0.06272,0.957457264628922,Down,0.770214895719426,0.871784594247249
Q9NPA8,ENY2,Transcription and mRNA export factor ENY2,5,14.54682,14.58505,-0.03823,0.973849001408316,Down,0.770712809665214,0.872198794362569
Q86VK4,ZNF410,Zinc finger protein 410,3,10.77027,10.983295,-0.213025,0.862726394503926,Down,0.771512610916989,0.872768806511825
Q9BV20,MRI1,Methylthioribose-1-phosphate isomerase,1,10.158954,9.918959,0.239994999999999,1.18098856842795,Up,0.771690050982998,0.872768806511825
P62891,RPL39,Large ribosomal subunit protein eL39,2,14.5086,14.53961,-0.03101,0.978734866300793,Down,0.771693983782321,0.872768806511825
Q15746,MYLK,"Myosin light chain kinase, smooth muscle",23,12.764515,12.736475,0.028039999999999,1.01962595264046,Up,0.771744727682721,0.872768806511825
Q96C28,ZNF707,Zinc finger protein 707,2,11.072995,11.28753,-0.214535,0.861823892373656,Down,0.772165263735398,0.872826656025928
P00156,MT-CYB,Cytochrome b,1,11.67768,11.834495,-0.156815,0.897003177003663,Down,0.77217235823845,0.872826656025928
Q8TDP1,RNASEH2C,Ribonuclease H2 subunit C,5,13.76869,13.85068,-0.08199,0.944753589507379,Down,0.772192080160932,0.872826656025928
Q5T4F4,ZFYVE27,Protrudin,1,10.730275,10.81009,-0.079815,0.946178969584417,Down,0.772387470027586,0.872898219803747
Q9HCJ5,ZSWIM6,Zinc finger SWIM domain-containing protein 6,8,11.074555,11.13171,-0.057155,0.961157658164569,Down,0.772895906834022,0.873323482350154
Q5F1R6,DNAJC21,DnaJ homolog subfamily C member 21,8,13.363275,13.292325,0.0709499999999998,1.05040813900791,Up,0.773516887038201,0.873875744689824
P29375,KDM5A,Lysine-specific demethylase 5A,34,14.260515,14.23564,0.0248749999999998,1.01739153802424,Up,0.773992565603245,0.8741602136287
Q9Y6I8,PXMP4,Peroxisomal membrane protein 4,2,9.705267,9.9423735,-0.2371065,0.848445267016212,Down,0.77403322290137,0.8741602136287
P19388,POLR2E,"DNA-directed RNA polymerases I, II, and III subunit RPABC1",5,14.996235,14.945965,0.0502699999999994,1.03545869153263,Up,0.774233608550153,0.874161543211675
O00635,TRIM38,E3 ubiquitin-protein ligase TRIM38,2,10.80657,11.02298,-0.21641,0.8607045496565,Down,0.774298936898343,0.874161543211675
Q8TAG9,EXOC6,Exocyst complex component 6,8,11.49177,11.59925,-0.10748,0.928207976250381,Down,0.77486986408227,0.8746566920102
Q5T447,HECTD3,E3 ubiquitin-protein ligase HECTD3,5,12.66199,12.48404,0.177949999999999,1.13127525515381,Up,0.775282388197582,0.874972900204546
Q9NPG3,UBN1,Ubinuclein-1,23,15.72181,15.6754,0.0464100000000016,1.03269197487256,Up,0.775536265263067,0.875109984142669
Q96QD8,SLC38A2,Sodium-coupled neutral amino acid symporter 2,2,12.41155,12.324365,0.0871849999999998,1.06229539826796,Up,0.775836775437317,0.87523557970265
Q9NR46,SH3GLB2,Endophilin-B2,4,10.801315,10.758605,0.0427099999999996,1.03004688032222,Up,0.775912431756367,0.87523557970265
O60890,OPHN1,Oligophrenin-1,5,10.88485,10.948935,-0.064085,0.956551798781114,Down,0.77626167315723,0.875330964730596
P45985,MAP2K4,Dual specificity mitogen-activated protein kinase kinase 4,6,11.42706,11.393605,0.033455,1.02346019973124,Up,0.77626188293025,0.875330964730596
Q8NAP3,ZBTB38,Zinc finger and BTB domain-containing protein 38,16,11.66348,11.69762,-0.03414,0.97661375317402,Down,0.776691963159191,0.875602329366304
Q15036,SNX17,Sorting nexin-17,5,12.89694,12.948075,-0.051135,0.965176704361924,Down,0.776767507501081,0.875602329366304
Q01995,TAGLN,Transgelin,7,11.33026,11.449675,-0.119415,0.920560854188359,Down,0.777050910978827,0.875772419962324
P30291,WEE1,Wee1-like protein kinase,3,11.217665,11.358945,-0.14128,0.90671433563931,Down,0.777386986956891,0.876001806785694
P46781,RPS9,Small ribosomal subunit protein uS4,10,16.68825,16.735225,-0.046975,0.967963800282883,Down,0.778207620187684,0.876655726575032
Q9H3R2,MUC13,Mucin-13,9,14.54065,14.52507,0.0155799999999999,1.01085775526582,Up,0.778232584024166,0.876655726575032
P60602,ROMO1,Reactive oxygen species modulator 1,1,12.64934,12.547445,0.101894999999999,1.07318217686505,Up,0.77886121361835,0.877079226835174
Q92990,GLMN,Glomulin,4,10.05436,9.912068,0.142292000000001,1.10365709650462,Up,0.778922481867311,0.877079226835174
Q13617,CUL2,Cullin-2,22,14.43841,14.41274,0.0256700000000016,1.01795232817283,Up,0.77900666689703,0.877079226835174
Q15035,TRAM2,Translocating chain-associated membrane protein 2,2,9.721811,10.0355845,-0.3137735,0.804534671229911,Down,0.7794496906887,0.877428548077264
Q8N1B3,CCNQ,Cyclin-Q,4,11.40604,11.315005,0.0910350000000015,1.06513404339304,Up,0.779979183042593,0.877842041849786
P0CJ79,ZNF888,Zinc finger protein 888,2,9.983937,9.8246715,0.1592655,1.11671845341434,Up,0.780082661792071,0.877842041849786
P51884,LUM,Lumican,1,9.7910275,9.615951,0.175076500000001,1.12902427058813,Up,0.780233557192749,0.877862373082547
Q96H35,RBM18,Probable RNA-binding protein 18,2,10.96746,10.875815,0.0916449999999998,1.06558449835902,Up,0.780579538412093,0.877998056452304
Q9H2G2,SLK,STE20-like serine/threonine-protein kinase,14,12.529425,12.507975,0.0214499999999997,1.01497908566267,Up,0.780677726394795,0.877998056452304
Q92843,BCL2L2,Bcl-2-like protein 2,1,11.87128,11.91112,-0.03984,0.972762824279651,Down,0.780752697498894,0.877998056452304
P00746,CFD,Complement factor D,1,10.3200885,10.1470925,0.172996000000001,1.12739728633209,Up,0.78159009646442,0.878543328769455
Q96GG9,DCUN1D1,DCN1-like protein 1,7,14.535155,14.524215,0.0109399999999997,1.00761185414015,Up,0.781620260552622,0.878543328769455
Q5TC12,ATPAF1,ATP synthase mitochondrial F1 complex assembly factor 1,2,10.929675,11.007685,-0.07801,0.947363503953092,Down,0.781636370580178,0.878543328769455
P54920,NAPA,Alpha-soluble NSF attachment protein,12,13.031915,13.08656,-0.054645,0.962831335212864,Down,0.781830724848276,0.878612355130463
O75083,WDR1,WD repeat-containing protein 1,18,16.19992,16.220855,-0.020935,0.985593741438048,Down,0.782320262196469,0.878786368031683
Q9BQ61,TRIR,Telomerase RNA component interacting RNase,4,15.40623,15.370225,0.0360049999999994,1.02527079120023,Up,0.782430333391008,0.878786368031683
O60573,EIF4E2,Eukaryotic translation initiation factor 4E type 2,4,13.081855,12.963025,0.118830000000001,1.08585389716696,Up,0.782432773259409,0.878786368031683
P24539,ATP5PB,"ATP synthase F(0) complex subunit B1, mitochondrial",8,14.042345,14.002705,0.0396400000000021,1.02785731034995,Up,0.78266942516391,0.878786368031683
Q9NW38,FANCL,E3 ubiquitin-protein ligase FANCL,10,12.939275,12.98602,-0.046745,0.968118129101584,Down,0.782729199802635,0.878786368031683
Q70EL1,USP54,Ubiquitin carboxyl-terminal hydrolase 54,11,14.7598,14.82406,-0.06426,0.956435775361202,Down,0.782783378514529,0.878786368031683
Q5VTE6,ANGEL2,Protein angel homolog 2,3,12.76344,12.811295,-0.047855,0.967373551904379,Down,0.783188425050018,0.87896774025918
Q9H910,JPT2,Jupiter microtubule associated homolog 2,6,13.69708,13.782605,-0.085525,0.942441516902176,Down,0.783210927884144,0.87896774025918
P10644,PRKAR1A,cAMP-dependent protein kinase type I-alpha regulatory subunit,3,9.7889875,9.953155,-0.1641675,0.892443350863568,Down,0.783468144149504,0.879107124734138
Q8TCJ2,STT3B,Dolichyl-diphosphooligosaccharide--protein glycosyltransferase subunit STT3B,10,14.204555,14.17449,0.0300650000000005,1.02105812800245,Up,0.78424568142322,0.879830200055349
Q9BWG4,SSBP4,Single-stranded DNA-binding protein 4,3,15.34737,15.27025,0.0771200000000007,1.05491005837088,Up,0.784903506534272,0.880339126526719
Q9P2B2,PTGFRN,Prostaglandin F2 receptor negative regulator,12,11.762475,11.64328,0.119194999999999,1.08612865156883,Up,0.784965724409435,0.880339126526719
O75044,SRGAP2,SLIT-ROBO Rho GTPase-activating protein 2,4,11.664775,11.44012,0.224655,1.16849778552157,Up,0.785590857891582,0.880890732915756
P23470,PTPRG,Receptor-type tyrosine-protein phosphatase gamma,6,12.28902,12.19943,0.0895900000000012,1.06406774170244,Up,0.786362326975653,0.881606211871432
Q96LT9,RNPC3,RNA-binding region-containing protein 3,15,13.593685,13.59893,-0.005245,0.996371043673758,Down,0.786659432738283,0.881789720313316
O00178,GTPBP1,GTP-binding protein 1,5,11.787605,11.825975,-0.03837,0.97375450309693,Down,0.787231990128555,0.8822818759979
Q15345,LRRC41,Leucine-rich repeat-containing protein 41,17,15.647465,15.68032,-0.032855,0.977484004814819,Down,0.787451804070386,0.882378598355574
Q99614,TTC1,Tetratricopeptide repeat protein 1,2,11.39894,11.489335,-0.090395,0.939265549545217,Down,0.787631132974004,0.88242993012802
Q12946,FOXF1,Forkhead box protein F1,1,11.75224,12.00827,-0.25603,0.837389074311102,Down,0.788292728243624,0.883021464569849
P30530,AXL,Tyrosine-protein kinase receptor UFO,5,11.110075,11.035125,0.0749499999999994,1.05332452987583,Up,0.78862237755277,0.883241025800078
Q8NCJ5,SPRYD3,SPRY domain-containing protein 3,3,11.866615,11.67467,0.191945,1.14230269790425,Up,0.788816021558717,0.883308215262888
Q8TB37,NUBPL,Iron-sulfur cluster transfer protein NUBPL,4,11.80895,11.761975,0.0469749999999998,1.03309648533112,Up,0.789067340641587,0.883346598326168
Q9H694,BICC1,Protein bicaudal C homolog 1,4,14.003975,13.919335,0.0846400000000003,1.06042309780998,Up,0.789117614846073,0.883346598326168
Q9ULC4,MCTS1,Malignant T-cell-amplified sequence 1,10,15.45684,15.435645,0.0211949999999987,1.01479970139411,Up,0.789288663301637,0.883388446360799
Q8N131,TMEM123,Porimin,1,12.215085,12.031,0.184085,1.13609619877442,Up,0.790057917598723,0.884099691400264
P07711,CTSL,Procathepsin L,3,10.99196,11.07429,-0.08233,0.944530965623757,Down,0.791046928650461,0.885056568723701
Q6NW29,RWDD4,RWD domain-containing protein 4,3,11.641385,11.5784,0.0629849999999994,1.04462490162569,Up,0.791256372756946,0.88514105747303
Q86VZ2,WDR5B,WD repeat-containing protein 5B,1,9.3646765,9.156083,0.208593500000001,1.15556106479192,Up,0.793277106782472,0.887150499553494
Q9UPT8,ZC3H4,Zinc finger CCCH domain-containing protein 4,16,15.418765,15.38933,0.0294349999999994,1.02061234689754,Up,0.79332114576504,0.887150499553494
Q99538,LGMN,Legumain,2,10.1671975,10.274837,-0.1076395,0.92810536205654,Down,0.793969985214041,0.887584450510779
Q9BY67,CADM1,Cell adhesion molecule 1,1,10.270595,10.0955115,0.1750835,1.12902974866135,Up,0.794042161820347,0.887584450510779
O00470,MEIS1,Homeobox protein Meis1,4,11.00515,10.88057,0.124580000000002,1.09019030828077,Up,0.794112098028482,0.887584450510779
Q6UW63,POGLUT2,Protein O-glucosyltransferase 2,11,13.27255,13.33138,-0.05883,0.960042380987863,Down,0.794536214650569,0.88777174857918
Q969U6,FBXW5,F-box/WD repeat-containing protein 5,1,10.610745,10.779215,-0.16847,0.889785812342213,Down,0.794573592851851,0.88777174857918
Q96D71,REPS1,RalBP1-associated Eps domain-containing protein 1,7,13.26521,13.348245,-0.083035,0.944069515603124,Down,0.794682654651903,0.88777174857918
Q8TBN0,RAB3IL1,Guanine nucleotide exchange factor for Rab-3A,1,9.632763,9.457409,0.175354,1.12924145742244,Up,0.795143173714291,0.888136088402526
O76064,RNF8,E3 ubiquitin-protein ligase RNF8,5,11.761305,11.691425,0.0698800000000013,1.04962937427506,Up,0.795632415218054,0.888393574118235
Q9NUJ1,ABHD10,"Palmitoyl-protein thioesterase ABHD10, mitochondrial",10,13.90169,13.810055,0.0916349999999984,1.06557711231571,Up,0.795642542775887,0.888393574118235
P31641,SLC6A6,Sodium- and chloride-dependent taurine transporter,2,10.555498,10.4146205,0.1408775,1.10257553882118,Up,0.79613147908686,0.888671639858153
O75821,EIF3G,Eukaryotic translation initiation factor 3 subunit G,7,13.724335,13.675155,0.0491799999999998,1.03467666644455,Up,0.796223467595793,0.888671639858153
Q6N021,TET2,Methylcytosine dioxygenase TET2,6,12.104465,12.00728,0.0971849999999996,1.06968424708563,Up,0.796294969169312,0.888671639858153
Q12841,FSTL1,Follistatin-related protein 1,1,9.757594,9.920819,-0.163225,0.893026566751129,Down,0.796563717027221,0.888821476588368
Q8N5V2,NGEF,Ephexin-1,4,9.252204,9.1205795,0.131624499999997,1.09552658921876,Up,0.79692451399741,0.888880426540475
Q9Y4A0,JRKL,Jerky protein homolog-like,10,12.502115,12.55946,-0.057345,0.961031083992574,Down,0.796974740705541,0.888880426540475
Q14671,PUM1,Pumilio homolog 1,16,13.41446,13.45734,-0.04288,0.970715208232847,Down,0.797132444742355,0.888880426540475
Q9H5J8,TAF1D,TATA box-binding protein-associated factor RNA polymerase I subunit D,6,13.09193,13.0695,0.0224299999999999,1.01566877917884,Up,0.79715452989944,0.888880426540475
Q9UNK0,STX8,Syntaxin-8,2,11.23817,11.19573,0.0424399999999991,1.02985412535525,Up,0.797867660101167,0.88952553400955
Q13133,NR1H3,Oxysterols receptor LXR-alpha,4,11.095535,11.152305,-0.05677,0.961414188524625,Down,0.798076339116545,0.889608116920433
Q9NZ43,USE1,Vesicle transport protein USE1,5,11.89116,11.782905,0.108255,1.07792365394081,Up,0.798696987641588,0.889818239474095
Q8WVV9,HNRNPLL,Heterogeneous nuclear ribonucleoprotein L-like,17,17.30869,17.29673,0.0119599999999984,1.00832449781572,Up,0.798798453683426,0.889818239474095
Q9BSJ5,MTNAP1,Mitochondrial nucleoid-associated protein 1,8,12.087875,12.050065,0.0378100000000003,1.0265543417001,Up,0.798857472599158,0.889818239474095
P53816,PLAAT3,Phospholipase A and acyltransferase 3,2,11.651405,11.860665,-0.20926,0.86498079119832,Down,0.798924739000794,0.889818239474095
Q9UBF6,RNF7,RING-box protein 2,1,10.988685,10.852925,0.135760000000001,1.09867143253227,Up,0.798938028905928,0.889818239474095
O60941,DTNB,Dystrobrevin beta,8,12.988755,12.940395,0.0483600000000006,1.03408874330686,Up,0.799730167231997,0.890550408632901
O43823,AKAP8,A-kinase anchor protein 8,16,14.46292,14.434725,0.0281950000000002,1.0197355049078,Up,0.800002754874933,0.890703876
P62330,ARF6,ADP-ribosylation factor 6,5,13.642085,13.675455,-0.03337,0.977135133841679,Down,0.800828206907792,0.891390021723483
Q13363,CTBP1,C-terminal-binding protein 1,9,16.903705,16.865655,0.0380500000000019,1.0267251286848,Up,0.800914690838433,0.891390021723483
Q9Y584,TIMM22,Mitochondrial import inner membrane translocase subunit Tim22,2,11.05584,11.17462,-0.11878,0.920966126813867,Down,0.801053287084763,0.891390021723483
Q92805,GOLGA1,Golgin subfamily A member 1,1,9.7293175,9.936961,-0.2076435,0.865950521492987,Down,0.801158530645709,0.891390021723483
Q9UII4,HERC5,E3 ISG15--protein ligase HERC5,7,12.12337,12.15806,-0.03469,0.976241508745849,Down,0.801392436799172,0.891401240061385
Q86VQ1,GLCCI1,Glucocorticoid-induced transcript 1 protein,2,12.29915,12.33152,-0.03237,0.977812667092731,Down,0.801438367142495,0.891401240061385
P00751,CFB,Complement factor B,4,11.827685,12.09198,-0.264295,0.832605503616733,Down,0.801768357392605,0.891616390965195
Q14244,MAP7,Ensconsin,13,13.903205,13.938225,-0.03502,0.97601823019675,Down,0.801901623225468,0.891616390965195
Q9UIQ6,LNPEP,Leucyl-cystinyl aminopeptidase,10,11.620045,11.610395,0.0096500000000006,1.00671129074659,Up,0.802817927150824,0.892485059804843
Q9UKJ3,GPATCH8,G patch domain-containing protein 8,12,12.849395,12.837275,0.0121200000000012,1.00843633078218,Up,0.803318887932013,0.892771061006962
Q9P2W1,PSMC3IP,Homologous-pairing protein 2 homolog,4,15.645435,15.68393,-0.038495,0.973670137353302,Down,0.803345362355636,0.892771061006962
Q96M94,KLHL15,Kelch-like protein 15,2,9.806428,9.9646415,-0.1582135,0.896134073631999,Down,0.80358642862267,0.892888820909083
Q9Y3B3,TMED7,Transmembrane emp24 domain-containing protein 7,3,12.807395,12.74214,0.0652550000000005,1.0462698542949,Up,0.805110247484837,0.894431606257739
Q92896,GLG1,Golgi apparatus protein 1,27,13.87005,13.89439,-0.02434,0.983270319361642,Down,0.805377237324478,0.894577842265122
Q9UHA3,RSL24D1,Probable ribosome biogenesis protein RLP24,3,13.916105,13.971555,-0.05545,0.96229424109221,Down,0.806291123517717,0.895160708230916
P06756,ITGAV,Integrin alpha-V,19,13.38681,13.379695,0.00711500000000065,1.00494392324658,Up,0.80634585452239,0.895160708230916
P24864,CCNE1,G1/S-specific cyclin-E1,3,11.421345,11.48545,-0.064105,0.956538538249381,Down,0.80655148578872,0.895160708230916
P13051,UNG,Uracil-DNA glycosylase,8,14.97482,15.001945,-0.027125,0.981374030589451,Down,0.806567503747911,0.895160708230916
Q765P7,MTSS2,Protein MTSS 2,7,11.833785,11.87572,-0.041935,0.971351258365864,Down,0.806579212818142,0.895160708230916
Q9BQI6,SLF1,SMC5-SMC6 complex localization factor protein 1,11,12.18305,12.13177,0.0512800000000002,1.0361838478616,Up,0.80688464198121,0.895207476568893
P01034,CST3,Cystatin-C,1,11.747065,11.67242,0.0746449999999985,1.05310187018982,Up,0.806968471833128,0.895207476568893
Q9UK33,ZNF580,Zinc finger protein 580,1,10.42803,10.5183,-0.09027,0.939346934229323,Down,0.807104285512483,0.895207476568893
Q6NVV7,CDPF1,Cysteine-rich DPF motif domain-containing protein 1,4,13.347125,13.47628,-0.129155,0.914366846648227,Down,0.807173945240317,0.895207476568893
Q13322,GRB10,Growth factor receptor-bound protein 10,8,11.381505,11.43535,-0.053845,0.963365390330985,Down,0.807298617090423,0.895207476568893
P63165,SUMO1,Small ubiquitin-related modifier 1,6,17.621195,17.66825,-0.047055,0.967910126460727,Down,0.807602886799862,0.895326588306189
P14316,IRF2,Interferon regulatory factor 2,5,13.55889,13.51616,0.0427300000000006,1.03006115990302,Up,0.80767697374512,0.895326588306189
Q14517,FAT1,Protocadherin Fat 1,3,9.6402905,9.5245895,0.115700999999998,1.08350138681987,Up,0.807857300556019,0.895376303769031
P15954,COX7C,"Cytochrome c oxidase subunit 7C, mitochondrial",1,11.72071,11.877375,-0.156665,0.897096445135685,Down,0.808499953135683,0.895938328349049
O76094,SRP72,Signal recognition particle subunit SRP72,18,13.62133,13.590175,0.0311550000000018,1.02182985998248,Up,0.808840270468704,0.896165188185694
O15498,YKT6,Synaptobrevin homolog YKT6,6,12.51488,12.46527,0.0496100000000013,1.03498510118934,Up,0.809588494406572,0.896843841691759
O60232,ZNRD2,Protein ZNRD2,2,12.33897,12.43274,-0.09377,0.93707082640508,Down,0.810212726816718,0.896891036337473
Q8N720,ZNF655,Zinc finger protein 655,6,10.98208,11.0628,-0.08072,0.945585619344653,Down,0.810385560163272,0.896891036337473
Q9HAU4,SMURF2,E3 ubiquitin-protein ligase SMURF2,1,10.993635,11.18927,-0.195635,0.873188478758675,Down,0.810528310553516,0.896891036337473
Q96J42,TXNDC15,Thioredoxin domain-containing protein 15,2,14.460525,14.622055,-0.16153,0.894076386384271,Down,0.810537825812591,0.896891036337473
Q70CQ3,USP30,Ubiquitin carboxyl-terminal hydrolase 30,1,9.7159555,9.853704,-0.1377485,0.908936554380861,Down,0.810569745061443,0.896891036337473
Q15025,TNIP1,TNFAIP3-interacting protein 1,2,9.806596,9.966417,-0.159821,0.895136126572048,Down,0.810826439825797,0.896891036337473
P30260,CDC27,Cell division cycle protein 27 homolog,24,14.953495,14.931085,0.0224100000000007,1.01565469911743,Up,0.810860589014779,0.896891036337473
Q08257,CRYZ,Quinone oxidoreductase,10,13.09181,13.057905,0.0339049999999972,1.02377948337186,Up,0.811048787533717,0.896891036337473
Q8TF01,PNISR,Arginine/serine-rich protein PNISR,8,13.78008,13.737705,0.0423750000000016,1.02980772676907,Up,0.811050985417911,0.896891036337473
Q15560,TCEA2,Transcription elongation factor A protein 2,4,14.695505,14.59149,0.104015,1.07476034730398,Up,0.81108630540535,0.896891036337473
P38398,BRCA1,Breast cancer type 1 susceptibility protein,37,14.55046,14.5285,0.0219600000000018,1.01533794933369,Up,0.811123880192023,0.896891036337473
Q9H900,ZWILCH,Protein zwilch homolog,2,10.119793,10.2078915,-0.0880985,0.940761874806622,Down,0.81127639162812,0.896909613962905
Q9BQ15,NABP2,SOSS complex subunit B1,1,10.990205,11.13693,-0.146725,0.903298676448486,Down,0.811919756438788,0.897413413655853
Q53FV1,ORMDL2,ORM1-like protein 2,2,11.302875,11.438905,-0.13603,0.910019900552298,Down,0.812003663740657,0.897413413655853
Q92536,SLC7A6,Y+L amino acid transporter 2,1,10.2276805,10.152432,0.0752484999999989,1.05354248993854,Up,0.812919445306684,0.898004960803072
P11171,EPB41,Protein 4.1,20,14.24694,14.212995,0.0339449999999992,1.02380786895987,Up,0.812992599139812,0.898004960803072
Q9UID6,ZNF639,Zinc finger protein 639,10,12.492625,12.487395,0.00523000000000096,1.00363173859333,Up,0.81300192936793,0.898004960803072
O60716,CTNND1,Catenin delta-1,26,14.440305,14.45877,-0.018465,0.987282595708818,Down,0.813082415712753,0.898004960803072
P56211,ARPP19,cAMP-regulated phosphoprotein 19,2,12.711365,12.799575,-0.08821,0.940689169978003,Down,0.813791002962588,0.898637383221344
Q96GY3,LIN37,Protein lin-37 homolog,2,13.054595,12.97004,0.0845549999999982,1.06036062216161,Up,0.815101219900156,0.899933839345161
Q9HD15,SRA1,Steroid receptor RNA activator 1,5,12.996535,13.035725,-0.03919,0.973201197101577,Down,0.816112711697976,0.90090010215666
O14936,CASK,Peripheral plasma membrane protein CASK,16,11.90536,11.85089,0.0544700000000002,1.03847752979393,Up,0.816360708136807,0.901003888625715
Q9H4Z2,ZNF335,Zinc finger protein 335,11,12.37261,12.305795,0.0668150000000001,1.0474018078201,Up,0.816479390071026,0.901003888625715
O75417,POLQ,DNA polymerase theta,10,12.74342,12.660725,0.0826950000000011,1.05899442912094,Up,0.817419868002152,0.901891136498535
Q13641,TPBG,Trophoblast glycoprotein,2,10.54096,10.42316,0.117800000000001,1.08507893757348,Up,0.817744041413763,0.902098208930656
Q13227,GPS2,G protein pathway suppressor 2,3,13.159405,13.28655,-0.127145,0.915641654000807,Down,0.818381027001553,0.902594460698663
Q7L2E3,DHX30,ATP-dependent RNA helicase DHX30,59,16.280235,16.266325,0.0139099999999992,1.0096883079976,Up,0.818557371478823,0.902594460698663
Q5T7W0,ZNF618,Zinc finger protein 618,9,12.029855,11.98585,0.0440050000000003,1.0309718918649,Up,0.818603600760749,0.902594460698663
Q6DKI1,RPL7L1,Ribosomal protein uL30-like,10,14.32091,14.284425,0.0364850000000025,1.02561196646135,Up,0.818787537449379,0.902646678065545
Q9UPR3,SMG5,Nonsense-mediated mRNA decay factor SMG5,3,11.1584565,10.435482,0.722974499999999,1.65058164231918,Up,0.81951275979882,0.902885079777726
Q96GZ6,SLC41A3,Solute carrier family 41 member 3,1,7.640496,7.828099,-0.187603,0.878063389351041,Down,0.819693317801464,0.902885079777726
P42226,STAT6,Signal transducer and activator of transcription 6,6,11.715495,11.67141,0.044084999999999,1.0310290626708,Up,0.819756946536505,0.902885079777726
O00512,BCL9,B-cell CLL/lymphoma 9 protein,4,11.060705,10.96151,0.0991949999999981,1.07117559746445,Up,0.81977795480635,0.902885079777726
Q969X5,ERGIC1,Endoplasmic reticulum-Golgi intermediate compartment protein 1,8,14.82328,14.76879,0.0544900000000013,1.03849192624915,Up,0.819791934940762,0.902885079777726
Q53R41,FASTKD1,"FAST kinase domain-containing protein 1, mitochondrial",6,10.5884,10.62098,-0.03258,0.97767034615157,Down,0.819823477643537,0.902885079777726
Q13242,SRSF9,Serine/arginine-rich splicing factor 9,18,17.385725,17.356405,0.0293199999999985,1.0205309951643,Up,0.820281041526492,0.902985604055013
P23142,FBLN1,Fibulin-1,4,11.060205,11.02381,0.0363949999999988,1.02554798745312,Up,0.820444566458273,0.902985604055013
P10588,NR2F6,Nuclear receptor subfamily 2 group F member 6,10,14.27186,14.288355,-0.016495,0.988631650897426,Down,0.820493996751252,0.902985604055013
Q9NZ01,TECR,Very-long-chain enoyl-CoA reductase,13,14.51539,14.48753,0.0278600000000004,1.01949874542245,Up,0.820583904366015,0.902985604055013
Q15041,ARL6IP1,ADP-ribosylation factor-like protein 6-interacting protein 1,1,12.430805,12.658085,-0.22728,0.854243932103615,Down,0.820684917756571,0.902985604055013
Q99426,TBCB,Tubulin-folding cofactor B,2,13.33964,13.44467,-0.10503,0.929785608063955,Down,0.820905629691678,0.902985604055013
Q9H3K6,BOLA2,BolA-like protein 2,2,11.682255,11.65445,0.0278050000000007,1.01945987971584,Up,0.821038877695965,0.902985604055013
O14787,TNPO2,Transportin-2,3,13.48202,13.521285,-0.039265,0.973150605541673,Down,0.821089577402258,0.902985604055013
Q15102,PAFAH1B3,Platelet-activating factor acetylhydrolase IB subunit alpha1,2,10.47989,10.54636,-0.06647,0.954971775783236,Down,0.821144421299838,0.902985604055013
Q9Y394,DHRS7,Dehydrogenase/reductase SDR family member 7,7,15.37359,15.41643,-0.04284,0.970742122546346,Down,0.821306463771551,0.903013545011842
Q8NEZ5,FBXO22,F-box only protein 22,4,12.009235,12.14739,-0.138155,0.90868048455997,Down,0.821911474670494,0.90352843248458
Q92600,CNOT9,CCR4-NOT transcription complex subunit 9,10,13.457155,13.466765,-0.00961,0.993360991839035,Down,0.822427036137566,0.90380896932723
Q15361,TTF1,Transcription termination factor 1,24,15.076565,15.058425,0.0181400000000007,1.01265307104958,Up,0.822440178776511,0.90380896932723
Q13148,TARDBP,TAR DNA-binding protein 43,11,18.11113,18.10149,0.00964000000000453,1.00670431277985,Up,0.823367369685106,0.904425564548419
O95677,EYA4,Protein phosphatase EYA4,9,11.97283,11.947295,0.0255349999999996,1.01785707787327,Up,0.823379634810829,0.904425564548419
Q7L1V2,MON1B,Vacuolar fusion protein MON1 homolog B,7,10.86567,10.842515,0.0231549999999991,1.01617931321211,Up,0.823411805399885,0.904425564548419
Q8NCN5,PDPR,"Pyruvate dehydrogenase phosphatase regulatory subunit, mitochondrial",9,11.475765,11.441045,0.0347200000000001,1.02435799509931,Up,0.824667643564746,0.905654446048423
Q9P0K7,RAI14,Ankycorbin,32,14.773895,14.79122,-0.017325,0.988063042666335,Down,0.824910017431274,0.905739482277206
Q8WV22,NSMCE1,Non-structural maintenance of chromosomes element 1 homolog,9,12.35874,12.328855,0.0298850000000002,1.02093074210809,Up,0.825019168302131,0.905739482277206
Q15904,ATP6AP1,V-type proton ATPase subunit S1,8,16.30589,16.31786,-0.01197,0.991737353122381,Down,0.825399030993092,0.906006011598296
O15013,ARHGEF10,Rho guanine nucleotide exchange factor 10,2,9.5101475,9.2702725,0.239875,1.18089034064561,Up,0.825701157442696,0.906187138747722
Q9H672,ASB7,Ankyrin repeat and SOCS box protein 7,9,12.125295,12.046255,0.0790400000000009,1.05631491221398,Up,0.82604900894839,0.90624056519823
Q9Y5B0,CTDP1,RNA polymerase II subunit A C-terminal domain phosphatase,5,10.457305,10.39009,0.0672150000000009,1.04769224952601,Up,0.826161841715692,0.90624056519823
O43482,OIP5,Protein Mis18-beta,3,12.438815,12.52566,-0.086845,0.941579620362293,Down,0.826268890979994,0.90624056519823
Q15527,SURF2,Surfeit locus protein 2,3,12.88146,12.961065,-0.079605,0.946316706278578,Down,0.82631540913333,0.90624056519823
Q96AX1,VPS33A,Vacuolar protein sorting-associated protein 33A,13,13.270265,13.234325,0.0359400000000001,1.02522459910953,Up,0.826435449606557,0.90624056519823
Q92747,ARPC1A,Actin-related protein 2/3 complex subunit 1A,14,14.28499,14.260915,0.0240749999999998,1.01682753275328,Up,0.826691901130567,0.906330752379322
Q9Y3C8,UFC1,Ubiquitin-fold modifier-conjugating enzyme 1,3,11.73707,11.97438,-0.23731,0.848325597626426,Down,0.826791966423806,0.906330752379322
Q9ULT8,HECTD1,E3 ubiquitin-protein ligase HECTD1,7,13.276965,13.309825,-0.03286,0.977480617119279,Down,0.827038987056167,0.906451188300864
Q9BQI0,AIF1L,Allograft inflammatory factor 1-like,5,12.92148,12.95675,-0.03527,0.975849113778884,Down,0.827719121789756,0.906942120720457
Q8N4V1,MMGT1,ER membrane protein complex subunit 5,3,12.53225,12.600775,-0.068525,0.953612465658143,Down,0.827761366649387,0.906942120720457
Q96F07,CYFIP2,Cytoplasmic FMR1-interacting protein 2,1,12.37828,12.249425,0.128855,1.09342555575985,Up,0.827965594971874,0.907015517515186
Q9Y6M5,SLC30A1,Proton-coupled zinc antiporter SLC30A1,6,11.56188,11.51269,0.0491899999999994,1.03468383830155,Up,0.828367591864567,0.907305504579537
Q9Y4B5,MTCL1,Microtubule cross-linking factor 1,5,10.993925,11.131155,-0.13723,0.909263281990749,Down,0.828906917917962,0.90773541661479
Q08554,DSC1,Desmocollin-1,5,10.9312,11.244765,-0.313565,0.804650951938007,Down,0.829034797198801,0.90773541661479
P18077,RPL35A,Large ribosomal subunit protein eL33,5,16.434355,16.4195,0.0148549999999972,1.01034989481231,Up,0.829403284309801,0.907988455524842
Q6WCQ1,MPRIP,Myosin phosphatase Rho-interacting protein,35,14.23164,14.23949,-0.00785,0.994573571177642,Down,0.829796988069906,0.908269011949985
Q9Y3I0,RTCB,RNA-splicing ligase RtcB homolog,22,16.37116,16.36323,0.00792999999999822,1.00551179147842,Up,0.830167098215218,0.908385034503611
Q9UHD2,TBK1,Serine/threonine-protein kinase TBK1,7,11.56824,11.627365,-0.059125,0.959846093109333,Down,0.830177879921594,0.908385034503611
Q92674,CENPI,Centromere protein I,8,12.28186,12.214175,0.0676849999999991,1.04803362144548,Up,0.830673914044033,0.908777337844234
Q9C091,GREB1L,GREB1-like protein,15,13.96973,14.015815,-0.046085,0.968561122335577,Down,0.83121423547783,0.909140558130721
Q13952,NFYC,Nuclear transcription factor Y subunit gamma,9,15.046635,14.99623,0.0504049999999996,1.03555558897795,Up,0.831281039912839,0.909140558130721
Q9Y2M5,KLHL20,Kelch-like protein 20,3,13.850245,13.67709,0.173155,1.12752154408702,Up,0.831643470570139,0.909386448874595
Q9Y3I1,FBXO7,F-box only protein 7,3,11.109985,11.180685,-0.0707,0.952175887322056,Down,0.831871507953642,0.909485326065445
Q9UFW8,CGGBP1,CGG triplet repeat-binding protein 1,8,14.01179,13.99242,0.0193700000000021,1.01351679786543,Up,0.833312440795831,0.910785733615294
Q9UL26,RAB22A,Ras-related protein Rab-22A,1,12.93076,13.008125,-0.077365,0.947787145857348,Down,0.833344589082472,0.910785733615294
Q9H582,ZNF644,Zinc finger protein 644,27,15.184985,15.21001,-0.025025,0.982803567709641,Down,0.833474370843592,0.910785733615294
P08651,NFIC,Nuclear factor 1 C-type,16,16.679165,16.65582,0.0233450000000026,1.0163131507719,Up,0.833698926540528,0.910848532368624
A0A024R1R8,TMA7B,Translation machinery-associated protein 7B,1,14.146755,14.30661,-0.159855,0.895115031143828,Down,0.833813510583432,0.910848532368624
Q9H6L4,ARMC7,Armadillo repeat-containing protein 7,1,9.9536435,9.813875,0.139768500000001,1.10172831443086,Up,0.833998729219642,0.910848532368624
Q86X55,CARM1,Histone-arginine methyltransferase CARM1,5,13.193905,13.13703,0.0568750000000016,1.0402101352771,Up,0.834083116643201,0.910848532368624
P26038,MSN,Moesin,28,16.769525,16.763505,0.00602000000000302,1.00418146405349,Up,0.834968644599901,0.911664921883487
Q8NE71,ABCF1,ATP-binding cassette sub-family F member 1,26,17.95946,17.96741,-0.00795,0.994504634980144,Down,0.83535288091522,0.911933734213572
P53634,CTSC,Dipeptidyl peptidase 1,2,9.653699,9.5164535,0.137245499999999,1.09980328431341,Up,0.835507378033812,0.911933734213572
Q96PE7,MCEE,"Methylmalonyl-CoA epimerase, mitochondrial",3,12.053315,12.137785,-0.08447,0.943130948419539,Down,0.83562879322097,0.911933734213572
Q99807,COQ7,"5-demethoxyubiquinone hydroxylase, mitochondrial",2,11.061435,11.118095,-0.05666,0.961487495488031,Down,0.835938730817146,0.912012234340774
O75179,ANKRD17,Ankyrin repeat domain-containing protein 17,18,15.080415,15.045545,0.0348699999999997,1.02446450526468,Up,0.835976715938328,0.912012234340774
Q8N4C8,MINK1,Misshapen-like kinase 1,10,12.580985,12.59594,-0.014955,0.98968752589409,Down,0.836387134341288,0.912309386179497
Q15059,BRD3,Bromodomain-containing protein 3,22,15.994885,15.98229,0.012595000000001,1.00876840797629,Up,0.836802951839206,0.912612328169194
Q86UY8,NT5DC3,5'-nucleotidase domain-containing protein 3,1,10.73685,10.83895,-0.1021,0.93167584821785,Down,0.837170850422154,0.912862918732885
Q58WW2,DCAF6,DDB1- and CUL4-associated factor 6,2,11.76166,11.79446,-0.0328,0.977521270240658,Down,0.837389336899548,0.912950532426446
Q8IY63,AMOTL1,Angiomotin-like protein 1,10,12.875365,12.930315,-0.05495,0.962627804661073,Down,0.837577541109876,0.912988524413302
Q8TBB5,KLHDC4,Kelch domain-containing protein 4,4,11.23272,11.275015,-0.042295,0.971108904425787,Down,0.83782186100625,0.912988524413302
Q9UBC1,NFKBIL1,NF-kappa-B inhibitor-like protein 1,4,11.47194,11.40589,0.0660500000000006,1.04684656228304,Up,0.83783861409694,0.912988524413302
P14621,ACYP2,Acylphosphatase-2,2,11.979515,11.90816,0.0713550000000005,1.05070305581437,Up,0.838381720559555,0.913429738077498
Q8NG31,KNL1,Outer kinetochore KNL1 complex subunit KNL1,39,14.028465,14.042835,-0.01437,0.990088916752952,Down,0.838583170223515,0.913498627329357
Q9HC35,EML4,Echinoderm microtubule-associated protein-like 4,11,15.05907,15.109065,-0.049995,0.965939676610861,Down,0.839246122061504,0.914006203275774
Q8N3R9,PALS1,Protein PALS1,7,13.72556,13.793405,-0.067845,0.954062047381267,Down,0.839325714583246,0.914006203275774
Q9H6U8,ALG9,"Alpha-1,2-mannosyltransferase ALG9",3,11.278575,11.178445,0.10013,1.07187004346563,Up,0.839761502158502,0.914330110010798
Q8WWN8,ARAP3,"Arf-GAP with Rho-GAP domain, ANK repeat and PH domain-containing protein 3",3,10.183,10.26408,-0.08108,0.945349693979287,Down,0.840581666242681,0.915072349233714
Q9BQ65,USB1,U6 snRNA phosphodiesterase 1,2,12.264335,12.364565,-0.10023,0.93288425568003,Down,0.841191166232075,0.915585049016434
Q9H3R0,KDM4C,Lysine-specific demethylase 4C,2,10.466928,10.5962395,-0.1293115,0.914267663767406,Down,0.841933822787268,0.916242488852471
Q7Z3T8,ZFYVE16,Zinc finger FYVE domain-containing protein 16,11,11.714525,11.758895,-0.04437,0.969713181483695,Down,0.842571343015732,0.916669572969583
Q15843,NEDD8,Ubiquitin-like protein NEDD8,3,13.772925,13.65671,0.116215,1.08388748292324,Up,0.842681727776879,0.916669572969583
P09758,TACSTD2,Tumor-associated calcium signal transducer 2,2,12.337315,12.39936,-0.062045,0.957905339134383,Down,0.842742370307639,0.916669572969583
O60566,BUB1B,Mitotic checkpoint serine/threonine-protein kinase BUB1 beta,7,11.255565,11.1879,0.0676650000000016,1.04801909271519,Up,0.842930122853802,0.916722919522918
O15143,ARPC1B,Actin-related protein 2/3 complex subunit 1B,13,15.06582,15.040865,0.0249549999999985,1.01744795575455,Up,0.843313408214696,0.916988863917559
Q9NXD2,MTMR10,Myotubularin-related protein 10,3,11.03479,10.908015,0.126775000000002,1.09185025,Up,0.844209676221731,0.917812428055506
Q9Y3B9,RRP15,RRP15-like protein,7,13.54913,13.574515,-0.025385,0.982558356397148,Down,0.844429454411199,0.91790037240191
P15880,RPS2,Small ribosomal subunit protein uS5,9,15.684625,15.675005,0.00961999999999996,1.00669035699146,Up,0.844626783281306,0.917963889279091
P15291,B4GALT1,"Beta-1,4-galactosyltransferase 1",4,11.819685,11.827945,-0.00826,0.994290963131428,Down,0.844785659486458,0.917985600714568
Q14596,NBR1,Next to BRCA1 gene 1 protein,1,10.111768,9.953099,0.158669,1.11625682788068,Up,0.845376043528091,0.918333884652446
Q53HV7,SMUG1,Single-strand selective monofunctional uracil DNA glycosylase,1,7.239436,7.0794135,0.1600225,1.11730456320777,Up,0.845515356927275,0.918333884652446
O95155,UBE4B,Ubiquitin conjugation factor E4 B,10,10.66264,10.58491,0.077729999999999,1.05535618951972,Up,0.845603297771427,0.918333884652446
Q8NEM7,SUPT20H,Transcription factor SPT20 homolog,10,12.83041,12.794585,0.0358250000000009,1.02514287973944,Up,0.845661979421212,0.918333884652446
Q9UBP0,SPAST,Spastin,16,14.859685,14.80798,0.0517049999999983,1.03648913968987,Up,0.845848633237508,0.918385677191834
Q68D91,MBLAC2,Acyl-coenzyme A thioesterase MBLAC2,2,7.872906,8.0323455,-0.1594395,0.895372863774464,Down,0.846064815715479,0.918469508387582
Q9UDY4,DNAJB4,DnaJ homolog subfamily B member 4,6,12.67653,12.654055,0.022475,1.01570046003071,Up,0.846602048169633,0.918901779660553
Q9UL33,TRAPPC2L,Trafficking protein particle complex subunit 2-like protein,2,10.92541,10.801705,0.123705000000001,1.08952930420561,Up,0.84704324528971,0.918967946469145
Q16831,UPP1,Uridine phosphorylase 1,6,13.8186,13.713235,0.105364999999999,1.07576652358572,Up,0.847187983089985,0.918967946469145
Q96EH3,MALSU1,Mitochondrial assembly of ribosomal large subunit protein 1,3,11.611285,11.48437,0.126915,1.09195620850916,Up,0.84719914699605,0.918967946469145
Q96GX2,ATXN7L3B,Ataxin-7-like protein 3B,1,11.88198,11.78736,0.0946200000000008,1.06778412101444,Up,0.847219200762067,0.918967946469145
Q92619,ARHGAP45,Rho GTPase-activating protein 45,4,10.3277985,10.1873275,0.140471,1.10226491612768,Up,0.847505321757343,0.919127448555018
O43731,KDELR3,ER lumen protein-retaining receptor 3,1,10.79916,10.73805,0.0611099999999993,1.04326813571778,Up,0.84828495766373,0.919822032026184
P23677,ITPKA,Inositol-trisphosphate 3-kinase A,3,12.61468,12.663905,-0.049225,0.966455358754259,Down,0.84868293845206,0.920102614867071
Q5EB52,MEST,Mesoderm-specific transcript homolog protein,3,11.40394,11.332035,0.0719049999999992,1.05110369270051,Up,0.849158525420792,0.920467228884043
O00400,SLC33A1,Acetyl-coenzyme A transporter 1,3,13.87377,13.76773,0.10604,1.07626996490979,Up,0.849756427464627,0.920835769075452
Q9UKV5,AMFR,E3 ubiquitin-protein ligase AMFR,2,10.87608,10.783095,0.0929850000000005,1.06657469137551,Up,0.849934946593775,0.920835769075452
Q06587,RING1,E3 ubiquitin-protein ligase RING1,10,16.46042,16.47582,-0.0154,0.989382303361927,Down,0.850125653813263,0.920835769075452
P50542,PEX5,Peroxisomal targeting signal 1 receptor,2,13.310955,13.430915,-0.11996,0.920213163997588,Down,0.850154359364187,0.920835769075452
Q99607,ELF4,ETS-related transcription factor Elf-4,1,10.323115,10.293765,0.0293499999999991,1.02055221673041,Up,0.850195167634802,0.920835769075452
Q6PJP8,DCLRE1A,DNA cross-link repair 1A protein,2,11.27495,11.18443,0.0905200000000015,1.06475388949957,Up,0.8503545792039,0.920857514985839
Q6NT76,HMBOX1,Homeobox-containing protein 1,6,14.034845,13.99531,0.0395350000000008,1.02778250515051,Up,0.850899001349371,0.921161820379736
P02794,FTH1,Ferritin heavy chain,3,14.002305,13.91955,0.0827549999999988,1.05903847237695,Up,0.850914346106565,0.921161820379736
A0A3B3IU46,RAMACL,RNA guanine-N7 methyltransferase-activating subunit-like protein,2,12.30216,12.32434,-0.02218,0.98474357222912,Down,0.851336230951146,0.921417218236023
P17020,ZNF16,Zinc finger protein 16,1,10.38294,10.485975,-0.103035,0.931072231603005,Down,0.8514291045192,0.921417218236023
P12236,SLC25A6,ADP/ATP translocase 3,2,11.99404,11.880585,0.113455,1.08181589491248,Up,0.851696600402318,0.921555800926476
P01889,HLA-B,"HLA class I histocompatibility antigen, B alpha chain",1,14.35593,14.34381,0.0121200000000012,1.00843633078218,Up,0.851867212672988,0.921589525054146
Q92538,GBF1,Golgi-specific brefeldin A-resistance guanine nucleotide exchange factor 1,12,12.25036,12.1828,0.0675600000000003,1.04794282018548,Up,0.852411985785591,0.921944985936349
Q9HC62,SENP2,Sentrin-specific protease 2,8,13.75048,13.735695,0.0147849999999998,1.01030087351892,Up,0.852474778189897,0.921944985936349
Q9Y2Y9,KLF13,Krueppel-like factor 13,6,13.457695,13.4899,-0.032205,0.977924505223431,Down,0.852812585168211,0.922159420055089
Q9H4B0,OSGEPL1,"tRNA N6-adenosine threonylcarbamoyltransferase, mitochondrial",2,11.5728,11.652995,-0.080195,0.945929782714934,Down,0.853167509835896,0.922392290611065
Q92828,CORO2A,Coronin-2A,9,13.3687,13.354275,0.014425000000001,1.01004880157764,Up,0.853667533283754,0.92272252294086
Q92754,TFAP2C,Transcription factor AP-2 gamma,14,17.507175,17.515515,-0.00834,0.994235829461852,Down,0.853814545967212,0.92272252294086
Q7Z736,PLEKHH3,Pleckstrin homology domain-containing family H member 3,3,10.225777,10.372162,-0.146385,0.903511581971695,Down,0.853891806673672,0.92272252294086
Q93096,PTP4A1,Protein tyrosine phosphatase type IVA 1,4,13.43491,13.454315,-0.019405,0.98663953300923,Down,0.854066223344928,0.922760122623285
Q9P016,THYN1,Thymocyte nuclear protein 1,8,15.15416,15.14423,0.00993000000000066,1.00690669345396,Up,0.855275485296812,0.923915606787615
P17707,AMD1,S-adenosylmethionine decarboxylase proenzyme,2,10.82359,10.678815,0.144774999999999,1.10555821909779,Up,0.856248977893967,0.9247590966758
Q9NT62,ATG3,Ubiquitin-like-conjugating enzyme ATG3,4,11.9969,12.03831,-0.04141,0.97170479961688,Down,0.856336158519578,0.9247590966758
Q96KQ7,EHMT2,Histone-lysine N-methyltransferase EHMT2,24,13.72188,13.717875,0.00400500000000115,1.0027799112654,Up,0.856828806742591,0.925139941800651
Q9H7F4,TMEM185B,Transmembrane protein 185B,2,14.732085,14.85093,-0.118845,0.920924634018772,Down,0.8569819917748,0.925154195302132
Q86TC9,MYPN,Myopalladin,2,10.67381,10.53312,0.140689999999999,1.1024322517964,Up,0.857459187292726,0.925518172271375
P83369,LSM11,U7 snRNA-associated Sm-like protein LSm11,7,13.91377,13.874925,0.0388449999999985,1.02729106354463,Up,0.857699801256608,0.925626712362006
Q9NVM6,DNAJC17,DnaJ homolog subfamily C member 17,7,15.43196,15.39128,0.04068,1.02859853213382,Up,0.857871109047591,0.925660434236004
Q02086,SP2,Transcription factor Sp2,5,12.42691,12.39777,0.0291399999999982,1.02040367503436,Up,0.858985147286564,0.926649861898392
Q15262,PTPRK,Receptor-type tyrosine-protein phosphatase kappa,4,12.579625,12.424035,0.15559,1.11387705273158,Up,0.859068498086162,0.926649861898392
P49207,RPL34,Large ribosomal subunit protein eL34,6,16.344665,16.41432,-0.069655,0.95286583511299,Down,0.859478002974041,0.926940294003825
Q9H902,REEP1,Receptor expression-enhancing protein 1,2,12.18662,12.25045,-0.06383,0.956720886675537,Down,0.859652530981572,0.926977251959081
Q15427,SF3B4,Splicing factor 3B subunit 4,4,16.05084,16.0758,-0.02496,0.982847848496089,Down,0.859811822504218,0.92699777078799
Q13901,C1D,Nuclear nucleic acid-binding protein C1D,3,14.87371,14.79542,0.0782899999999991,1.05576591864896,Up,0.860297078794636,0.927369661352757
O75558,STX11,Syntaxin-11,3,10.51916,10.488465,0.0306949999999997,1.02150410381477,Up,0.860509817635749,0.927447714408784
P27797,CALR,Calreticulin,9,14.86472,14.881395,-0.016675,0.9885083104885,Down,0.86098360950815,0.92761106802772
Q96RE9,ZNF300,Zinc finger protein 300,2,10.988035,10.8725,0.115535000000001,1.08337672368742,Up,0.861014291011943,0.92761106802772
Q8NCE0,TSEN2,tRNA-splicing endonuclease subunit Sen2,5,12.10907,12.07164,0.0374299999999987,1.02628398707271,Up,0.861171113549223,0.92761106802772
Q9H0V9,LMAN2L,VIP36-like protein,7,14.130135,14.18399,-0.053855,0.963358712814084,Down,0.861517308268611,0.92761106802772
P49247,RPIA,Ribose-5-phosphate isomerase,10,14.71353,14.792115,-0.078585,0.946985998340844,Down,0.86168358151367,0.92761106802772
Q15043,SLC39A14,Metal cation symporter ZIP14,1,9.711555,9.675237,0.0363180000000014,1.02549325302519,Up,0.861742031205111,0.92761106802772
Q9Y324,FCF1,rRNA-processing protein FCF1 homolog,6,13.337005,13.316995,0.020010000000001,1.01396650804593,Up,0.861762671237687,0.92761106802772
Q8IWR0,ZC3H7A,Zinc finger CCCH domain-containing protein 7A,10,11.861105,11.826895,0.0342099999999999,1.02399594335999,Up,0.861931122823715,0.92761106802772
Q8WWC4,MAIP1,"m-AAA protease-interacting protein 1, mitochondrial",7,12.374905,12.402975,-0.02807,0.980731417448922,Down,0.862017774238275,0.92761106802772
O14950,MYL12B,Myosin regulatory light chain 12B,3,15.504215,15.52919,-0.024975,0.982837629675985,Down,0.862064938693639,0.92761106802772
Q9Y639,NPTN,Neuroplastin,3,11.099175,11.052665,0.0465099999999996,1.0327635581065,Up,0.862680158779725,0.927954171533844
O75494,SRSF10,Serine/arginine-rich splicing factor 10,11,16.37618,16.35011,0.0260700000000007,1.01823460361719,Up,0.862740642470499,0.927954171533844
P07339,CTSD,Cathepsin D,5,13.494725,13.511965,-0.01724,0.988121258595826,Down,0.862805021043345,0.927954171533844
Q99471,PFDN5,Prefoldin subunit 5,5,11.08097,11.073655,0.00731500000000196,1.00508324771299,Up,0.862955796986681,0.927965320905463
P62280,RPS11,Small ribosomal subunit protein uS17,9,15.49669,15.47268,0.0240100000000005,1.01678172106136,Up,0.863434697321218,0.928132302231681
Q96S90,LYSMD1,LysM and putative peptidoglycan-binding domain-containing protein 1,1,9.583517,9.528178,0.055339,1.03910323986538,Up,0.86350554040465,0.928132302231681
O00287,RFXAP,Regulatory factor X-associated protein,3,14.39609,14.417535,-0.021445,0.985245390636804,Down,0.863705585841765,0.928132302231681
P00395,MT-CO1,Cytochrome c oxidase subunit 1,1,10.882675,10.86014,0.0225349999999995,1.01574270270373,Up,0.863760899621175,0.928132302231681
P78356,PIP4K2B,Phosphatidylinositol 5-phosphate 4-kinase type-2 beta,6,13.85422,13.8743,-0.02008,0.986178017656135,Down,0.863813253295063,0.928132302231681
Q9UNZ2,NSFL1C,NSFL1 cofactor p47,7,12.403935,12.44915,-0.045215,0.969145377689674,Down,0.864145676995106,0.928338553195815
Q13042,CDC16,Cell division cycle protein 16 homolog,18,16.002075,16.01301,-0.010935,0.992449088042208,Down,0.865108799767494,0.929222177419693
P41162,ETV3,ETS translocation variant 3,4,11.37192,11.32278,0.0491399999999995,1.03464797951367,Up,0.866616027011295,0.930689847662926
Q2NKJ3,CTC1,CST complex subunit CTC1,5,12.99113,13.018085,-0.026955,0.981489677632157,Down,0.866940230577389,0.930886756114698
Q5T1C6,THEM4,Acyl-coenzyme A thioesterase THEM4,5,10.4165165,10.331745,0.0847715000000004,1.06051975856555,Up,0.8671023937027,0.930909636124293
Q12772,SREBF2,Sterol regulatory element-binding protein 2,5,11.942925,12.01617,-0.073245,0.950497673001618,Down,0.867272297820126,0.930940817978433
Q5JVF3,PCID2,PCI domain-containing protein 2,17,14.14643,14.17132,-0.02489,0.982895537728084,Down,0.86791742535388,0.93148201756476
O96005,CLPTM1,Putative lipid scramblase CLPTM1,5,11.810165,11.82507,-0.014905,0.989721826444379,Down,0.868109232080986,0.931536599256899
O43167,ZBTB24,Zinc finger and BTB domain-containing protein 24,7,14.136315,14.171905,-0.03559,0.975632687522415,Down,0.868415862437048,0.931714356306242
Q8N3D4,EHBP1L1,EH domain-binding protein 1-like protein 1,16,14.444585,14.429105,0.0154800000000002,1.01078769037381,Up,0.86892481652532,0.932109091448765
O14656,TOR1A,Torsin-1A,8,11.153425,11.18562,-0.032195,0.977931283703058,Down,0.869285589967366,0.932316781953444
Q15075,EEA1,Early endosome antigen 1,7,11.20384,11.180685,0.0231549999999991,1.01617931321211,Up,0.869400563955072,0.932316781953444
O75410,TACC1,Transforming acidic coiled-coil-containing protein 1,7,14.000795,14.05394,-0.053145,0.963832931550928,Down,0.869791746317671,0.932438067025903
Q14678,KANK1,KN motif and ankyrin repeat domain-containing protein 1,24,15.455015,15.436755,0.0182599999999979,1.01273730466724,Up,0.869795836467649,0.932438067025903
Q9BWJ5,SF3B5,Splicing factor 3B subunit 5,4,16.44417,16.41136,0.0328099999999978,1.0230027334849,Up,0.86994017521293,0.932441553354242
Q9HDC9,APMAP,Adipocyte plasma membrane-associated protein,9,13.32807,13.337655,-0.009585,0.99337820562245,Down,0.870084094626459,0.932444589165927
Q9HB71,CACYBP,Calcyclin-binding protein,13,15.795045,15.77881,0.016235,1.01131680041177,Up,0.87042284110552,0.932656380814913
Q8WXD5,GEMIN6,Gem-associated protein 6,5,13.070465,13.050605,0.0198599999999995,1.01386108932239,Up,0.870742520412858,0.932847676675081
O00425,IGF2BP3,Insulin-like growth factor 2 mRNA-binding protein 3,17,15.12336,15.10817,0.0151900000000005,1.0105845296485,Up,0.871018465448907,0.93299206453028
Q9Y6N1,COX11,"Cytochrome c oxidase assembly protein COX11, mitochondrial",2,11.157355,11.045535,0.111819999999998,1.08059057213288,Up,0.871483998010059,0.933111101746859
P21695,GPD1,"Glycerol-3-phosphate dehydrogenase [NAD(+)], cytoplasmic",2,10.028521,9.913114,0.115406999999999,1.08328060769257,Up,0.871569769413181,0.933111101746859
Q14116,IL18,Interleukin-18,5,14.357245,14.280035,0.0772099999999991,1.05497586913754,Up,0.871642385585234,0.933111101746859
Q07960,ARHGAP1,Rho GTPase-activating protein 1,7,11.90353,11.93828,-0.03475,0.976200908847144,Down,0.871694347433063,0.933111101746859
Q6WKZ4,RAB11FIP1,Rab11 family-interacting protein 1,12,14.641475,14.629,0.0124750000000002,1.00868450446844,Up,0.872616457389927,0.933946909617819
Q92800,EZH1,Histone-lysine N-methyltransferase EZH1,1,10.422795,10.3464795,0.0763154999999998,1.05432196557538,Up,0.873105517401128,0.934319035703377
P42766,RPL35,Large ribosomal subunit protein uL29,3,16.13373,16.09145,0.0422799999999981,1.02973991721107,Up,0.873287052732674,0.934362009310384
Q96EI5,TCEAL4,Transcription elongation factor A protein-like 4,3,12.023235,12.09108,-0.067845,0.954062047381266,Down,0.873568553127969,0.934511907999797
O15318,POLR3G,DNA-directed RNA polymerase III subunit RPC7,3,11.472745,11.53962,-0.066875,0.954703729331085,Down,0.873942902433461,0.934732667226262
Q7Z2T5,TRMT1L,TRMT1-like protein,22,14.14727,14.13729,0.00997999999999877,1.00694159078547,Up,0.874057782335951,0.934732667226262
P35611,ADD1,Alpha-adducin,2,10.038752,10.0747905,-0.0360385,0.975329433376743,Down,0.874266582058771,0.934804698402591
Q9NW61,PLEKHJ1,Pleckstrin homology domain-containing family J member 1,2,11.73219,11.65588,0.0763099999999994,1.0543179461814,Up,0.874655799208502,0.934973240217178
Q5T8I3,EEIG2,EEIG family member 2,4,11.80645,11.85763,-0.05118,0.965146599403425,Down,0.87470805325965,0.934973240217178
Q9BU61,NDUFAF3,NADH dehydrogenase [ubiquinone] 1 alpha subcomplex assembly factor 3,5,15.85012,15.86186,-0.01174,0.991895472314573,Down,0.874848618172648,0.934973240217178
Q9Y2I1,NISCH,Nischarin,1,9.0289545,8.99404,0.0349145000000011,1.02449610541045,Up,0.875055977487534,0.935043646760729
P50914,RPL14,Large ribosomal subunit protein eL14,6,17.165015,17.15218,0.012834999999999,1.00893623593011,Up,0.87528321763153,0.935135270825539
Q9Y575,ASB3,Ankyrin repeat and SOCS box protein 3,4,11.59954,11.658255,-0.058715,0.960118910864999,Down,0.875642793300391,0.935368227076497
A0A024RBG1,NUDT4B,Diphosphoinositol polyphosphate phosphohydrolase NUDT4B,1,10.33154,10.459725,-0.128185,0.914981830445787,Down,0.876001152147536,0.935599808426481
Q09161,NCBP1,Nuclear cap-binding protein subunit 1,21,15.7661,15.77435,-0.00825,0.994297855055091,Down,0.876223470254696,0.935652219972497
Q86VZ5,SGMS1,Phosphatidylcholine:ceramide cholinephosphotransferase 1,1,10.24337,10.34298,-0.09961,0.933285250014567,Down,0.876333369894047,0.935652219972497
Q9BX68,HINT2,Adenosine 5'-monophosphoramidase HINT2,3,12.485455,12.561055,-0.0756,0.948947382750996,Down,0.877299463050708,0.936461635126558
O14880,MGST3,"Glutathione S-transferase 3, mitochondrial",3,14.160245,14.180675,-0.02043,0.985938798395421,Down,0.877374859237956,0.936461635126558
P49459,UBE2A,Ubiquitin-conjugating enzyme E2 A,3,14.350465,14.3687,-0.018235,0.987440004649808,Down,0.878031005592709,0.937010643623804
P51523,ZNF84,Zinc finger protein 84,6,12.1398,12.094925,0.0448750000000011,1.03159379463784,Up,0.878881001620253,0.937766312513441
P08697,SERPINF2,Alpha-2-antiplasmin,1,9.8109965,9.9016925,-0.090696,0.939069604157181,Down,0.879166995877379,0.937920044512284
Q9P2N7,KLHL13,Kelch-like protein 13,7,12.11091,12.082925,0.027985000000001,1.01958708208441,Up,0.880147971542317,0.938815032912069
Q8NHQ8,RASSF8,Ras association domain-containing protein 8,2,9.1132515,9.2104,-0.0971485,0.934878963504151,Down,0.880442031535584,0.938977148042387
Q8NBL1,POGLUT1,Protein O-glucosyltransferase 1,9,12.783995,12.756625,0.0273700000000012,1.01915253950516,Up,0.880601173674626,0.938995346372314
O60907,TBL1X,F-box-like/WD repeat-containing protein TBL1X,6,13.50196,13.51225,-0.01029,0.992892891312847,Down,0.88110614101882,0.93932724381805
Q53TN4,CYBRD1,Plasma membrane ascorbate-dependent reductase CYBRD1,2,12.453615,12.474955,-0.02134,0.985317099853078,Down,0.881241316516914,0.93932724381805
Q9GZZ1,NAA50,N-alpha-acetyltransferase 50,10,12.99243,12.98362,0.00881000000000043,1.00612531011692,Up,0.8813960804818,0.93932724381805
Q9Y342,PLLP,Plasmolipin,1,11.300125,11.18723,0.112895,1.0813960561236,Up,0.881490359041648,0.93932724381805
Q5XG87,TENT4A,Terminal nucleotidyltransferase 4A,2,9.542008,9.649951,-0.107943,0.927910136909888,Down,0.881623073597119,0.93932724381805
O15400,STX7,Syntaxin-7,7,12.228775,12.201625,0.0271499999999989,1.01899713835815,Up,0.881848580022177,0.939416064694805
Q2KHM9,KIAA0753,Protein moonraker,2,8.6557385,8.5663805,0.0893580000000007,1.06389664257127,Up,0.882179397237081,0.939427853817654
O75962,TRIO,Triple functional domain protein,21,12.903085,12.86344,0.0396450000000002,1.02786087263811,Up,0.882226535531699,0.939427853817654
Q8IVM0,CCDC50,Coiled-coil domain-containing protein 50,5,11.255865,11.291535,-0.03567,0.975578588458643,Down,0.882286077870506,0.939427853817654
P21675,TAF1,Transcription initiation factor TFIID subunit 1,33,12.870865,12.877105,-0.00624,0.995684101965645,Down,0.882644374096884,0.939608014383951
O60884,DNAJA2,DnaJ homolog subfamily A member 2,14,14.823695,14.81313,0.0105649999999997,1.00734997943277,Up,0.882956438417171,0.939608014383951
P07327,ADH1A,Alcohol dehydrogenase 1A,1,12.138705,12.01217,0.126534999999999,1.09166862956484,Up,0.882980431653864,0.939608014383951
O95905,ECD,Protein ecdysoneless homolog,1,8.832373,8.9527935,-0.1204205,0.919919484095311,Down,0.883140269842921,0.939608014383951
Q6ZRY4,RBPMS2,RNA-binding protein with multiple splicing 2,1,10.343254,10.228328,0.114926000000001,1.08291949802918,Up,0.883166134869587,0.939608014383951
O75746,SLC25A12,"Electrogenic aspartate/glutamate antiporter SLC25A12, mitochondrial",8,10.96527,10.906805,0.058465,1.04135718701486,Up,0.883450710425984,0.939619405747285
Q6PCT2,FBXL19,F-box/LRR-repeat protein 19,9,12.014635,11.982055,0.0325800000000012,1.02283965544862,Up,0.883597532166843,0.939619405747285
Q96MP5,ZSWIM3,Zinc finger SWIM domain-containing protein 3,3,10.707455,10.69406,0.0133949999999992,1.00932794308028,Up,0.883692309014774,0.939619405747285
O95948,ONECUT2,One cut domain family member 2,4,11.94431,11.904165,0.0401450000000008,1.02821716380803,Up,0.883745532777292,0.939619405747285
Q14689,DIP2A,Disco-interacting protein 2 homolog A,8,12.410835,12.348005,0.0628299999999999,1.04451267543964,Up,0.884281056419919,0.940004760195643
Q56VL3,OCIAD2,OCIA domain-containing protein 2,6,12.728835,12.70948,0.0193550000000009,1.01350626017555,Up,0.884665926981687,0.940004760195643
P07919,UQCRH,"Cytochrome b-c1 complex subunit 6, mitochondrial",2,14.20945,14.271715,-0.062265,0.957759277006632,Down,0.884672343418279,0.940004760195643
Q8IZ40,RCOR2,REST corepressor 2,1,9.9415325,10.020402,-0.0788695,0.946799270760846,Down,0.884676896416538,0.940004760195643
Q9H1H9,KIF13A,Kinesin-like protein KIF13A,2,10.308315,10.40413,-0.095815,0.935743482610267,Down,0.884868284020194,0.940056982653827
Q9NRL3,STRN4,Striatin-4,8,13.26015,13.23279,0.0273599999999981,1.01914547530255,Up,0.885591170017291,0.940527412052208
Q8N4J0,CARNMT1,Carnosine N-methyltransferase,4,12.094815,12.11,-0.015185,0.989529758673165,Down,0.885762536059579,0.940527412052208
Q8TE02,ELP5,Elongator complex protein 5,1,9.462657,9.366479,0.0961780000000001,1.06893786884135,Up,0.886019793102337,0.940527412052208
Q96EK4,THAP11,THAP domain-containing protein 11,5,13.85101,13.839,0.0120100000000001,1.00835944428543,Up,0.886209233818219,0.940527412052208
Q15696,ZRSR2,U2 small nuclear ribonucleoprotein auxiliary factor 35 kDa subunit-related protein 2,6,11.410395,11.36568,0.0447150000000001,1.03147939356886,Up,0.88623324793291,0.940527412052208
Q9H857,NT5DC2,5'-nucleotidase domain-containing protein 2,6,12.42289,12.44385,-0.02096,0.985576662547949,Down,0.886271517700053,0.940527412052208
Q8N6R0,METTL13,eEF1A lysine and N-terminal methyltransferase,10,13.212165,13.223585,-0.01142,0.99211550617222,Down,0.886335758986343,0.940527412052208
Q8IVH8,MAP4K3,Mitogen-activated protein kinase kinase kinase kinase 3,2,12.060875,12.15431,-0.093435,0.937288443550359,Down,0.886449576285853,0.940527412052208
Q14240,EIF4A2,Eukaryotic initiation factor 4A-II,6,11.81074,11.777765,0.0329749999999986,1.02311974026673,Up,0.886759830088536,0.940625010902487
Q9UL18,AGO1,Protein argonaute-1,14,13.49817,13.46827,0.0298999999999996,1.02094135699225,Up,0.886934414079009,0.940625010902487
Q9BYG5,PARD6B,Partitioning defective 6 homolog beta,5,13.631505,13.591265,0.0402400000000007,1.02828487309097,Up,0.886968538045741,0.940625010902487
Q9NXA8,SIRT5,"NAD-dependent protein deacylase sirtuin-5, mitochondrial",1,9.5642395,9.714035,-0.1497955,0.901378222655425,Down,0.887639367573257,0.94118539712685
Q6MZQ0,PRR5L,Proline-rich protein 5-like,2,11.94277,11.98961,-0.04684,0.968054381607057,Down,0.888835642436815,0.942248737671062
Q9UJY4,GGA2,ADP-ribosylation factor-binding protein GGA2,1,11.49176,11.38608,0.10568,1.07600143355789,Up,0.888985580260705,0.942248737671062
Q9UFB7,ZBTB47,Zinc finger and BTB domain-containing protein 47,2,10.420795,10.328654,0.0921409999999998,1.06595091035959,Up,0.889088046897486,0.942248737671062
O15379,HDAC3,Histone deacetylase 3,13,16.659005,16.650185,0.00882000000000005,1.00613228407031,Up,0.889212494606508,0.942248737671062
O95644,NFATC1,"Nuclear factor of activated T-cells, cytoplasmic 1",1,10.076988,10.012256,0.0647319999999993,1.04589063349905,Up,0.889523835740784,0.942427545753582
Q8WVD3,RNF138,E3 ubiquitin-protein ligase RNF138,4,12.53564,12.4651,0.0705400000000012,1.05010966557115,Up,0.88991565493632,0.942691547279073
P10276,RARA,Retinoic acid receptor alpha,2,11.186955,11.148905,0.0380500000000019,1.0267251286848,Up,0.890080892236613,0.942692518093005
O60547,GMDS,"GDP-mannose 4,6 dehydratase",4,13.76077,13.80886,-0.04809,0.967215989658591,Down,0.890227083807343,0.942692518093005
Q9NWW7,C2orf42,Uncharacterized protein C2orf42,6,12.838235,12.78176,0.0564750000000007,1.03992176776619,Up,0.890446058273047,0.942692518093005
Q14525,KRT33B,"Keratin, type I cuticular Ha3-II",2,10.859365,10.74661,0.112755,1.08129112188729,Up,0.890487122175008,0.942692518093005
P48454,PPP3CC,Serine/threonine-protein phosphatase 2B catalytic subunit gamma isoform,2,9.989527,10.0957675,-0.1062405,0.929005794313716,Down,0.891075510380691,0.94316432544939
Q5JUR7,TEX30,Testis-expressed protein 30,4,13.522545,13.537015,-0.01447,0.990020291397239,Down,0.891919310240636,0.943787081978543
Q9NX40,OCIAD1,OCIA domain-containing protein 1,6,13.080265,13.11174,-0.031475,0.978419457733146,Down,0.891949480108637,0.943787081978543
P15923,TCF3,Transcription factor E2-alpha,1,10.3299515,10.2638875,0.0660640000000008,1.04685672099473,Up,0.892399955994833,0.944099974554868
Q9H568,ACTL8,Actin-like protein 8,2,10.0701805,9.94747,0.1227105,1.08877851246637,Up,0.892549844331241,0.944099974554868
Q8N782,ZNF525,Zinc finger protein 525,4,12.38994,12.37277,0.0171700000000001,1.01197243979493,Up,0.89267373899128,0.944099974554868
Q14995,NR1D2,Nuclear receptor subfamily 1 group D member 2,2,9.851475,9.960738,-0.109263,0.927061529837746,Down,0.892846065628555,0.944131143638259
Q14141,SEPTIN6,Septin-6,5,13.11104,13.05126,0.0597799999999999,1.04230680487657,Up,0.893080864547169,0.944228352870299
Q9BWW4,SSBP3,Single-stranded DNA-binding protein 3,2,11.77585,11.701375,0.0744750000000014,1.05297778522008,Up,0.893448661122255,0.944449935443583
P63244,RACK1,Small ribosomal subunit protein RACK1,14,16.981805,16.96962,0.0121850000000023,1.00848176646768,Up,0.893576252,0.944449935443583
Q13487,SNAPC2,snRNA-activating protein complex subunit 2,4,11.552575,11.587255,-0.03468,0.976248275559794,Down,0.894766400226145,0.945546447634464
Q5THK1,PRR14L,Protein PRR14L,35,14.47041,14.45758,0.012830000000001,1.00893273922964,Up,0.894899838092536,0.945546447634464
P08069,IGF1R,Insulin-like growth factor 1 receptor,3,10.150949,10.2837125,-0.1327635,0.912082670346496,Down,0.895156843465852,0.945666812414612
Q9C086,INO80B,INO80 complex subunit B,7,12.90844,12.935645,-0.027205,0.981319613166843,Down,0.895364342943364,0.945734847772526
O60684,KPNA6,Importin subunit alpha-7,9,14.608485,14.592985,0.0155000000000012,1.01080170296369,Up,0.895867213912429,0.946014864240474
Q9H2U2,PPA2,"Inorganic pyrophosphatase 2, mitochondrial",7,12.903705,12.921925,-0.01822,0.987450271322008,Down,0.896009199932979,0.946014864240474
P10515,DLAT,"Dihydrolipoyllysine-residue acetyltransferase component of pyruvate dehydrogenase complex, mitochondrial",9,12.693515,12.71695,-0.023435,0.98388731656191,Down,0.896194691788511,0.946014864240474
Q16537,PPP2R5E,Serine/threonine-protein phosphatase 2A 56 kDa regulatory subunit epsilon isoform,8,11.44766,11.507335,-0.059675,0.959480239813796,Down,0.896202007112968,0.946014864240474
Q9NX00,TMEM160,Transmembrane protein 160,3,10.59634,10.61592,-0.01958,0.986519860145737,Down,0.896670911061121,0.946358679527778
O75971,SNAPC5,snRNA-activating protein complex subunit 5,1,11.569795,11.513285,0.0565099999999994,1.03994699673166,Up,0.897825126478386,0.947060955139647
Q75QN2,INTS8,Integrator complex subunit 8,22,14.263715,14.25109,0.0126250000000017,1.00878938494372,Up,0.89783274744073,0.947060955139647
Q92782,DPF1,Zinc finger protein neuro-d4,2,10.534735,10.49179,0.0429449999999996,1.03021467789946,Up,0.897838807043558,0.947060955139647
P25054,APC,Adenomatous polyposis coli protein,17,12.37038,12.39435,-0.02397,0.983522525589578,Down,0.897909508988505,0.947060955139647
Q9Y297,BTRC,F-box/WD repeat-containing protein 1A,1,11.778585,11.67476,0.103825000000001,1.07461881287422,Up,0.898122159522997,0.947134091636746
Q8IY22,CMIP,C-Maf-inducing protein,2,10.7292,10.62857,0.100629999999999,1.07224158969524,Up,0.89833908563289,0.947169730021205
Q8NHM4,PRSS3P2,Putative trypsin-6,1,11.85964,11.79089,0.0687499999999979,1.04880756732501,Up,0.89844258397684,0.947169730021205
Q6P1N9,TATDN1,Deoxyribonuclease TATDN1,6,14.23215,14.19408,0.0380700000000012,1.02673936221602,Up,0.898861782647118,0.947435163815962
Q86X10,RALGAPB,Ral GTPase-activating protein subunit beta,11,12.629715,12.665135,-0.03542,0.975747657993981,Down,0.899134390068413,0.947435163815962
O60678,PRMT3,Protein arginine N-methyltransferase 3,6,12.42965,12.45923,-0.02958,0.979705469710325,Down,0.899305516254578,0.947435163815962
Q969L4,LSM10,U7 snRNA-associated Sm-like protein LSm10,5,12.06027,12.09312,-0.03285,0.977487392522099,Down,0.899333472122753,0.947435163815962
Q9BSB4,ATG101,Autophagy-related protein 101,2,10.1581435,10.077582,0.0805615000000017,1.05742951431482,Up,0.899411139019723,0.947435163815962
Q9H211,CDT1,DNA replication factor Cdt1,10,13.5386,13.50184,0.0367599999999992,1.02580748260676,Up,0.899781398486624,0.94767414543396
Q7Z569,BRAP,BRCA1-associated protein,10,14.584055,14.610875,-0.02682,0.981581524697755,Down,0.899968883136482,0.947720578178618
Q13418,ILK,Scaffold protein ILK,18,14.884115,14.874725,0.00938999999999801,1.00652987932977,Up,0.900269547399112,0.947886161981955
Q8N8D1,PDCD7,Programmed cell death protein 7,6,12.85662,12.822765,0.0338549999999991,1.02374400249358,Up,0.900576030570324,0.948057818738335
Q8IXU6,SLC35F2,Solute carrier family 35 member F2,1,10.644825,10.726325,-0.0815,0.945074522115988,Down,0.900870273039921,0.948191884844101
P13984,GTF2F2,General transcription factor IIF subunit 2,10,14.19787,14.177925,0.0199449999999999,1.01392082525334,Up,0.900990321806772,0.948191884844101
Q8TEL6,TRPC4AP,Short transient receptor potential channel 4-associated protein,4,10.17946,10.230165,-0.050705,0.965464421327176,Down,0.901158857458713,0.948218259663212
O60671,RAD1,Cell cycle checkpoint protein RAD1,4,12.61762,12.595835,0.0217849999999995,1.01521479554171,Up,0.901464012565993,0.948388357059638
Q567U6,CCDC93,Coiled-coil domain-containing protein 93,3,10.78127,10.751625,0.0296449999999986,1.02076091897027,Up,0.901665568152187,0.948436649252293
Q8TC07,TBC1D15,TBC1 domain family member 15,5,13.774845,13.733985,0.0408599999999986,1.02872687477113,Up,0.901796929021245,0.948436649252293
O15091,PRORP,Mitochondrial ribonuclease P catalytic subunit,10,12.398745,12.383605,0.0151400000000006,1.01054950606454,Up,0.903136218545701,0.949684495344547
Q8NF37,LPCAT1,Lysophosphatidylcholine acyltransferase 1,9,12.551415,12.564465,-0.01305,0.990995217391869,Down,0.903360439068406,0.949684495344547
Q96FZ7,CHMP6,Charged multivesicular body protein 6,2,11.38718,11.342215,0.0449650000000013,1.03165815081491,Up,0.903414498748853,0.949684495344547
Q9H9A5,CNOT10,CCR4-NOT transcription complex subunit 10,9,12.81274,12.80267,0.0100700000000007,1.00700440903007,Up,0.903734011772861,0.949685503231503
Q8NFC6,BOD1L1,Biorientation of chromosomes in cell division protein 1-like 1,68,14.191875,14.181475,0.0104000000000006,1.00723477612407,Up,0.903969234264083,0.949685503231503
Q99547,MPHOSPH6,M-phase phosphoprotein 6,6,14.710675,14.69612,0.0145549999999997,1.01013982030066,Up,0.903969613778425,0.949685503231503
O95248,SBF1,Myotubularin-related protein 5,6,11.462235,11.50486,-0.042625,0.970886799766996,Down,0.903999513421993,0.949685503231503
Q92989,CLP1,Polyribonucleotide 5'-hydroxyl-kinase Clp1,10,14.489745,14.503785,-0.01404,0.990315414178892,Down,0.904133936500623,0.949685503231503
Q5EBL8,PDZD11,PDZ domain-containing protein 11,2,11.798645,11.743305,0.0553400000000011,1.03910396011711,Up,0.904756686015963,0.950188612407358
Q9UP95,SLC12A4,Solute carrier family 12 member 4,2,11.19944,11.175815,0.0236249999999991,1.01651041720074,Up,0.904912811600114,0.950201584344638
Q7Z7K0,CMC1,COX assembly mitochondrial protein homolog,1,11.04608,11.014445,0.0316350000000014,1.02216989021869,Up,0.905338214260136,0.950474592098625
Q5T5C0,STXBP5,Syntaxin-binding protein 5,1,8.853418,8.866183,-0.012765,0.991191004808989,Down,0.90546043756286,0.950474592098625
Q9BXK1,KLF16,Krueppel-like factor 16,3,11.445885,11.41198,0.0339050000000007,1.02377948337187,Up,0.905613756575134,0.950484566810396
Q969N2,PIGT,GPI transamidase component PIG-T,14,11.85996,11.876955,-0.016995,0.988289076643734,Down,0.90628186204463,0.950904297029039
Q02878,RPL6,Large ribosomal subunit protein eL6,11,17.33644,17.32483,0.011610000000001,1.00807990643708,Up,0.906301432438481,0.950904297029039
O75064,DENND4B,DENN domain-containing protein 4B,2,10.0334935,10.1292905,-0.095797,0.935755157626319,Down,0.906669401604703,0.951079156960561
Q92831,KAT2B,Histone acetyltransferase KAT2B,3,10.25973,10.23943,0.0202999999999989,1.01417034866013,Up,0.906755903768875,0.951079156960561
Q86WW8,COA5,Cytochrome c oxidase assembly factor 5,1,10.1918435,10.1179325,0.0739110000000025,1.05256621979216,Up,0.907478910230756,0.951686467425431
Q6ZTU2,EP400P1,Putative EP400-like protein,2,11.5532,11.52412,0.0290800000000004,1.02036123852098,Up,0.907765109072452,0.95176657391101
P52655,GTF2A1,Transcription initiation factor IIA subunit 1,1,12.194525,12.170065,0.0244599999999977,1.01709892125117,Up,0.907843316982147,0.95176657391101
Q12894,IFRD2,Interferon-related developmental regulator 2,7,12.626845,12.619625,0.00722000000000023,1.00501706618317,Up,0.908637787882266,0.952414401138418
Q92930,RAB8B,Ras-related protein Rab-8B,1,10.58632,10.664015,-0.077695,0.947570375174188,Down,0.908749464908286,0.952414401138418
Q8NDZ6,TMEM161B,Transmembrane protein 161B,2,9.447953,9.287173,0.160780000000001,1.11789136805253,Up,0.909611758104794,0.953166974681241
Q96SW2,CRBN,Protein cereblon,3,11.653325,11.616915,0.0364100000000001,1.02555865034399,Up,0.910149605484095,0.953560441762043
Q8TE67,EPS8L3,Epidermal growth factor receptor kinase substrate 8-like protein 3,9,14.094705,14.074565,0.0201400000000014,1.01405788,Up,0.910275809816421,0.953560441762043
Q9P0P8,MTRES1,Mitochondrial transcription rescue factor 1,1,11.5991,11.527595,0.0715050000000002,1.05081230527283,Up,0.910631262267483,0.953712559680491
Q969J2,ZKSCAN4,Zinc finger protein with KRAB and SCAN domains 4,7,12.30176,12.332595,-0.030835,0.978853594781365,Down,0.910807114694675,0.953712559680491
Q6P6C2,ALKBH5,RNA demethylase ALKBH5,12,14.143045,14.12772,0.0153250000000007,1.01067909938846,Up,0.910928980596157,0.953712559680491
Q9H8M5,CNNM2,Metal transporter CNNM2,6,11.032175,11.05243,-0.020255,0.986058400771407,Down,0.910998243193061,0.953712559680491
O60499,STX10,Syntaxin-10,4,11.09977,11.15178,-0.05201,0.96459149852219,Down,0.91150734243136,0.953960099631474
Q7Z2E3,APTX,Aprataxin,8,13.321335,13.3128,0.00853500000000196,1.00593354534062,Up,0.911523381626987,0.953960099631474
Q9UFC0,LRWD1,Leucine-rich repeat and WD repeat-containing protein 1,23,15.48275,15.475745,0.00700499999999948,1.00486730302244,Up,0.911919105479966,0.954153152451811
O00193,SMAP,Small acidic protein,1,10.5005695,10.4192855,0.0812840000000001,1.05795920641033,Up,0.912028022929472,0.954153152451811
Q643R3,LPCAT4,Lysophospholipid acyltransferase LPCAT4,6,12.145425,12.194555,-0.04913,0.966519000951293,Down,0.912229752688895,0.954153152451811
Q96SU4,OSBPL9,Oxysterol-binding protein-related protein 9,4,12.298695,12.319205,-0.02051,0.985884127855358,Down,0.912285333687849,0.954153152451811
Q8NI36,WDR36,WD repeat-containing protein 36,31,14.518585,14.507715,0.0108700000000006,1.00756296569409,Up,0.913271193249327,0.954994830775544
Q99808,SLC29A1,Equilibrative nucleoside transporter 1,4,10.776945,10.800675,-0.02373,0.983686153407131,Down,0.913379077823001,0.954994830775544
Q15165,PON2,Serum paraoxonase/arylesterase 2,5,13.30812,13.32377,-0.01565,0.989210871327293,Down,0.913826147081895,0.955311136675774
P14649,MYL6B,Myosin light chain 6B,6,17.006295,17.01497,-0.008675,0.99400499042353,Down,0.914058194189395,0.955402594559183
P51668,UBE2D1,Ubiquitin-conjugating enzyme E2 D1,1,15.131145,15.151105,-0.01996,0.986260049049173,Down,0.914745342556425,0.95575704769536
P20810,CAST,Calpastatin,21,14.50307,14.52325,-0.02018,0.986109663373894,Down,0.914806183708207,0.95575704769536
Q9H0Z9,RBM38,RNA-binding protein 38,1,9.183772,9.323155,-0.139383,0.907907358683195,Down,0.914831152023127,0.95575704769536
O15541,RNF113A,E3 ubiquitin-protein ligase RNF113A,8,12.683025,12.672475,0.0105500000000021,1.00733950586025,Up,0.915321481637414,0.956105512045036
Q99551,MTERF1,"Transcription termination factor 1, mitochondrial",5,12.891305,12.947935,-0.05663,0.96150748926631,Down,0.915454029387349,0.956105512045036
O15504,NUP42,Nucleoporin NUP42,8,13.42175,13.437965,-0.016215,0.988823544345881,Down,0.915650906218206,0.956160031473554
Q8IWA0,WDR75,WD repeat-containing protein 75,26,15.097255,15.08572,0.0115350000000003,1.00802750171838,Up,0.916736696893622,0.957142627135853
Q9UHR6,ZNHIT2,Zinc finger HIT domain-containing protein 2,4,12.581005,12.53112,0.0498849999999997,1.03518240416957,Up,0.917344906627839,0.957531028978266
Q13190,STX5,Syntaxin-5,8,12.67278,12.68655,-0.01377,0.99050076879393,Down,0.917398468072384,0.957531028978266
Q9C0D3,ZYG11B,Protein zyg-11 homolog B,5,12.64654,12.632365,0.0141749999999998,1.00987378862204,Up,0.917986770562266,0.957736701127435
O00506,STK25,Serine/threonine-protein kinase 25,3,11.687705,11.734355,-0.04665,0.96818188079396,Down,0.918027453722631,0.957736701127435
Q6NUJ5,PWWP2B,PWWP domain-containing protein 2B,6,11.28125,11.30105,-0.0198,0.986369434854266,Down,0.918273219775593,0.957736701127435
Q9P0V9,SEPTIN10,Septin-10,13,14.977245,14.982795,-0.00555,0.996160423245349,Down,0.918419985977536,0.957736701127435
Q8WWQ0,PHIP,PH-interacting protein,10,12.06255,12.083715,-0.021165,0.985436626811989,Down,0.918458884791468,0.957736701127435
Q9BX74,TM2D1,TM2 domain-containing protein 1,1,8.9785995,8.913351,0.0652484999999992,1.04626514038202,Up,0.918465004046858,0.957736701127435
P20936,RASA1,Ras GTPase-activating protein 1,6,10.81446,10.776435,0.0380250000000011,1.02670733704825,Up,0.919055121865678,0.957920809475321
Q9NNW5,WDR6,tRNA (34-2'-O)-methyltransferase regulator WDR6,6,12.00053,11.9847,0.0158299999999993,1.01103293874462,Up,0.919217013928818,0.957920809475321
Q9UKR5,ERG28,Ergosterol biosynthetic protein 28 homolog,5,12.954615,12.924425,0.030190000000001,1.02114659978047,Up,0.919353029286673,0.957920809475321
P04844,RPN2,Dolichyl-diphosphooligosaccharide--protein glycosyltransferase subunit 2,14,15.74358,15.73764,0.00594000000000072,1.0041257819533,Up,0.919483179731915,0.957920809475321
P10827,THRA,Thyroid hormone receptor alpha,6,11.02725,11.0465,-0.01925,0.986745541097399,Down,0.91954751369806,0.957920809475321
Q2T9J0,TYSND1,Peroxisomal leader peptide-processing protease,3,14.83506,14.863545,-0.028485,0.980449344665834,Down,0.919627220803925,0.957920809475321
P23229,ITGA6,Integrin alpha-6,3,10.718675,10.65419,0.0644849999999995,1.04571158465921,Up,0.919751362206608,0.957920809475321
P57772,EEFSEC,Selenocysteine-specific elongation factor,17,12.67022,12.68076,-0.01054,0.992720850992383,Down,0.919801098037583,0.957920809475321
P11831,SRF,Serum response factor,3,14.73652,14.77826,-0.04174,0.971482558669465,Down,0.92007326149511,0.958053282688071
Q07866,KLC1,Kinesin light chain 1,12,12.25169,12.27054,-0.01885,0.98701916298359,Down,0.920486937615226,0.9582055965019
Q9Y4G6,TLN2,Talin-2,5,10.309555,10.266895,0.0426599999999997,1.03001118223628,Up,0.920509507064694,0.9582055965019
P54819,AK2,"Adenylate kinase 2, mitochondrial",12,15.080875,15.06822,0.0126550000000005,1.00881036234737,Up,0.92201151196264,0.959467129181938
Q99708,RBBP8,DNA endonuclease RBBP8,10,11.359195,11.321985,0.0372099999999982,1.02612749851721,Up,0.922011762359584,0.959467129181938
P23443,RPS6KB1,Ribosomal protein S6 kinase beta-1,2,9.7063245,9.5242095,0.182115000000001,1.13454591817161,Up,0.922175746058197,0.959486698000413
A0FGR8,ESYT2,Extended synaptotagmin-2,20,14.379245,14.367895,0.0113500000000002,1.00789824839294,Up,0.92297844050872,0.960170708849698
P49589,CARS1,"Cysteine--tRNA ligase, cytoplasmic",23,14.16842,14.15972,0.00869999999999926,1.00604859981997,Up,0.923205224262192,0.960255481137681
Q9UKV8,AGO2,Protein argonaute-2,24,12.961355,12.953325,0.00803000000000154,1.00558149066031,Up,0.923472421581439,0.960342074475359
P08263,GSTA1,Glutathione S-transferase A1,4,13.68863,13.818815,-0.130185,0.913714275099126,Down,0.923622176012774,0.960342074475359
O95147,DUSP14,Dual specificity protein phosphatase 14,4,10.61784,10.58742,0.0304200000000012,1.02130940788178,Up,0.923851251730956,0.960342074475359
O60765,ZNF354A,Zinc finger protein 354A,5,11.289385,11.303895,-0.01451,0.989992842586813,Down,0.923869709413577,0.960342074475359
Q8NI35,PATJ,InaD-like protein,11,12.385685,12.406215,-0.02053,0.985870460694021,Down,0.924046566633738,0.960374863796568
Q9NYZ3,GTSE1,G2 and S phase-expressed protein 1,4,11.60535,11.59667,0.0086800000000018,1.00603465312164,Up,0.924417099625552,0.960608901167496
Q86Y82,STX12,Syntaxin-12,5,10.96748,10.950925,0.0165550000000003,1.01154114253562,Up,0.924822083233031,0.960878658715155
A0A494C1R9,TSPY9,Testis-specific Y-encoded protein 9,1,15.519445,15.59342,-0.073975,0.950016845269694,Down,0.925277680871626,0.961123787423139
P50851,LRBA,Lipopolysaccharide-responsive and beige-like anchor protein,8,12.13788,12.187595,-0.049715,0.966127165546074,Down,0.925494790828324,0.961123787423139
Q9NUT2,ABCB8,Mitochondrial potassium channel ATP-binding subunit,3,10.958625,10.910695,0.0479299999999991,1.03378057568468,Up,0.925736273378229,0.961123787423139
O43309,ZSCAN12,Zinc finger and SCAN domain-containing protein 12,5,11.90201,11.877185,0.0248249999999999,1.01735627853144,Up,0.925818232212994,0.961123787423139
Q9BW61,DDA1,DET1- and DDB1-associated protein 1,3,13.641295,13.622255,0.0190400000000004,1.01328499399509,Up,0.925864314872205,0.961123787423139
Q8IYB7,DIS3L2,DIS3-like exonuclease 2,4,13.00901,13.05081,-0.0418,0.971442156685815,Down,0.925930572631734,0.961123787423139
O43301,HSPA12A,Heat shock 70 kDa protein 12A,15,12.134205,12.149455,-0.01525,0.98948517684293,Down,0.926124439602017,0.961174061138463
O43402,EMC8,ER membrane protein complex subunit 8,6,11.722235,11.72699,-0.004755,0.996709510721396,Down,0.926606593753336,0.961523469636646
P55197,MLLT10,Protein AF-10,2,11.75658,11.68214,0.0744399999999992,1.05295224012953,Up,0.926771286762361,0.961543396265689
Q96CB9,NSUN4,5-cytosine rRNA methyltransferase NSUN4,4,13.25211,13.271255,-0.019145,0.986817359499278,Down,0.927392511390105,0.961790182694098
Q8N157,AHI1,Jouberin,3,10.514749,10.4575825,0.0571664999999992,1.0404203334695,Up,0.927527550991807,0.961790182694098
Q52M93,ZNF585B,Zinc finger protein 585B,2,11.40191,11.453915,-0.052005,0.964594841547372,Down,0.927557514197045,0.961790182694098
Q49A88,CCDC14,Coiled-coil domain-containing protein 14,6,13.673915,13.66985,0.00406500000000065,1.00282161657672,Up,0.927785459939676,0.961790182694098
Q9Y2X7,GIT1,ARF GTPase-activating protein GIT1,5,13.124935,13.144835,-0.0199,0.986301067304456,Down,0.927839276816995,0.961790182694098
O95295,SNAPIN,SNARE-associated protein Snapin,4,10.44834,10.411965,0.0363750000000014,1.02553377043775,Up,0.927882312733782,0.961790182694098
Q8TB96,ITFG1,T-cell immunomodulatory protein,3,12.417195,12.46213,-0.044935,0.969333488851612,Down,0.92816444818474,0.961931760710828
Q96CW5,TUBGCP3,Gamma-tubulin complex component 3,14,14.77252,14.740075,0.0324449999999992,1.02274394783945,Up,0.928386966988729,0.96201151847421
Q01974,ROR2,Tyrosine-protein kinase transmembrane receptor ROR2,4,10.943755,10.952435,-0.00868,0.994001545470713,Down,0.929315228094202,0.962822439641727
Q6NUN9,ZNF746,Zinc finger protein 746,2,11.654345,11.638285,0.0160599999999995,1.01119413435861,Up,0.929904576624437,0.96328202929638
Q96LD4,TRIM47,E3 ubiquitin-protein ligase TRIM47,2,12.4094,12.35149,0.0579099999999997,1.04095665740304,Up,0.930438511629536,0.963575539809893
P04439,HLA-A,"HLA class I histocompatibility antigen, A alpha chain",4,14.810935,14.80757,0.00336500000000051,1.00233516251746,Up,0.930479512039149,0.963575539809893
O00409,FOXN3,Forkhead box protein N3,1,9.5773865,9.621906,-0.0445195,0.969612699673348,Down,0.93086902020279,0.963827879448573
P48380,RFX3,Transcription factor RFX3,4,11.312805,11.34912,-0.036315,0.975142524335204,Down,0.931019540637902,0.963832729335196
Q9BXK5,BCL2L13,Bcl-2-like protein 13,2,11.182285,11.21552,-0.033235,0.977226573412346,Down,0.931221242597633,0.963890554788999
Q9UHI6,DDX20,Probable ATP-dependent RNA helicase DDX20,22,13.70597,13.71448,-0.00851,0.99411868056457,Down,0.931733055285787,0.964269301970523
O95163,ELP1,Elongator complex protein 1,19,12.83372,12.82288,0.0108399999999982,1.00754201422906,Up,0.932307267664983,0.964454379819981
Q96EU6,RRP36,Ribosomal RNA processing protein 36 homolog,4,16.040175,16.0173,0.0228749999999991,1.01598211103809,Up,0.932352917852005,0.964454379819981
Q86XI8,ZSWIM9,Uncharacterized protein ZSWIM9,2,9.6461765,9.699652,-0.0534755,0.963612157034853,Down,0.932409137614773,0.964454379819981
Q96N06,SPATA33,Spermatogenesis-associated protein 33,1,10.65326,10.677995,-0.024735,0.983001143547981,Down,0.932495610084685,0.964454379819981
Q9Y6G5,COMMD10,COMM domain-containing protein 10,3,10.6275545,10.5336335,0.0939209999999999,1.06726689436977,Up,0.932775646209864,0.964593059896885
Q9H1Y0,ATG5,Autophagy protein 5,4,11.59882,11.589835,0.00898499999999913,1.00624736128057,Up,0.933698685967739,0.965396529343052
Q6PJG2,MIDEAS,Mitotic deacetylase-associated SANT domain protein,32,15.373465,15.36592,0.00754500000000036,1.00524349472871,Up,0.933860897899138,0.965413213548476
Q96FN4,CPNE2,Copine-2,4,10.59573,10.627715,-0.031985,0.97807364262929,Down,0.934193243733811,0.965493276642682
Q9HAJ7,SAP30L,Histone deacetylase complex subunit SAP30L,3,12.59077,12.612725,-0.021955,0.984897162957567,Down,0.934249936878419,0.965493276642682
Q9H3H5,DPAGT1,UDP-N-acetylglucosamine--dolichyl-phosphate N-acetylglucosaminephosphotransferase,2,12.956465,12.928555,0.0279100000000021,1.01953407916878,Up,0.934436343678767,0.965493276642682
Q13608,PEX6,Peroxisomal ATPase PEX6,2,10.50597,10.538165,-0.032195,0.977931283703058,Down,0.934790406515536,0.965493276642682
Q5VW38,GPR107,Protein GPR107,3,11.97299,11.903225,0.0697650000000003,1.04954570963087,Up,0.934804289050997,0.965493276642682
O15054,KDM6B,Lysine-specific demethylase 6B,3,9.740736,9.6895535,0.0511825000000012,1.03611382300634,Up,0.93484258185759,0.965493276642682
Q9BUN8,DERL1,Derlin-1,5,12.15518,12.14337,0.0118099999999988,1.00821966567321,Up,0.935236747348879,0.965493276642682
O15439,ABCC4,ATP-binding cassette sub-family C member 4,9,15.87372,15.861515,0.012204999999998,1.00849574709045,Up,0.935303187181273,0.965493276642682
Q7L5Y9,MAEA,E3 ubiquitin-protein transferase MAEA,9,12.0713,12.08402,-0.01272,0.991221922147435,Down,0.935353985507457,0.965493276642682
Q92574,TSC1,Hamartin,1,8.794976,8.8524495,-0.0574735,0.960945489330325,Down,0.935504633393445,0.965493276642682
Q9HBH1,PDF,"Peptide deformylase, mitochondrial",4,12.50011,12.509995,-0.009885,0.993171659907443,Down,0.935545308461149,0.965493276642682
Q9BUK6,MSTO1,Protein misato homolog 1,2,13.014695,13.04219,-0.027495,0.981122375303467,Down,0.936035329219477,0.965691348219202
P15941,MUC1,Mucin-1,5,12.36459,12.33538,0.0292099999999991,1.02045318653063,Up,0.936035389669453,0.965691348219202
Q9BWU1,CDK19,Cyclin-dependent kinase 19,4,11.440895,11.49567,-0.054775,0.962744579224378,Down,0.936232860560137,0.965691348219202
P98194,ATP2C1,Calcium-transporting ATPase type 2C member 1,10,12.63665,12.619615,0.0170349999999999,1.01187774903647,Up,0.936321706671001,0.965691348219202
Q86V85,GPR180,Integral membrane protein GPR180,3,10.248169,10.3369265,-0.0887575,0.940332247972735,Down,0.937436264847439,0.966663086229998
P23258,TUBG1,Tubulin gamma-1 chain,14,14.22321,14.22788,-0.00467,0.996768236094267,Down,0.937556420447009,0.966663086229998
P17098,ZNF8,Zinc finger protein 8,11,14.098915,14.101055,-0.00214,0.998517764631156,Down,0.938497449268938,0.967319867675375
Q8TD19,NEK9,Serine/threonine-protein kinase Nek9,1,9.4979295,9.4918905,0.00603900000000124,1.00419468900604,Up,0.938612187768778,0.967319867675375
Q6UVJ0,SASS6,Spindle assembly abnormal protein 6 homolog,7,12.26869,12.245465,0.0232250000000001,1.01622861973609,Up,0.938632517990948,0.967319867675375
O95302,FKBP9,Peptidyl-prolyl cis-trans isomerase FKBP9,4,13.40449,13.424155,-0.019665,0.986461738563875,Down,0.938944826881309,0.96749085763308
P13682,ZNF35,Zinc finger protein 35,2,11.072015,11.130845,-0.05883,0.960042380987863,Down,0.939112148432853,0.96751242229037
Q92743,HTRA1,Serine protease HTRA1,3,11.35036,11.417655,-0.067295,0.954425834700375,Down,0.939626988303086,0.967891952259211
Q9UK61,TASOR,Protein TASOR,38,15.774835,15.765395,0.00943999999999967,1.00656476360167,Up,0.940026522520704,0.968152608281024
Q8NBQ5,HSD17B11,Estradiol 17-beta-dehydrogenase 11,8,12.54009,12.54927,-0.00918,0.99365711047584,Down,0.940357612759981,0.968225930457014
Q5SY16,NOL9,Polynucleotide 5'-hydroxyl-kinase NOL9,16,15.463135,15.456955,0.00617999999999874,1.00429283751733,Up,0.940459251058017,0.968225930457014
Q5RI15,COX20,"Cytochrome c oxidase assembly protein COX20, mitochondrial",3,11.85494,11.86891,-0.01397,0.990363465748226,Down,0.940537217965506,0.968225930457014
Q9NZM5,NOP53,Ribosome biogenesis protein NOP53,6,16.39745,16.405095,-0.007645,0.99471490532153,Down,0.941088238524356,0.968442288136434
P16591,FER,Tyrosine-protein kinase Fer,2,10.2390305,10.266757,-0.0277265,0.980964953532831,Down,0.941091116023178,0.968442288136434
Q14019,COTL1,Coactosin-like protein,7,13.64748,13.660695,-0.013215,0.99088188445865,Down,0.941186989968273,0.968442288136434
Q719H9,KCTD1,BTB/POZ domain-containing protein KCTD1,4,11.91473,11.9248,-0.01007,0.993044311457568,Down,0.941997970979024,0.968998143900472
P42167,TMPO,"Lamina-associated polypeptide 2, isoforms beta/gamma",8,16.91921,16.91159,0.00761999999999929,1.00529575471415,Up,0.942020437972542,0.968998143900472
Q6NX49,ZNF544,Zinc finger protein 544,1,10.426425,10.502713,-0.076288,0.948494951618876,Down,0.943800579856939,0.970678187406553
Q9H8X2,IPPK,Inositol-pentakisphosphate 2-kinase,3,10.319965,10.33642,-0.016455,0.988659061967078,Down,0.944072358166376,0.970806630639736
Q9H2P0,ADNP,Activity-dependent neuroprotector homeobox protein,52,16.411615,16.415905,-0.00429,0.997030815369064,Down,0.94452140936755,0.97111729846144
P48735,IDH2,"Isocitrate dehydrogenase [NADP], mitochondrial",9,12.356495,12.38753,-0.031035,0.978717906264913,Down,0.945481920459039,0.97195364944996
Q9BYW2,SETD2,Histone-lysine N-methyltransferase SETD2,52,14.923415,14.928445,-0.00503,0.996519540571118,Down,0.946196823525417,0.972427809911368
O43156,TTI1,TELO2-interacting protein 1 homolog,6,10.62082,10.59995,0.0208700000000004,1.01457112033727,Up,0.946237440692995,0.972427809911368
P61011,SRP54,Signal recognition particle subunit SRP54,16,14.79723,14.80186,-0.00463,0.99679587276109,Down,0.946397420752789,0.972441006491788
Q96BU1,S100PBP,S100P-binding protein,4,10.449815,10.430085,0.0197300000000009,1.01376973529415,Up,0.94670918535978,0.972610136179509
Q7RTV3,ZNF367,Zinc finger protein 367,4,11.158295,11.2097,-0.051405,0.964996088695468,Down,0.947425501474932,0.973194768300874
O95639,CPSF4,Cleavage and polyadenylation specificity factor subunit 4,11,15.57858,15.58277,-0.00419,0.997099926674109,Down,0.947823650909688,0.973452448929623
Q8NFQ8,TOR1AIP2,Torsin-1A-interacting protein 2,4,11.47083,11.497075,-0.026245,0.981972821438259,Down,0.948045670215442,0.973456156116312
O75052,NOS1AP,Carboxyl-terminal PDZ ligand of neuronal nitric oxide synthase protein,9,14.662185,14.67577,-0.013585,0.990627791058749,Down,0.948121845501694,0.973456156116312
P84101,SERF2,Small EDRK-rich factor 2,1,12.44452,12.48652,-0.042,0.971307495541635,Down,0.948522553217904,0.973514077243878
O14735,CDIPT,CDP-diacylglycerol--inositol 3-phosphatidyltransferase,3,12.22043,12.235265,-0.014835,0.989769849211958,Down,0.948589742513601,0.973514077243878
Q96MN5,TCEANC2,Transcription elongation factor A N-terminal and central domain-containing protein 2,1,10.0064315,9.955859,0.0505725000000012,1.03567582619088,Up,0.948620163027777,0.973514077243878
O00165,HAX1,HCLS1-associated protein X-1,3,11.547535,11.52339,0.0241450000000007,1.01687687072983,Up,0.949116022994368,0.973871727366834
P20290,BTF3,Transcription factor BTF3,5,12.550775,12.534135,0.0166400000000024,1.01160074177706,Up,0.94938527690483,0.973996785945983
Q16560,SNRNP35,U11/U12 small nuclear ribonucleoprotein 35 kDa protein,3,12.805775,12.7651,0.0406750000000002,1.02859496728913,Up,0.950530662016347,0.975020509896948
P80303,NUCB2,Nucleobindin-2,4,11.868065,11.886515,-0.01845,0.987292860744396,Down,0.951063811067221,0.97541600362248
Q15118,PDK1,"[Pyruvate dehydrogenase (acetyl-transferring)] kinase isozyme 1, mitochondrial",1,9.972552,9.9234835,0.0490685000000006,1.03459670360621,Up,0.951652190834636,0.975740746705505
Q8WV44,TRIM41,E3 ubiquitin-protein ligase TRIM41,10,13.46196,13.477865,-0.015905,0.989036041253334,Down,0.951792689941103,0.975740746705505
Q9UBD5,ORC3,Origin recognition complex subunit 3,25,16.20869,16.206505,0.00218500000000077,1.00151567406414,Up,0.951823361175728,0.975740746705505
O94761,RECQL4,ATP-dependent DNA helicase Q4,14,12.47376,12.45449,0.0192699999999988,1.01344654866902,Up,0.952130534274687,0.975886222681411
P41208,CETN2,Centrin-2,5,14.061625,14.056525,0.00509999999999877,1.00354130628149,Up,0.952260591628449,0.975886222681411
B1AK53,ESPN,Espin,4,11.59354,11.582515,0.0110250000000001,1.00767122187087,Up,0.952509319175967,0.97598978146263
O15078,CEP290,Centrosomal protein of 290 kDa,2,11.300905,11.31165,-0.010745,0.992579800173855,Down,0.953017456492939,0.976304257919691
Q9NXX6,NSMCE4A,Non-structural maintenance of chromosomes element 4 homolog A,7,13.94795,13.95284,-0.00489,0.99661624812271,Down,0.953111676819162,0.976304257919691
Q8IV63,VRK3,Serine/threonine-protein kinase VRK3,6,13.860635,13.870145,-0.00951,0.993429848762482,Down,0.95365576127793,0.976710200881116
Q9H0U3,MAGT1,Dolichyl-diphosphooligosaccharide--protein glycosyltransferase subunit MAGT1,9,14.60038,14.59766,0.00271999999999828,1.00188713874038,Up,0.953998058909665,0.976862973612278
Q03181,PPARD,Peroxisome proliferator-activated receptor delta,3,11.665815,11.68017,-0.014355,0.990099210966585,Down,0.954100543904865,0.976862973612278
Q7LGA3,HS2ST1,Heparan sulfate 2-O-sulfotransferase 1,7,14.60856,14.590635,0.0179250000000017,1.01250217000547,Up,0.954362406816593,0.976979731513454
Q96PU4,UHRF2,E3 ubiquitin-protein ligase UHRF2,11,12.925585,12.92024,0.00534500000000193,1.00371174320059,Up,0.95456539996796,0.97703619767512
P62910,RPL32,Large ribosomal subunit protein eL32,5,16.150445,16.15481,-0.004365,0.996978985033905,Down,0.955187964245336,0.977265868746643
Q9Y281,CFL2,Cofilin-2,6,14.808635,14.805085,0.00355000000000061,1.00246370243026,Up,0.955203747883904,0.977265868746643
Q9BRD0,BUD13,BUD13 homolog,15,13.710875,13.70788,0.0029950000000003,1.00207813213545,Up,0.955234733311784,0.977265868746643
Q6IA86,ELP2,Elongator complex protein 2,5,12.408285,12.429865,-0.02158,0.985153200741469,Down,0.955381264634901,0.977265868746643
A2RRP1,NBAS,NBAS subunit of NRZ tethering complex,5,12.211235,12.24698,-0.035745,0.975527873310794,Down,0.956051399652252,0.977800015521779
P62875,POLR2L,"DNA-directed RNA polymerases I, II, and III subunit RPABC5",1,14.07882,14.085935,-0.007115,0.995080398883748,Down,0.957103511913898,0.978501685758015
Q7Z4L5,TTC21B,Tetratricopeptide repeat protein 21B,9,12.236735,12.2526,-0.015865,0.989063463535223,Down,0.957109583780107,0.978501685758015
O60306,AQR,RNA helicase aquarius,54,15.65994,15.660445,-0.000505,0.999650021930434,Down,0.957427616176632,0.978501685758015
Q9NVR0,KLHL11,Kelch-like protein 11,8,12.22694,12.213085,0.0138549999999995,1.0096498162881,Up,0.957782217174192,0.978501685758015
O95168,NDUFB4,NADH dehydrogenase [ubiquinone] 1 beta subcomplex subunit 4,3,12.65898,12.66104,-0.00206,0.998573135748218,Down,0.957783077333916,0.978501685758015
P37198,NUP62,Nuclear pore glycoprotein p62,6,15.685525,15.689075,-0.00355,0.997542352481902,Down,0.957831984952135,0.978501685758015
Q9BY44,EIF2A,Eukaryotic translation initiation factor 2A,22,16.7201,16.71486,0.00524000000000058,1.00363869526254,Up,0.958023299393868,0.978501685758015
Q9Y4W2,LAS1L,Ribosomal biogenesis protein LAS1L,28,16.026345,16.03111,-0.004765,0.996702602081468,Down,0.958026399917708,0.978501685758015
Q6ZN06,ZNF813,Zinc finger protein 813,3,11.302325,11.28922,0.0131049999999995,1.0091250757532,Up,0.958069966491166,0.978501685758015
Q8ND24,RNF214,RING finger protein 214,1,10.0562315,10.0085335,0.0476980000000005,1.0336143466455,Up,0.958331290847149,0.978617351855501
Q9Y6I9,TEX264,Testis-expressed protein 264,1,12.400075,12.43458,-0.034505,0.976366702396734,Down,0.958756222905783,0.978900027372829
Q6P3R8,NEK5,Serine/threonine-protein kinase Nek5,1,11.419675,11.44278,-0.023105,0.984112395280443,Down,0.959131291591283,0.979131712407598
P26440,IVD,"Isovaleryl-CoA dehydrogenase, mitochondrial",7,12.03047,12.01976,0.0107099999999978,1.00745122958154,Up,0.959901079122634,0.979766213424168
A8MXV4,NUDT19,Acyl-coenzyme A diphosphatase NUDT19,3,11.375115,11.398035,-0.02292,0.984238598297364,Down,0.960301044020867,0.980023100669227
Q8NAF0,ZNF579,Zinc finger protein 579,10,14.233205,14.22937,0.00383500000000048,1.00266175563537,Up,0.961075442747865,0.980660445154826
O43752,STX6,Syntaxin-6,3,11.9156,11.925985,-0.010385,0.992827512479155,Down,0.961222327691475,0.980660445154826
Q5BKY9,FAM133B,Protein FAM133B,1,13.25816,13.29566,-0.0375,0.974341891201707,Down,0.961642818637056,0.980938013331116
Q6ZN18,AEBP2,Zinc finger protein AEBP2,6,12.35601,12.36495,-0.00894,0.993822424375779,Down,0.961975705313497,0.980942919564453
O00151,PDLIM1,PDZ and LIM domain protein 1,11,14.289405,14.287245,0.00215999999999816,1.00149831927036,Up,0.962010322014473,0.980942919564453
Q9Y5W7,SNX14,Sorting nexin-14,2,10.259082,10.2209655,0.0381164999999992,1.02677245593882,Up,0.962150163776225,0.980942919564453
Q8IX04,UEVLD,Ubiquitin-conjugating enzyme E2 variant 3,1,10.69576,10.73443,-0.03867,0.973552037591905,Down,0.962241329631767,0.980942919564453
O15056,SYNJ2,Synaptojanin-2,5,11.72681,11.73036,-0.00355,0.997542352481902,Down,0.962414040641269,0.980967673442034
Q14191,WRN,Bifunctional 3'-5' exonuclease/ATP-dependent helicase WRN,26,13.393055,13.39845,-0.005395,0.996267454292094,Down,0.962884752841067,0.981180494987398
Q14011,CIRBP,Cold-inducible RNA-binding protein,3,14.559305,14.572825,-0.01352,0.99067242437013,Down,0.962920412793169,0.981180494987398
Q9H8H3,TMT1A,Thiol S-methyltransferase TMT1A,3,11.016855,11.04835,-0.031495,0.978405894053392,Down,0.963068220757036,0.981180494987398
Q52LJ0,FAM98B,Protein FAM98B,12,15.73205,15.73523,-0.00318,0.997798219448463,Down,0.963336293716248,0.981199063118553
P49720,PSMB3,Proteasome subunit beta type-3,6,14.397465,14.394435,0.00302999999999898,1.00210244299746,Up,0.963383374273913,0.981199063118553
Q8TEP8,CEP192,Centrosomal protein of 192 kDa,4,10.0991885,10.11327,-0.0140815,0.990286927563619,Down,0.963749864712115,0.981387989645603
P01130,LDLR,Low-density lipoprotein receptor,2,10.79442,10.818735,-0.024315,0.983287358285513,Down,0.963865855770859,0.981387989645603
Q9Y508,RNF114,E3 ubiquitin-protein ligase RNF114,4,12.22628,12.229675,-0.003395,0.997649532008077,Down,0.964171622778144,0.98154809841971
P48378,RFX2,DNA-binding protein RFX2,8,12.745575,12.73824,0.00733499999999765,1.00509718122196,Up,0.964659295762478,0.981877745217369
Q9BV38,WDR18,WD repeat-containing protein 18,15,16.354685,16.352235,0.00244999999999962,1.00169965336858,Up,0.964792567323588,0.981877745217369
Q8N302,AGGF1,Angiogenic factor with G patch and FHA domains 1,1,12.636895,12.60165,0.0352449999999997,1.02473082913227,Up,0.965255908997163,0.982198045044226
Q5TEU4,NDUFAF5,"Arginine-hydroxylase NDUFAF5, mitochondrial",1,11.50663,11.473585,0.0330449999999995,1.02316938355051,Up,0.965638204623562,0.982349418558759
Q5JU69,TOR2A,Torsin-2A,2,9.8575925,9.876252,-0.0186595,0.987149502077954,Down,0.965701947704079,0.982349418558759
O43896,KIF1C,Kinesin-like protein KIF1C,9,12.47503,12.46079,0.0142400000000009,1.00991928907304,Up,0.966001601416497,0.982503013813732
Q9H000,MKRN2,E3 ubiquitin-protein ligase makorin-2,9,12.53837,12.535395,0.00297500000000106,1.00206424047911,Up,0.96674969330461,0.982989109312241
Q9UMX0,UBQLN1,Ubiquilin-1,6,12.70066,12.690225,0.0104349999999993,1.00725921208856,Up,0.96704933203211,0.982989109312241
Q86WX3,RPS19BP1,Active regulator of SIRT1,3,13.330785,13.32831,0.00247500000000045,1.00171701165124,Up,0.967095094691171,0.982989109312241
P84103,SRSF3,Serine/arginine-rich splicing factor 3,6,19.215745,19.20471,0.0110349999999997,1.00767820653974,Up,0.967222314061627,0.982989109312241
P15927,RPA2,Replication protein A 32 kDa subunit,5,14.98698,14.989365,-0.002385,0.998348209684106,Down,0.967271930667969,0.982989109312241
Q96HC4,PDLIM5,PDZ and LIM domain protein 5,13,13.86635,13.86381,0.00253999999999976,1.0017621445939,Up,0.967509955315642,0.982989109312241
Q15042,RAB3GAP1,Rab3 GTPase-activating protein catalytic subunit,5,11.31429,11.33482,-0.02053,0.985870460694021,Down,0.967567517447007,0.982989109312241
P62841,RPS15,Small ribosomal subunit protein uS19,4,15.17017,15.16149,0.00867999999999824,1.00603465312163,Up,0.967669412193288,0.982989109312241
Q4KMQ2,ANO6,Anoctamin-6,4,9.936337,9.921371,0.0149659999999994,1.01042763345394,Up,0.96861011225338,0.983542441806951
P50148,GNAQ,Guanine nucleotide-binding protein G(q) subunit alpha,2,11.338305,11.366345,-0.02804,0.980751811397468,Down,0.968626603391769,0.983542441806951
Q13751,LAMB3,Laminin subunit beta-3,3,12.920805,12.924225,-0.00342,0.997632244208858,Down,0.968660577049696,0.983542441806951
Q16875,PFKFB3,"6-phosphofructo-2-kinase/fructose-2,6-bisphosphatase 3",8,13.052645,13.061435,-0.00879,0.993925759529387,Down,0.96902918520508,0.983555873218779
Q00169,PITPNA,Phosphatidylinositol transfer protein alpha isoform,3,10.223845,10.220175,0.00366999999999962,1.00254708848482,Up,0.969150061714098,0.983555873218779
P42568,MLLT3,Protein AF-9,2,10.411705,10.401105,0.0105999999999984,1.00737441819214,Up,0.969182528585816,0.983555873218779
Q13352,ITGB3BP,Centromere protein R,2,10.029797,9.9741015,0.0556955000000006,1.03936004124577,Up,0.96926908795187,0.983555873218779
Q8WWI1,LMO7,LIM domain only protein 7,56,15.92024,15.916715,0.00352499999999978,1.00244633120855,Up,0.969715547082211,0.983857852420376
Q9NP97,DYNLRB1,Dynein light chain roadblock-type 1,5,14.521425,14.52756,-0.006135,0.995756570943716,Down,0.970345891463206,0.9839698712099
O14907,TAX1BP3,Tax1-binding protein 3,3,13.53821,13.542365,-0.004155,0.997124116762638,Down,0.97034756195298,0.9839698712099
Q92833,JARID2,Protein Jumonji,11,12.52286,12.51354,0.00932000000000066,1.00648104338019,Up,0.970409944422135,0.9839698712099
Q9H3N1,TMX1,Thioredoxin-related transmembrane protein 1,6,13.211675,13.20712,0.00455499999999986,1.00316227488271,Up,0.970421488961436,0.9839698712099
P00325,ADH1B,All-trans-retinol dehydrogenase [NAD(+)] ADH1B,2,12.349825,12.326395,0.0234299999999976,1.01637303117646,Up,0.970861719877162,0.984265241090376
Q9UHY7,ENOPH1,Enolase-phosphatase E1,3,10.54385,10.559165,-0.015315,0.989440597021264,Down,0.971265621919725,0.98452369559317
Q9Y3U8,RPL36,Large ribosomal subunit protein eL36,6,16.895655,16.89952,-0.003865,0.997324571502294,Down,0.971658872499864,0.984738778338389
Q9H1I8,ASCC2,Activating signal cointegrator 1 complex subunit 2,6,12.07504,12.08991,-0.01487,0.989745837536908,Down,0.971898251527566,0.984738778338389
Q9NYG5,ANAPC11,Anaphase-promoting complex subunit 11,2,12.02899,12.01622,0.0127699999999997,1.00889077976915,Up,0.971924807247891,0.984738778338389
Q8WUY1,THEM6,Protein THEM6,6,14.018465,14.01436,0.00410499999999914,1.00284942108122,Up,0.972162699184019,0.984828828771794
P07477,PRSS1,Serine protease 1,1,12.42786,12.3815,0.0463600000000017,1.03265618511622,Up,0.972548947168285,0.985069117522635
Q5T750,KPLCE,Protein KPLCE,1,10.692435,10.66482,0.0276150000000008,1.01932562776554,Up,0.973026498867544,0.985253827566474
Q8NB90,AFG2A,ATPase family gene 2 protein homolog A,9,12.849,12.843585,0.00541499999999928,1.00376044477963,Up,0.973269141982957,0.985253827566474
Q8WXR4,MYO3B,Myosin-IIIb,1,14.01335,14.019175,-0.005825,0.995970557749665,Down,0.973390543203094,0.985253827566474
Q9Y5Y5,PEX16,Peroxisomal membrane protein PEX16,6,11.68524,11.69917,-0.01393,0.99039092483465,Down,0.973482578349257,0.985253827566474
P27987,ITPKB,Inositol-trisphosphate 3-kinase B,2,11.66403,11.63264,0.03139,1.02199631898365,Up,0.973705285831846,0.985253827566474
Q0VDI3,TMEM267,Transmembrane protein 267,1,9.4222925,9.4392845,-0.016992,0.98829113173523,Down,0.97376704980386,0.985253827566474
O60256,PRPSAP2,Phosphoribosyl pyrophosphate synthase-associated protein 2,10,15.685995,15.68141,0.00458500000000051,1.00318313527267,Up,0.973774852725709,0.985253827566474
Q9UK99,FBXO3,F-box only protein 3,2,9.987159,9.960979,0.0261800000000001,1.01831224308592,Up,0.974185104049215,0.985518039593029
P10909,CLU,Clusterin,5,12.3217,12.317945,0.00375499999999995,1.00260615780337,Up,0.974423525836588,0.98560836887879
Q8NDF8,TENT4B,Terminal nucleotidyltransferase 4B,13,13.742775,13.745635,-0.00286,0.998019562722534,Down,0.974627357965272,0.985663689180181
P13994,YJU2B,Probable splicing factor YJU2B,8,11.956285,11.946855,0.00943000000000005,1.00655778665057,Up,0.975411029079473,0.986305307709032
P02462,COL4A1,Collagen alpha-1(IV) chain,2,10.45632,10.469075,-0.012755,0.991197875245303,Down,0.976179383437224,0.986931244475541
P61916,NPC2,NPC intracellular cholesterol transporter 2,3,11.634085,11.626585,0.00750000000000028,1.00521214004148,Up,0.976892023556565,0.987500670493322
P48426,PIP4K2A,Phosphatidylinositol 5-phosphate 4-kinase type-2 alpha,9,13.8612,13.854965,0.00623500000000021,1.00433112499832,Up,0.979001053728765,0.989481260757518
Q8TAU3,ZNF417,Zinc finger protein 417,4,11.659355,11.64418,0.0151749999999993,1.01057402244586,Up,0.979876055623148,0.990214197494401
Q9BQA1,WDR77,Methylosome protein WDR77,7,14.111205,14.1087,0.00250500000000109,1.00173784198748,Up,0.980645012610131,0.990709582204662
Q8NB37,GATD1,Glutamine amidotransferase-like class 1 domain-containing protein 1,3,12.290775,12.284265,0.00650999999999868,1.0045225842994,Up,0.980779086874619,0.990709582204662
Q0VDF9,HSPA14,Heat shock 70 kDa protein 14,10,14.46919,14.472925,-0.003735,0.997414443604312,Down,0.980815977661538,0.990709582204662
P60520,GABARAPL2,Gamma-aminobutyric acid receptor-associated protein-like 2,4,13.015215,13.0108,0.00441499999999984,1.00306493213154,Up,0.981506089034364,0.991204494804437
Q9Y3C4,TPRKB,EKC/KEOPS complex subunit TPRKB,3,10.700425,10.69372,0.00670500000000018,1.00465836846518,Up,0.981605903842494,0.991204494804437
Q9P0L2,MARK1,Serine/threonine-protein kinase MARK1,4,11.47045,11.46302,0.00742999999999938,1.00516336802745,Up,0.982073925758753,0.991467732287477
Q96BH1,RNF25,E3 ubiquitin-protein ligase RNF25,3,10.998815,11.007345,-0.00853,0.994104899248882,Down,0.9822497866733,0.991467732287477
Q12968,NFATC3,"Nuclear factor of activated T-cells, cytoplasmic 3",7,14.47816,14.48396,-0.0058,0.995987816753805,Down,0.982478934185166,0.991467732287477
P61604,HSPE1,"10 kDa heat shock protein, mitochondrial",5,17.68221,17.679045,0.0031649999999992,1.00219621899014,Up,0.982483904388628,0.991467732287477
Q5VW36,FOCAD,Focadhesin,6,11.233615,11.22005,0.0135649999999998,1.00944688426692,Up,0.982616681265391,0.991467732287477
Q86WR0,CCDC25,Coiled-coil domain-containing protein 25,6,15.524235,15.532115,-0.00788,0.99455288981667,Down,0.983086165433104,0.991726334403377
Q15072,ZNF146,Zinc finger protein OZF,6,14.98158,14.9787,0.0028800000000011,1.00199825774129,Up,0.983173088668622,0.991726334403377
Q9H4A5,GOLPH3L,Golgi phosphoprotein 3-like,1,12.60279,12.59518,0.00760999999999967,1.00528878655912,Up,0.983869760931316,0.992277620936222
O75911,DHRS3,Short-chain dehydrogenase/reductase 3,4,11.701425,11.699235,0.00219000000000058,1.00151914505898,Up,0.984654116454111,0.992892385035944
P30153,PPP2R1A,Serine/threonine-protein phosphatase 2A 65 kDa regulatory subunit A alpha isoform,22,15.96171,15.96229,-0.00058,0.999598055436644,Down,0.984849964327104,0.992892385035944
Q96IW7,SEC22A,Vesicle-trafficking protein SEC22a,1,11.21563,11.20657,0.00906000000000162,1.00629967345442,Up,0.985340456131266,0.992892385035944
Q08945,SSRP1,FACT complex subunit SSRP1,25,16.58279,16.58373,-0.00094,0.999348653868322,Down,0.985363479095722,0.992892385035944
Q9H6P5,TASP1,Threonine aspartase 1,2,10.4709235,10.4573395,0.0135840000000016,1.00946017856444,Up,0.985366570377466,0.992892385035944
Q96HH9,GRAMD2B,GRAM domain-containing protein 2B,3,10.816895,10.813175,0.00372000000000128,1.00258183472131,Up,0.985380716212855,0.992892385035944
P27695,APEX1,DNA repair nuclease/redox regulator APEX1,17,16.7932,16.795265,-0.002065,0.998569674963446,Down,0.986074287155507,0.993439781068712
Q96C01,FAM136A,Protein FAM136A,5,12.96379,12.95916,0.0046299999999988,1.00321442667096,Up,0.98646047502038,0.993600891264336
P42025,ACTR1B,Beta-centractin,3,12.58329,12.577635,0.00565499999999908,1.00392743956282,Up,0.986541864083604,0.993600891264336
Q9P0T7,TMEM9,Proton-transporting V-type ATPase complex assembly regulator TMEM9,1,11.503505,11.50836,-0.004855,0.996640426476982,Down,0.986685224597948,0.993600891264336
Q9BUR4,WRAP53,Telomerase Cajal body protein 1,3,12.84255,12.84035,0.00219999999999843,1.00152608708476,Up,0.987392825026462,0.994161971450318
P57678,GEMIN4,Gem-associated protein 4,30,15.9446,15.94366,0.000939999999999941,1.00065177065998,Up,0.987918658689951,0.994539895701734
Q9NPC7,MYNN,Myoneurin,6,13.314285,13.317925,-0.00364,0.997480124492694,Down,0.988339534359406,0.994812059485428
Q9NVS2,MRPS18A,Large ribosomal subunit protein mL66,3,10.277615,10.279495,-0.00188,0.998697731988427,Down,0.988661180464065,0.994984276181971
O76024,WFS1,Wolframin,6,11.770675,11.772645,-0.00197,0.998635431925143,Down,0.989082806728541,0.995257044712078
Q8IV76,PASD1,Circadian clock protein PASD1,11,12.660155,12.664395,-0.00424,0.997065370422782,Down,0.989299325340594,0.995323373599632
P24390,KDELR1,ER lumen protein-retaining receptor 1,1,11.246145,11.252155,-0.00601,0.995842850413895,Down,0.989530860680993,0.995330955762772
P39656,DDOST,Dolichyl-diphosphooligosaccharide--protein glycosyltransferase 48 kDa subunit,11,16.192475,16.191765,0.000710000000001543,1.00049225561625,Up,0.989608066321255,0.995330955762772
O75477,ERLIN1,Erlin-1,3,15.37058,15.36742,0.00316000000000116,1.00219274564874,Up,0.989801875987701,0.995374406330298
Q9Y679,AUP1,Lipid droplet-regulating VLDL assembly factor AUP1,6,11.96507,11.960195,0.00487500000000018,1.00338480807431,Up,0.990508194974407,0.995858002028134
Q08AD1,CAMSAP2,Calmodulin-regulated spectrin-associated protein 2,6,11.139525,11.142715,-0.00319,0.997791303262206,Down,0.990584128511568,0.995858002028134
Q8IZ83,ALDH16A1,Aldehyde dehydrogenase family 16 member A1,16,15.00705,15.006715,0.000334999999999752,1.00023223126699,Up,0.991099584062247,0.996027854042945
Q15797,SMAD1,Mothers against decapentaplegic homolog 1,2,10.77097,10.7644,0.00656999999999996,1.00456436208796,Up,0.991335225512875,0.996027854042945
Q14320,FAM50A,Protein FAM50A,10,14.240225,14.239445,0.000779999999998893,1.00054080098099,Up,0.991337965520427,0.996027854042945
Q8N954,GPATCH11,G patch domain-containing protein 11,6,12.74166,12.74475,-0.00309,0.997860467282085,Down,0.99135591222492,0.996027854042945
O75665,OFD1,Centriole and centriolar satellite protein OFD1,2,12.376,12.38176,-0.00576,0.996015431782511,Down,0.991955429003544,0.996478709573556
Q96K62,ZBTB45,Zinc finger and BTB domain-containing protein 45,5,12.28771,12.286145,0.00156499999999937,1.00108536391915,Up,0.992309787939028,0.996546238350699
P37235,HPCAL1,Hippocalcin-like protein 1,7,13.11336,13.11093,0.00243000000000038,1.00168576695902,Up,0.992324223723097,0.996546238350699
Q9Y496,KIF3A,Kinesin-like protein KIF3A,4,12.50454,12.495605,0.00893499999999925,1.00621248800881,Up,0.992502221833932,0.996566968660086
O60613,SELENOF,Selenoprotein F,3,11.71803,11.7215,-0.00347,0.997597669509131,Down,0.992646444952239,0.996566968660086
Q6DCA0,AMMECR1L,AMMECR1-like protein,6,12.03475,12.03604,-0.00129,0.999106239778884,Down,0.992850893540853,0.996581230727979
P06753,TPM3,Tropomyosin alpha-3 chain,7,17.034995,17.036965,-0.00197,0.998635431925143,Down,0.992962233975449,0.996581230727979
Q9UJX2,CDC23,Cell division cycle protein 23 homolog,23,14.859825,14.858935,0.000890000000001834,1.00061709131325,Up,0.993190388316999,0.996658863708935
P08708,RPS17,Small ribosomal subunit protein eS17,6,14.615225,14.615965,-0.00074,0.999487202611932,Down,0.993799442216367,0.997093285248399
Q9UDW3,ZMAT5,Zinc finger matrin-type protein 5,5,11.69882,11.69764,0.00118000000000151,1.00081824825566,Up,0.993953981784324,0.997093285248399
Q13445,TMED1,Transmembrane emp24 domain-containing protein 1,3,11.102785,11.101655,0.00112999999999985,1.00078356313936,Up,0.994184136887192,0.997093285248399
O95363,FARS2,"Phenylalanine--tRNA ligase, mitochondrial",8,13.54782,13.548645,-0.000825,0.999428317049042,Down,0.994226774063693,0.997093285248399
Q8TF74,WIPF2,WAS/WASL-interacting protein family member 2,7,12.14166,12.143655,-0.001995,0.998618127041728,Down,0.994620025250801,0.99733632937074
Q93063,EXT2,Exostosin-2,1,9.931567,9.927612,0.00395500000000126,1.00274515816422,Up,0.994914086192373,0.997479853708342
O95985,TOP3B,DNA topoisomerase 3-beta-1,10,12.468695,12.46744,0.00125500000000045,1.00087027818409,Up,0.995155918263868,0.997570978887593
Q9UHY8,FEZ2,Fasciculation and elongation protein zeta-2,1,10.46846,10.47113,-0.00267,0.998151008522665,Down,0.995816241385699,0.998080472113567
Q15018,ABRAXAS2,BRISC complex subunit Abraxas 2,2,9.9568085,9.9534625,0.00334600000000052,1.00232196205434,Up,0.995966214796334,0.998080472113567
O95863,SNAI1,Zinc finger protein SNAI1,2,11.675265,11.678495,-0.00323,0.99776363899657,Down,0.996337740972819,0.998301414507181
Q99575,POP1,Ribonucleases P/MRP protein subunit POP1,35,15.90136,15.90149,-0.00013,0.999909894926234,Down,0.996858898341374,0.998672193290608
Q8IXQ5,KLHL7,Kelch-like protein 7,16,13.39306,13.392715,0.000344999999999374,1.00023916437253,Up,0.997888966131348,0.999441504703878
P33947,KDELR2,ER lumen protein-retaining receptor 2,4,12.045945,12.04738,-0.001435,0.999005828312352,Down,0.997992232902972,0.999441504703878
Q5TZA2,CROCC,Rootletin,2,15.63905,15.637155,0.00189500000000109,1.00131437694438,Up,0.998080485859524,0.999441504703878
P78537,BLOC1S1,Biogenesis of lysosome-related organelles complex 1 subunit 1,3,10.92349,10.9242,-0.00071,0.999507986580122,Down,0.998298532074269,0.999508407586554
P02686,MBP,Myelin basic protein,1,10.55954,10.558355,0.00118499999999955,1.00082171683341,Up,0.998482147171067,0.999540822577034
O00750,PIK3C2B,Phosphatidylinositol 4-phosphate 3-kinase C2 domain-containing subunit beta,4,12.170645,12.171065,-0.00042,0.999708920556009,Down,0.99871438461413,0.999606093392997
Q6ZNC8,MBOAT1,Lysophospholipid acyltransferase 1,1,10.145936,10.1449355,0.00100049999999996,1.00069373427654,Up,0.998975874249393,0.999606093392997
P52434,POLR2H,"DNA-directed RNA polymerases I, II, and III subunit RPABC3",5,14.40842,14.40805,0.000370000000000203,1.00025649734663,Up,0.999001096513957,0.999606093392997
P58511,SMIM11,Small integral membrane protein 11,2,10.50561,10.50584,-0.00023,0.999840588855779,Down,0.999232911759934,0.999639751075546
Q8TAD4,SLC30A5,Proton-coupled zinc antiporter SLC30A5,1,8.718937,8.7195565,-0.0006195,0.999570687502638,Down,0.999337242450618,0.999639751075546
Q9H4B6,SAV1,Protein salvador homolog 1,1,10.462065,10.46231,-0.000245,0.999830193359543,Down,0.999559515816063,0.999654576384348
Q86X95,CIR1,Corepressor interacting with RBPJ 1,3,12.50149,12.501405,8.50000000003348e-05,1.00005891924602,Up,0.999654576384348,0.999654576384348
